P_E_base,P_E_patch_A,P_E_patch_C,P_O_base,P_O_patch_A,P_O_patch_C,P_rest_base,P_rest_patch_A,P_rest_patch_C,active_latent_count,active_latent_frac,aligned_spans,all_arms_success,analysis_included,base_margin,base_pred,clt_delta_cosine_raw_C,clt_delta_cosine_raw_D,clt_delta_norm_C,clt_delta_norm_D,clt_delta_norm_ratio_C,clt_delta_norm_ratio_D,dPE_A,dPE_C,dPO_A,dPO_C,dPrest_A,dPrest_C,d_BA,d_CA,d_CA_logPE,d_CA_logPO,d_CCp,d_DA,d_DDp,decomp_exp_delta_logit_target_mean_A,decomp_exp_delta_logit_target_mean_C,decomp_exp_delta_logprob_target_mean_A,decomp_exp_delta_logprob_target_mean_C,decomp_exp_delta_logz_mean_A,decomp_exp_delta_logz_mean_C,decomp_exp_kl_base_to_patch_mean_A,decomp_exp_kl_base_to_patch_mean_C,decomp_exp_rms_logit_change_mean_A,decomp_exp_rms_logit_change_mean_C,decomp_other_delta_logit_target_mean_A,decomp_other_delta_logit_target_mean_C,decomp_other_delta_logprob_target_mean_A,decomp_other_delta_logprob_target_mean_C,decomp_other_delta_logz_mean_A,decomp_other_delta_logz_mean_C,decomp_other_kl_base_to_patch_mean_A,decomp_other_kl_base_to_patch_mean_C,decomp_other_rms_logit_change_mean_A,decomp_other_rms_logit_change_mean_C,delta_score_exp_A,delta_score_exp_B,delta_score_exp_C,delta_score_exp_CI,delta_score_exp_Cp,delta_score_exp_D,delta_score_exp_Dp,delta_score_exp_RI,delta_score_other_A,delta_score_other_B,delta_score_other_C,delta_score_other_CI,delta_score_other_Cp,delta_score_other_D,delta_score_other_Dp,delta_score_other_RI,direction,dlogPE_A,dlogPE_C,dlogPO_A,dlogPO_C,donor_expected_label,donor_span_len,effect_A,effect_B,effect_C,effect_CI,effect_Cp,effect_D,effect_Dp,effect_RI,error_A,error_B,error_C,error_CI,error_Cp,error_D,error_Dp,error_RI,fidelity_cosine,fidelity_rel_l2,fidelity_rel_mse,fidelity_rel_mse_warn,gate_activation_pass,gate_activation_ratio,gate_clt_effect_abs_diff_C,gate_clt_effect_abs_diff_D,gate_clt_equiv_pass,gate_identity_abs_effect_clt,gate_identity_abs_effect_raw,gate_identity_pass,gate_margin_abs_diff,gate_margin_pass,gate_score_abs_diff_exp,gate_score_abs_diff_other,gate_score_pass,invariant_all_pass,layer,other_label,pair_id,primary_base_logodds_residual,primary_cancellation_pass,primary_cancellation_pass_flag,primary_candidate_count_equal,primary_candidate_count_expected,primary_candidate_count_other,primary_delta_m_from_logodds_A,primary_delta_m_from_logodds_C,primary_delta_m_residual_A,primary_delta_m_residual_C,primary_expected_all_single,primary_labels_binary,primary_logodds_applicable,primary_logodds_applicable_flag,primary_logodds_reason,primary_no_duplicates_expected,primary_no_duplicates_other,primary_other_all_single,primary_same_scored_position,primary_static_applicable,primary_token_sets_disjoint,raw_delta_norm,raw_delta_norm_small,receiver_expected_label,receiver_span_len,recon_norm_ratio,sign_agree_BA,sign_agree_CA,sign_agree_CCp,sign_agree_DA,sign_agree_DDp,success_A,success_B,success_C,success_CI,success_Cp,success_D,success_Dp,success_RI,target,target_occurrence
0.00012651077040222043,0.00016887263642815015,0.0001871099105221121,0.02029650243816076,0.01886030358313608,0.021664081724098512,0.979576986791437,0.9809708237804358,0.9781488083653794,45,0.00274658203125,True,True,True,-5.077876410436182,river,0.44973353671677513,0.44973353671677513,22.13026581870905,22.13026581870905,0.5896355883528802,0.5896355883528802,4.236186602592972e-05,6.0599140119891676e-05,-0.0014361988550246792,0.0013675792859377534,0.0013938369889987534,-0.0014281784260575803,0.0,-0.036044894528098226,0.10255140079783587,0.1385962953259341,0.0,-0.036044894528098226,0.0,-0.415472464218575,0.11592122313894393,0.4430023457313901,0.39422471620275346,-0.8584748099499375,-0.2783034930637953,0.012563714256880625,0.015091894763127315,0.4812023800146118,0.2083720455473166,-0.8757973846745877,-0.08117248179413394,-0.01732257472462262,0.19713101126967647,-0.8584748099499375,-0.2783034930637953,0.012563714256880625,0.015091894763127315,0.4812023800146118,0.2083720455473166,0.2888173541353396,0.2888173541353396,0.39136875493317547,-7.90989407306597e-08,0.39136875493317547,0.39136875493317547,0.39136875493317547,0.0,-0.0733892037742434,-0.0733892037742434,0.06520709155169069,-1.0609828873242577e-06,0.06520709155169069,0.06520709155169069,0.06520709155169069,0.0,a_to_b,0.2888173541353396,0.39136875493317547,-0.0733892037742434,0.06520709155169069,finance,1,0.362206557909583,0.362206557909583,0.3261616633814848,9.81883946593598e-07,0.3261616633814848,0.3261616633814848,0.3261616633814848,0.0,,,,,,,,,0.8749515201746575,0.48606965170352207,0.23626370630718935,True,True,0.0,0.0,0.0,True,9.81883946593598e-07,0.0,True,0.0,True,0.0,0.0,True,True,4,river,bank-lex-0,8.881784197001252e-16,True,1.0,True,3,3,0.362206557909583,0.3261616633814848,0.0,0.0,True,True,True,1.0,ok,True,True,True,True,True,True,37.532106704293284,False,river,1,0.8324795416107285,1.0,1.0,1.0,1.0,1.0,True,True,True,True,True,True,True,True,bank,0
0.00012651077040222043,0.00015057662476122607,0.00016059951595263507,0.02029650243816076,0.024162845533578847,0.02297381825536456,0.979576986791437,0.9756865778416599,0.9768655822286828,75,0.00457763671875,True,True,True,-5.077876410436182,river,0.5244842914287687,0.5244842914287687,27.751662494291207,27.751662494291207,0.736309633269901,0.736309633269901,2.406585435900564e-05,3.4088745550414634e-05,0.003866343095418088,0.0026773158172038007,-0.003890408949777102,-0.002711404562754205,0.0,0.11490261229507404,0.06444169826460566,-0.05046091403046793,0.0,0.11490261229507404,0.0,0.8333913549714831,0.8042103579152133,0.31615246348598625,0.5168869655008272,0.5172388914855013,0.2873233924143932,0.0274567877051842,0.015097343105285262,0.5472294553961448,0.3428401608542495,0.639080203182397,0.2500591958357816,0.12184131169690193,-0.03726419657860358,0.5172388914855013,0.2873233924143932,0.0274567877051842,0.015097343105285262,0.5472294553961448,0.3428401608542495,0.17414464318718714,0.17414464318718714,0.2385863414517928,-1.0529269296455368e-06,0.2385863414517928,0.2385863414517928,0.2385863414517928,0.0,0.17436756732216363,0.17436756732216363,0.12390665329169526,-5.487985559327058e-07,0.12390665329169526,0.12390665329169526,0.12390665329169526,0.0,a_to_b,0.17414464318718714,0.2385863414517928,0.17436756732216319,0.12390665329169526,finance,1,-0.00022292413497648766,-0.00022292413497648766,0.11467968816009755,-5.04128373712831e-07,0.11467968816009755,0.11467968816009755,0.11467968816009755,0.0,,,,,,,,,0.8188394940210708,0.5742651082509868,0.3297804145545246,True,True,0.0,0.0,0.0,True,5.04128373712831e-07,0.0,True,0.0,True,0.0,0.0,True,True,8,river,bank-lex-0,8.881784197001252e-16,True,1.0,True,3,3,-0.00022292413497604358,0.11467968816009755,-4.440892098500626e-16,0.0,True,True,True,1.0,ok,True,True,True,True,True,True,37.690207000345715,False,river,1,0.835528757731892,1.0,0.0,1.0,0.0,1.0,True,True,True,True,True,True,True,True,bank,0
0.00012651077040222043,0.00013576502712692715,0.00011894476879667764,0.02029650243816076,0.022085117622957395,0.019368705609361325,0.979576986791437,0.9777791173499156,0.980512349621842,168,0.01025390625,True,True,True,-5.077876410436182,river,0.6475564584934324,0.6475564584934324,43.45405849807938,43.45405849807938,0.8380090811771991,0.8380090811771991,9.254256724706723e-06,-7.566001605542795e-06,0.0017886151847966367,-0.0009277968287994334,-0.0017978694415213825,0.0009353628304049622,0.0,-0.0010210718705838673,-0.13226639214328983,-0.13124532027270552,0.0,-0.0010210718705838673,0.0,0.46460871958753724,0.45474874143825694,0.1140285215053467,0.12106069626325855,0.3505801980822092,0.3336880451749913,0.02074317141381052,0.008706948100771465,0.4355779667722574,0.42695784240632495,0.36150933809973296,0.31792998876459144,0.010929140017543304,-0.015758056410406063,0.3505801980822092,0.3336880451749913,0.02074317141381052,0.008706948100771465,0.4355779667722574,0.42695784240632495,0.0705982036924091,0.0705982036924091,-0.061668188450880734,9.788045751690788e-08,-0.061668188450880734,-0.061668188450880734,-0.061668188450880734,0.0,0.08445539343813291,0.08445539343813291,-0.04678992683457306,-5.773264835085001e-07,-0.04678992683457306,-0.04678992683457306,-0.04678992683457306,0.0,a_to_b,0.0705982036924091,-0.061668188450880734,0.08445539343813291,-0.046789926834572615,finance,1,-0.013857189745723808,-0.013857189745723808,-0.014878261616307675,6.75206941025408e-07,-0.014878261616307675,-0.014878261616307675,-0.014878261616307675,0.0,,,,,,,,,0.9080664223778704,0.419218192332528,0.17574389278255498,True,True,0.0,0.0,0.0,True,6.75206941025408e-07,0.0,True,0.0,True,0.0,0.0,True,True,12,river,bank-lex-0,8.881784197001252e-16,True,1.0,True,3,3,-0.013857189745723808,-0.01487826161630812,0.0,4.440892098500626e-16,True,True,True,1.0,ok,True,True,True,True,True,True,51.85392315443287,False,river,1,0.8899412952693464,1.0,1.0,1.0,1.0,1.0,True,True,True,True,True,True,True,True,bank,0
9.610657421257307e-05,0.00011275594267790308,5.0943271947412116e-05,0.0002975313838300748,0.0002285929671805847,0.0002117189764777075,0.9996063620419574,0.9996586510901415,0.9997373377515748,48,0.0029296875,True,True,True,-1.130061987530798,finance,0.44973353671677513,0.44973353671677513,22.13026581870905,22.13026581870905,0.5896355883528802,0.5896355883528802,1.6649368465330007e-05,-4.5163302265160954e-05,-6.893841664949008e-05,-8.581240735236728e-05,5.228904818410651e-05,0.00013097570961739802,0.0,-0.7178298112946404,-0.7945129847849479,-0.07668317349030751,0.0,-0.7178298112946404,0.0,0.34912484362591734,-0.4379739178179598,0.10453212588794614,-0.6742912965478656,0.24459271773801206,0.23631737872995373,0.03251095894163555,0.030050048398674315,0.5429636789731371,0.4609745947561469,0.13750136204478558,0.1734730913130189,-0.10709135569318562,-0.06284428741688686,0.24459271773801206,0.23631737872995373,0.03251095894163555,0.030050048398674315,0.5429636789731371,0.4609745947561469,0.15976795991466375,0.15976795991466375,-0.6347450248702842,-8.97715050740544e-07,-0.6347450248702842,-0.6347450248702842,-0.6347450248702842,0.0,-0.26357672513949026,-0.26357672513949026,-0.3402598986297978,-3.9293436771004053e-07,-0.3402598986297978,-0.3402598986297978,-0.3402598986297978,0.0,b_to_a,0.15976795991466375,-0.6347450248702842,-0.26357672513949026,-0.3402598986297978,river,1,0.423344685054154,0.423344685054154,-0.2944851262404864,-5.047806830305035e-07,-0.2944851262404864,-0.2944851262404864,-0.2944851262404864,0.0,,,,,,,,,0.8877547526933897,0.46148394084967925,0.21296742766215573,True,True,0.0,0.0,0.0,True,5.047806830305035e-07,0.0,True,0.0,True,0.0,0.0,True,True,4,finance,bank-lex-0,0.0,True,1.0,True,3,3,0.423344685054154,-0.2944851262404864,0.0,0.0,True,True,True,1.0,ok,True,True,True,True,True,True,37.532106704293284,False,finance,1,0.8549534022355427,1.0,0.0,1.0,0.0,1.0,True,True,True,True,True,True,True,True,bank,0
9.610657421257307e-05,0.00010605484173886013,0.00012000872754933947,0.0002975313838300748,0.0002110080139600635,0.00025687063201622833,0.9996063620419574,0.9996829371443011,0.9996231206404345,56,0.00341796875,True,True,True,-1.130061987530798,finance,0.5244842914287687,0.5244842914287687,27.751662494291207,27.751662494291207,0.736309633269901,0.736309633269901,9.94826752628706e-06,2.3902153336766396e-05,-8.65233698700113e-05,-4.0660751813846455e-05,7.657510234371223e-05,1.67585984770513e-05,0.0,-0.07306833268086521,0.12360813450047914,0.19667646718134435,0.0,-0.07306833268086521,0.0,0.4474531164202187,0.9606112069998218,0.07151792319825034,0.5101020325210364,0.37593519322198077,0.4505091744787819,0.03825781883327272,0.008158062330975893,0.42500190108259855,0.3615270836774602,-0.02549609195207303,-0.07407680840695186,-0.40143128517404136,-0.5245859828857373,0.37593519322198077,0.4505091744787819,0.03825781883327272,0.008158062330975893,0.42500190108259855,0.3615270836774602,0.09849861145792005,0.09849861145792005,0.2221067459583992,-2.3542695970490968e-07,0.2221067459583992,0.2221067459583992,0.2221067459583992,0.0,-0.34362359767941264,-0.34362359767941264,-0.1469471304980683,2.708929258687931e-08,-0.1469471304980683,-0.1469471304980683,-0.1469471304980683,0.0,b_to_a,0.09849861145792005,0.2221067459583992,-0.34362359767941264,-0.1469471304980683,river,1,0.4421222091373327,0.4421222091373327,0.3690538764564675,-2.62516252291789e-07,0.3690538764564675,0.3690538764564675,0.3690538764564675,0.0,,,,,,,,,0.8116084153625696,0.584375347829448,0.34149454715079613,True,True,0.0,0.0,0.0,True,2.62516252291789e-07,0.0,True,0.0,True,0.0,0.0,True,True,8,finance,bank-lex-0,0.0,True,1.0,True,3,3,0.4421222091373327,0.3690538764564675,0.0,0.0,True,True,True,1.0,ok,True,True,True,True,True,True,37.690207000345715,False,finance,1,0.7973687862193048,1.0,1.0,1.0,1.0,1.0,True,True,True,True,True,True,True,True,bank,0
9.610657421257307e-05,8.928256524971503e-05,7.838113072806708e-05,0.0002975313838300748,0.00020191958154234317,0.00020424375898154618,0.9996063620419574,0.9997087978532079,0.9997173751102904,140,0.008544921875,True,True,True,-1.130061987530798,finance,0.6475564584934324,0.6475564584934324,43.45405849807938,43.45405849807938,0.8380090811771991,0.8380090811771991,-6.824008962858045e-06,-1.7725443484505992e-05,-9.561180228773161e-05,-9.328762484852861e-05,0.00010243581125046752,0.00011101306833294355,0.0,-0.14166768249043749,-0.13022301195645802,0.011444670533979462,0.0,-0.14166768249043749,0.0,0.6304563550377278,0.12277977077940605,0.006768157775763228,-0.04508402927335098,0.6236881972619628,0.16786380005274282,0.07439695280172179,0.03957673409757963,0.46755538594331075,0.4125410159435718,0.3242941024320043,-0.4549494557701266,-0.29939409482996027,-0.6228132558228836,0.6236881972619628,0.16786380005274282,0.07439695280172179,0.03957673409757963,0.46755538594331075,0.4125410159435718,-0.07365149290088446,-0.07365149290088446,-0.2038745048573425,7.28473175115596e-08,-0.2038745048573425,-0.2038745048573425,-0.2038745048573425,0.0,-0.3876502043302139,-0.3876502043302139,-0.37620553379623445,6.570528974236822e-07,-0.37620553379623445,-0.37620553379623445,-0.37620553379623445,0.0,b_to_a,-0.07365149290088446,-0.2038745048573425,-0.3876502043302139,-0.37620553379623445,river,1,0.31399871142932945,0.31399871142932945,0.17233102893889196,-5.842055799121226e-07,0.17233102893889196,0.17233102893889196,0.17233102893889196,0.0,,,,,,,,,0.8984205590692625,0.4394333267568426,0.1931016486645894,True,True,0.0,0.0,0.0,True,5.842055799121226e-07,0.0,True,0.0,True,0.0,0.0,True,True,12,finance,bank-lex-0,0.0,True,1.0,True,3,3,0.31399871142932945,0.17233102893889196,0.0,0.0,True,True,True,1.0,ok,True,True,True,True,True,True,51.85392315443287,False,finance,1,0.882260434598319,1.0,1.0,1.0,1.0,1.0,True,True,True,True,True,True,True,True,bank,0
5.72616081713478e-05,9.984855025522803e-05,7.445030385693589e-05,0.06858800675277658,0.08627693723348275,0.062147727872611094,0.9313547316390521,0.913623214216262,0.937777821823532,51,0.00311279296875,True,True,True,-7.0882425850538855,river,0.4563828189419448,0.45638281894194477,21.020444861540494,21.02044486154049,0.573990678361662,0.5739906783616618,4.258694208388023e-05,1.7188695685588088e-05,0.01768893048070616,-0.00644027888016549,-0.01773151742279011,0.0064230901844798405,0.0,0.03452536432805253,-0.2935227000524172,-0.3280480643804693,0.0,0.03452536432805253,0.0,0.9519707196706539,1.0013710122007042,1.0471667532620206,0.8258796684873371,-0.09519603359139595,0.17549134371333963,0.04116297026641395,0.010130929781959987,0.39286008150383017,0.2086803094035542,0.46397549860394705,0.14349233536441552,0.5591715321953128,-0.03199900834895075,-0.09519603359139595,0.17549134371333963,0.04116297026641395,0.010130929781959987,0.39286008150383017,0.2086803094035542,0.5560241558308103,0.5560241558308103,0.2625014557783931,-2.4196374130980303e-06,0.2625014557783931,0.2625014557783931,0.2625014557783931,0.0,0.22944463213078325,0.22944463213078325,-0.09860343224968648,-1.2614120921128347e-06,-0.09860343224968648,-0.09860343224968648,-0.09860343224968648,0.0,a_to_b,0.5560241558308103,0.2625014557783931,0.22944463213078325,-0.09860343224968604,finance,1,0.3265795237000271,0.3265795237000271,0.3611048880280796,-1.1582253209851956e-06,0.3611048880280796,0.3611048880280796,0.3611048880280796,0.0,,,,,,,,,0.8958038558253456,0.44567572153942725,0.19862684876969408,True,True,0.0,0.0,0.0,True,1.1582253209851956e-06,0.0,True,0.0,True,0.0,0.0,True,True,4,river,bank-lex-1,0.0,True,1.0,True,3,3,0.3265795237000271,0.36110488802807916,0.0,4.440892098500626e-16,True,True,True,1.0,ok,True,True,True,True,True,True,36.62157880601654,False,river,1,0.8627675594037857,1.0,1.0,1.0,1.0,1.0,True,True,True,True,True,True,True,True,bank,0
5.72616081713478e-05,0.00010877395658537139,6.197410111620318e-05,0.06858800675277658,0.10630467155233198,0.09274333601032825,0.9313547316390521,0.8935865544910826,0.9071946898885556,53,0.00323486328125,True,True,True,-7.0882425850538855,river,0.4093975345975021,0.4093975345975021,18.905293022904218,18.905293022904218,0.5217420538162897,0.5217420538162897,5.151234841402359e-05,4.712492944855377e-06,0.03771666479955539,0.024155329257551664,-0.03776817714796954,-0.024160041750496575,0.0,-0.42608198101496786,-0.5625553623066768,-0.13647338129170894,0.0,-0.42608198101496786,0.0,1.2356210659959714,0.5377812378694431,1.2752573593333452,0.3896973475834482,-0.03963629333735952,0.1480838902859709,0.10696342540722407,0.039581297849647895,0.45277187873375635,0.3094148408537251,0.7651341955780726,0.6836423990195719,0.8047704889154463,0.5355585087335779,-0.03963629333735952,0.1480838902859709,0.10696342540722407,0.039581297849647895,0.45277187873375635,0.3094148408537251,0.641641551449565,0.641641551449565,0.07908618914288823,-7.899473271066881e-07,0.07908618914288823,0.07908618914288823,0.07908618914288823,0.0,0.438191540481947,0.438191540481947,0.30171815919023803,-9.895636567947008e-07,0.30171815919023803,0.30171815919023803,0.30171815919023803,0.0,a_to_b,0.641641551449565,0.07908618914288823,0.43819154048194786,0.3017181591902389,finance,1,0.20345001096761806,0.20345001096761806,-0.2226319700473498,1.9961632968801268e-07,-0.2226319700473498,-0.2226319700473498,-0.2226319700473498,0.0,,,,,,,,,0.8278625833982917,0.5611255156999131,0.3148618443695013,True,True,0.0,0.0,0.0,True,1.9961632968801268e-07,0.0,True,0.0,True,0.0,0.0,True,True,8,river,bank-lex-1,0.0,True,1.0,True,3,3,0.20345001096761717,-0.2226319700473507,8.881784197001252e-16,8.881784197001252e-16,True,True,True,1.0,ok,True,True,True,True,True,True,36.23494193082804,False,river,1,0.8130875585118292,1.0,0.0,1.0,0.0,1.0,True,True,True,True,True,True,True,True,bank,0
5.72616081713478e-05,6.26735962022485e-05,4.737987567686588e-05,0.06858800675277658,0.06707171369024141,0.0605829719042736,0.9313547316390521,0.9328656127135563,0.9393696482200495,151,0.00921630859375,True,True,True,-7.0882425850538855,river,0.6306547343222985,0.6306547343222986,37.79764805554588,37.79764805554587,0.8221817430112263,0.822181743011226,5.411988030900699e-06,-9.881732494481922e-06,-0.0015162930625351734,-0.008005034848502984,0.0015108810745041446,0.0080149165809974,0.0,-0.1779941323292924,-0.27974267097492067,-0.10174853864562783,0.0,-0.1779941323292924,0.0,-0.3377064392740907,-1.3511009135578966,0.12688660824158404,-0.7442065833021534,-0.46459304751569164,-0.6068943302557415,0.0153425331661519,0.03133506390599831,0.3906404672802787,0.38160630529461853,-0.3104125565238949,-0.9088400437878654,0.1541804909917781,-0.3019457135321222,-0.46459304751569164,-0.6068943302557415,0.0153425331661519,0.03133506390599831,0.3906404672802787,0.38160630529461853,0.0903098610449824,0.0903098610449824,-0.18943280992993827,6.432458281580011e-07,-0.18943280992993827,-0.18943280992993827,-0.18943280992993827,0.0,-0.0223552902141142,-0.0223552902141142,-0.12410382885974247,-6.320147383220842e-07,-0.12410382885974247,-0.12410382885974247,-0.12410382885974247,0.0,a_to_b,0.0903098610449824,-0.18943280992993827,-0.0223552902141142,-0.12410382885974203,finance,1,0.1126651512590966,0.1126651512590966,-0.0653289810701958,1.2752605664800853e-06,-0.0653289810701958,-0.0653289810701958,-0.0653289810701958,0.0,,,,,,,,,0.9021695835248515,0.4319210162973421,0.18655576431933174,True,True,0.0,0.0,0.0,True,1.2752605664800853e-06,0.0,True,0.0,True,0.0,0.0,True,True,12,river,bank-lex-1,0.0,True,1.0,True,3,3,0.1126651512590966,-0.06532898107019625,0.0,4.440892098500626e-16,True,True,True,1.0,ok,True,True,True,True,True,True,45.97237578775789,False,river,1,0.8805889960273859,1.0,0.0,1.0,0.0,1.0,True,True,True,True,True,True,True,True,bank,0
0.00025004116156419545,0.00020441272782097336,0.0003319024457104061,0.00473583225520427,0.002746043235940988,0.002084734829524918,0.9950141265832315,0.997049544036238,0.9975833627247648,53,0.00323486328125,True,True,True,-2.941287206283313,finance,0.4563828189419448,0.4563828189419448,21.020444861540494,21.020444861540494,0.573990678361662,0.573990678361662,-4.562843374322209e-05,8.186128414621065e-05,-0.0019897890192632816,-0.002651097425679352,0.002035417453006505,0.00256923614153326,0.0,0.7602193471475385,0.48469996194216236,-0.2755193852053761,0.0,0.7602193471475385,0.0,0.33273824698162,0.47521006961151,0.16635757789221195,0.2922537084611321,0.1663806690894063,0.18295636115036373,0.0713723330912116,0.13837919774429305,0.5334042997475154,0.3603064799239182,-0.3382698563299815,-0.6522096638085557,-0.5046505254193896,-0.8351660249589345,0.1663806690894063,0.18295636115036373,0.0713723330912116,0.13837919774429305,0.5334042997475154,0.3603064799239182,-0.20148442499257158,-0.20148442499257158,0.2832155369495908,2.782073753593295e-07,0.2832155369495908,0.2832155369495908,0.2832155369495908,0.0,-0.5449964255834017,-0.5449964255834017,-0.8205158107887778,7.234697108060573e-08,-0.8205158107887778,-0.8205158107887778,-0.8205158107887778,0.0,b_to_a,-0.20148442499257158,0.2832155369495908,-0.5449964255834017,-0.8205158107887778,river,1,0.3435120005908301,0.3435120005908301,1.1037313477383686,2.0586040427872376e-07,1.1037313477383686,1.1037313477383686,1.1037313477383686,0.0,,,,,,,,,0.9128983792282955,0.40851212409511156,0.16688215553270416,True,True,0.0,0.0,0.0,True,2.0586040427872376e-07,0.0,True,0.0,True,0.0,0.0,True,True,4,finance,bank-lex-1,8.881784197001252e-16,True,1.0,True,3,3,0.3435120005908301,1.1037313477383686,0.0,0.0,True,True,True,1.0,ok,True,True,True,True,True,True,36.62157880601654,False,finance,1,0.8966009459839117,1.0,1.0,1.0,1.0,1.0,True,True,True,True,True,True,True,True,bank,0
0.00025004116156419545,0.00021349183587773867,0.00018407245425132364,0.00473583225520427,0.0041976119273624555,0.00392833375310272,0.9950141265832315,0.9955888962367598,0.9958875937926459,60,0.003662109375,True,True,True,-2.941287206283313,finance,0.4093975345975021,0.4093975345975021,18.905293022904218,18.905293022904218,0.5217420538162897,0.5217420538162897,-3.6549325686456786e-05,-6.596870731287181e-05,-0.0005382203278418143,-0.0008074985021015498,0.0005747696535283175,0.0008734672094143914,0.0,-0.08196871900189429,-0.14826913928327912,-0.06630042028138483,0.0,-0.08196871900189429,0.0,0.1582229589714199,-0.8680703272091499,0.1563759232098807,-0.5323471563869617,0.001847035761556981,-0.33572317082221304,0.09771770408125828,0.03857009653590297,0.5516688739951245,0.2774602576233858,0.2529056545881385,-0.40330452870320244,0.2510586188265993,-0.06758135788101427,0.001847035761556981,-0.33572317082221304,0.09771770408125828,0.03857009653590297,0.5516688739951245,0.2774602576233858,-0.15802695807731837,-0.15802695807731837,-0.3062960973605975,2.4779721385925768e-08,-0.3062960973605975,-0.3062960973605975,-0.3062960973605975,0.0,-0.1206417030092668,-0.1206417030092668,-0.18694212329065163,8.372567092962413e-07,-0.18694212329065163,-0.18694212329065163,-0.18694212329065163,0.0,b_to_a,-0.15802695807731837,-0.3062960973605975,-0.12064170300926769,-0.18694212329065252,river,1,-0.03738525506805157,-0.03738525506805157,-0.11935397406994586,-8.124769879103155e-07,-0.11935397406994586,-0.11935397406994586,-0.11935397406994586,0.0,,,,,,,,,0.8149030183381459,0.5800883489173625,0.33650249254967984,True,True,0.0,0.0,0.0,True,8.124769879103155e-07,0.0,True,0.0,True,0.0,0.0,True,True,8,finance,bank-lex-1,8.881784197001252e-16,True,1.0,True,3,3,-0.03738525506805068,-0.11935397406994497,-8.881784197001252e-16,-8.881784197001252e-16,True,True,True,1.0,ok,True,True,True,True,True,True,36.23494193082804,False,finance,1,0.7910404567342232,1.0,1.0,1.0,1.0,1.0,True,True,True,True,True,True,True,True,bank,0
0.00025004116156419545,0.00019039510913294015,0.0001673608161463961,0.00473583225520427,0.0044201143826134515,0.005200923635126053,0.9950141265832315,0.9953894905082535,0.9946317155487275,155,0.00946044921875,True,True,True,-2.941287206283313,finance,0.6306547343222985,0.6306547343222985,37.79764805554588,37.79764805554588,0.8221817430112263,0.8221817430112263,-5.9646052431255306e-05,-8.268034541779936e-05,-0.00031571787259081826,0.0004650913799217832,0.00037536392502202087,-0.00038241103450398217,0.0,-0.29162003502388334,-0.12894937724392186,0.16267065777996326,0.0,-0.29162003502388334,0.0,0.7092244821114484,0.5913731996201292,0.16870622653586054,0.19592219242600173,0.5405182555755914,0.39545100719411863,0.35390964212730647,0.2661515086422696,0.6084996304322307,0.6358621653737039,0.9028418555918751,0.992276778176441,0.3623236000162864,0.5968257709823135,0.5405182555755914,0.39545100719411863,0.35390964212730647,0.2661515086422696,0.6084996304322307,0.6358621653737039,-0.272524115865977,-0.272524115865977,-0.4014734931098971,1.9248660620974078e-07,-0.4014734931098971,-0.4014734931098971,-0.4014734931098971,0.0,-0.06899190369339792,-0.06899190369339792,0.09367875408656534,1.2951369310343352e-07,0.09367875408656534,0.09367875408656534,0.09367875408656534,0.0,b_to_a,-0.27252411586597525,-0.4014734931098971,-0.06899190369339792,0.09367875408656534,river,1,-0.2035322121725791,-0.2035322121725791,-0.49515224719646245,6.297291310630726e-08,-0.49515224719646245,-0.49515224719646245,-0.49515224719646245,0.0,,,,,,,,,0.9045201315479282,0.4269224255131839,0.18226275740606285,True,True,0.0,0.0,0.0,True,6.297291310630726e-08,0.0,True,0.0,True,0.0,0.0,True,True,12,finance,bank-lex-1,8.881784197001252e-16,True,1.0,True,3,3,-0.20353221217257733,-0.49515224719646245,-1.7763568394002505e-15,0.0,True,True,True,1.0,ok,True,True,True,True,True,True,45.97237578775789,False,finance,1,0.884040244303505,1.0,1.0,1.0,1.0,1.0,True,True,True,True,True,True,True,True,bank,0
1.4953657351130398e-05,4.685109132008272e-06,1.4061518398479213e-05,0.0036503106719695025,0.003112808602432447,0.0033587823487943058,0.9963347356706793,0.9968825062884356,0.9966271561328073,53,0.00323486328125,True,True,True,-5.497611649773406,river,0.5199651023986124,0.5199651023986124,24.780818521252932,24.780818521252932,0.5574488040894087,0.5574488040894087,-1.0268548219122126e-05,-8.921389526511847e-07,-0.0005375020695370554,-0.00029152832317519677,0.000547770617756238,0.00029242046212796247,0.0,1.022999559566057,1.0990526654158916,0.07605310584983549,0.0,1.022999559566057,0.0,-1.5401455891228872,0.36425874158860605,-1.3418521979320914,-0.03826484849615319,-0.19829339119080558,0.40252359008475125,0.30014084647756734,0.028178981374795735,0.5517628629439673,0.2426000573726027,-1.0599105393512733,0.13236902317162524,-0.8616171481604784,-0.270154566913134,-0.19829339119080558,0.40252359008475125,0.30014084647756734,0.028178981374795735,0.5517628629439673,0.2426000573726027,-1.1605666994514774,-1.1605666994514774,-0.06151403403558575,2.2038334197560516e-06,-0.06151403403558575,-0.06151403403558575,-0.06151403403558575,0.0,-0.15928687332861724,-0.15928687332861724,-0.08323376747878264,5.248103240873547e-07,-0.08323376747878264,-0.08323376747878264,-0.08323376747878264,0.0,a_to_b,-1.1605666994514774,-0.06151403403558575,-0.15928687332861724,-0.08323376747878175,finance,1,-1.0012798261228602,-1.0012798261228602,0.021719733443196887,1.679023095668697e-06,0.021719733443196887,0.021719733443196887,0.021719733443196887,0.0,,,,,,,,,0.8945575003226395,0.4482641576187326,0.20094075500563688,True,True,0.0,0.0,0.0,True,1.679023095668697e-06,0.0,True,0.0,True,0.0,0.0,True,True,4,river,bank-lex-2,8.881784197001252e-16,True,1.0,True,3,3,-1.0012798261228602,0.021719733443196,0.0,8.881784197001252e-16,True,True,True,1.0,ok,True,True,True,True,True,True,44.45398095656935,False,river,1,0.8602956207897441,1.0,0.0,1.0,0.0,1.0,True,True,True,True,True,True,True,True,bank,0
1.4953657351130398e-05,1.8502802371686285e-06,5.354509293353564e-06,0.0036503106719695025,0.0018447207149994746,0.004070156371790077,0.9963347356706793,0.9981534290047633,0.9959244891189165,58,0.0035400390625,True,True,True,-5.497611649773406,river,0.5181743301274975,0.5181743301274975,36.85930552956055,36.85930552956055,0.6594691492373933,0.6594691492373933,-1.3103377113961769e-05,-9.599148057776835e-06,-0.001805589956970028,0.0004198456998205746,0.0018186933340840206,-0.0004102465517628051,0.0,0.27124843005045474,1.0626019573038814,0.7913535272534258,0.0,0.27124843005045474,0.0,-2.9933500166172466,-0.7961063385069007,-2.2592278169530715,-0.5182983950904045,-0.7341221996642204,-0.27780794341649795,0.7825832647905313,0.06482634205806671,0.9616701813297424,0.3944779506737319,-1.9719182434940024,-0.08661979077060167,-1.2377960438298272,0.1911881526458954,-0.7341221996642204,-0.27780794341649795,0.7825832647905313,0.06482634205806671,0.9616701813297424,0.3944779506737319,-2.0896188016201105,-2.0896188016201105,-1.027016844316229,6.023922072273535e-07,-1.027016844316229,-1.027016844316229,-1.027016844316229,0.0,-0.6824843875300868,-0.6824843875300868,0.10886913972333989,-3.4513287783255464e-07,0.10886913972333989,0.10886913972333989,0.10886913972333989,0.0,a_to_b,-2.0896188016201105,-1.027016844316229,-0.6824843875300868,0.108869139723339,finance,1,-1.4071344140900237,-1.4071344140900237,-1.135885984039569,9.475250850599082e-07,-1.135885984039569,-1.135885984039569,-1.135885984039569,0.0,,,,,,,,,0.8340105599276273,0.5524807401058323,0.30523496818789525,True,True,0.0,0.0,0.0,True,9.475250850599082e-07,0.0,True,0.0,True,0.0,0.0,True,True,8,river,bank-lex-2,8.881784197001252e-16,True,1.0,True,3,3,-1.4071344140900237,-1.135885984039568,0.0,-8.881784197001252e-16,True,True,True,1.0,ok,True,True,True,True,True,True,55.89238794898057,False,river,1,0.8055749790703594,1.0,1.0,1.0,1.0,1.0,True,True,True,True,True,True,True,True,bank,0
1.4953657351130398e-05,4.260801152331664e-06,1.7888673925440025e-06,0.0036503106719695025,0.0029363266555997585,0.001610289237120104,0.9963347356706793,0.9970594125432479,0.9983879218954873,158,0.0096435546875,True,True,True,-5.497611649773406,river,0.6917768955660272,0.6917768955660272,60.53571306828546,60.53571306828546,0.796761383194909,0.796761383194909,-1.0692856198798735e-05,-1.3164789958586395e-05,-0.0007139840163697441,-0.0020400214348493986,0.0007246768725686081,0.00205318622480799,0.0,-0.26712897849899875,-0.8678745285354079,-0.6007455500364101,0.0,-0.26712897849899875,0.0,-3.449127653298157,-3.391830180548157,-1.831781576009675,-2.566408327294356,-1.6173460772884987,-0.825421853253804,0.5654416876611235,0.8246240775939531,1.1891854033325637,1.0033934565233598,-2.232848446072648,-2.320823949160795,-0.6155023687841643,-1.495402095906993,-1.6173460772884987,-0.825421853253804,0.5654416876611235,0.8246240775939531,1.1891854033325637,1.0033934565233598,-1.2554987022619883,-1.2554987022619883,-2.1233732307973963,1.4823985914347304e-06,-2.1233732307973963,-2.1233732307973963,-2.1233732307973963,0.0,-0.21765291629761396,-0.21765291629761396,-0.8183984663340231,2.2913603014984574e-07,-0.8183984663340231,-0.8183984663340231,-0.8183984663340231,0.0,a_to_b,-1.2554987022619883,-2.1233732307973963,-0.21765291629761396,-0.818398466334024,finance,1,-1.0378457859643744,-1.0378457859643744,-1.3049747644633731,1.2532625612848847e-06,-1.3049747644633731,-1.3049747644633731,-1.3049747644633731,0.0,,,,,,,,,0.8924094750951274,0.45177992280064416,0.20410509864575913,True,True,0.0,0.0,0.0,True,1.2532625612848847e-06,0.0,True,0.0,True,0.0,0.0,True,True,12,river,bank-lex-2,8.881784197001252e-16,True,1.0,True,3,3,-1.0378457859643744,-1.3049747644633722,0.0,-8.881784197001252e-16,True,True,True,1.0,ok,True,True,True,True,True,True,75.97721770292777,False,river,1,0.8700539414329601,1.0,1.0,1.0,1.0,1.0,True,True,True,True,True,True,True,True,bank,0
0.0010428380774882412,0.001064870455176016,0.0007600066191784236,0.0002722211213373591,0.00034411049061950326,0.0001903493924538773,0.9986849408011743,0.9985910190542044,0.9990496439883677,63,0.00384521484375,True,True,True,1.3430865139259307,river,0.5199651023986124,0.5199651023986125,24.780818521252932,24.780818521252932,0.5574488040894087,0.5574488040894087,2.2032377687774673e-05,-0.0002828314583098176,7.188936928214415e-05,-8.187172888348183e-05,-9.392174696987166e-05,0.0003647031871933937,0.0,0.25482021864649607,-0.33728128972486004,-0.592101508371357,0.0,0.25482021864649607,0.0,-0.09729446557914301,-0.7284414808435358,-0.14214047634605897,-0.6842294037230818,0.04484601076691064,-0.04421207712045927,0.005302930424601697,0.028396594024470534,0.27308040867641353,0.47886771328662,0.35573280475106905,-0.5288278574131802,0.3108867939841531,-0.48461578029272623,0.04484601076691064,-0.04421207712045927,0.005302930424601697,0.028396594024470534,0.27308040867641353,0.47886771328662,0.02090723635914049,0.02090723635914049,-0.31637405336571867,7.328975293319218e-08,-0.31637405336571867,-0.31637405336571867,-0.31637405336571867,0.0,0.23434811733556948,0.23434811733556948,-0.35775339103578574,1.5189925175462804e-06,-0.35775339103578574,-0.35775339103578574,-0.35775339103578574,0.0,b_to_a,0.02090723635914138,-0.31637405336571867,0.23434811733557126,-0.35775339103578574,river,1,-0.213440880976429,-0.213440880976429,0.04137933767006707,-1.4457027646130882e-06,0.04137933767006707,0.04137933767006707,0.04137933767006707,0.0,,,,,,,,,0.8831054083455329,0.4697181566085881,0.22063514664777586,True,True,0.0,0.0,0.0,True,1.4457027646130882e-06,0.0,True,0.0,True,0.0,0.0,True,True,4,finance,bank-lex-2,0.0,True,1.0,True,3,3,-0.21344088097642988,0.04137933767006707,8.881784197001252e-16,0.0,True,True,True,1.0,ok,True,True,True,True,True,True,44.45398095656935,False,finance,1,0.8605153907070289,1.0,0.0,1.0,0.0,1.0,True,True,True,True,True,True,True,True,bank,0
0.0010428380774882412,0.0007902933159813711,0.0007137175689575104,0.0002722211213373591,0.000774404203042237,0.00039225800748900696,0.9986849408011743,0.9984353024809764,0.9988940244235535,63,0.00384521484375,True,True,True,1.3430865139259307,river,0.5181743301274975,0.5181743301274975,36.85930552956055,36.85930552956055,0.6594691492373933,0.6594691492373933,-0.0002525447615068701,-0.0003291205085307308,0.0005021830817048779,0.00012003688615164784,-0.0002496383201978647,0.00020908362237914702,0.0,0.5782573175729482,-0.10191684020356018,-0.6801741577765084,0.0,0.5782573175729482,0.0,-0.6153441637125603,-0.5775010695261269,-0.682072898786636,-0.678305952623175,0.06672873507408994,0.10080488309707292,0.018353985385921603,0.01648283638061017,0.3958882964886449,0.2875072084344298,1.3621520810770722,0.44225018336505073,1.2954233460029965,0.3414453002680027,0.06672873507408994,0.10080488309707292,0.018353985385921603,0.01648283638061017,0.3958882964886449,0.2875072084344298,-0.2772970334496385,-0.2772970334496385,-0.3792138736531978,-2.095717235306438e-07,-0.3792138736531978,-0.3792138736531978,-0.3792138736531978,0.0,1.0454792813023328,1.0454792813023328,0.36530512352582534,-4.4445578417651177e-07,0.36530512352582534,0.36530512352582534,0.36530512352582534,0.0,b_to_a,-0.27729703344963763,-0.3792138736531978,1.0454792813023337,0.36530512352582534,river,1,-1.3227763147519713,-1.3227763147519713,-0.7445189971790231,2.3488406064586798e-07,-0.7445189971790231,-0.7445189971790231,-0.7445189971790231,0.0,,,,,,,,,0.8059098086555119,0.5920733683241697,0.3505508734787362,True,True,0.0,0.0,0.0,True,2.3488406064586798e-07,0.0,True,0.0,True,0.0,0.0,True,True,8,finance,bank-lex-2,0.0,True,1.0,True,3,3,-1.3227763147519713,-0.7445189971790231,0.0,0.0,True,True,True,1.0,ok,True,True,True,True,True,True,55.89238794898057,False,finance,1,0.8123513275680001,1.0,1.0,1.0,1.0,1.0,True,True,True,True,True,True,True,True,bank,0
0.0010428380774882412,0.0009238961347159861,0.0010939593421317251,0.0002722211213373591,0.0011611091089620594,0.00042205388022656517,0.9986849408011743,0.997914994756322,0.9984839867776417,155,0.00946044921875,True,True,True,1.3430865139259307,river,0.6917768955660272,0.6917768955660272,60.53571306828546,60.53571306828546,0.796761383194909,0.796761383194909,-0.00011894194277225513,5.1121264643483886e-05,0.0008888879876247003,0.00014983275888920606,-0.0007699460448523654,-0.00020095402353259573,0.0,1.1809571324390484,0.16895916087053564,-1.0119979715685155,5.953626009969071e-07,1.1809571324390484,5.953626009969071e-07,-0.5231190341745187,-0.22410915832769795,-0.4826703194906532,-0.05107023921062748,-0.040448714683869014,-0.1730389191170616,0.025033464205437794,0.010075906954476728,0.38735495857936214,0.23785881615507692,1.7758863077021143,0.26502457206605534,1.8163350223859798,0.4380634911831258,-0.040448714683869014,-0.1730389191170616,0.025033464205437794,0.010075906954476728,0.38735495857936214,0.23785881615507692,-0.12110153904609966,-0.12110153904609966,0.04785762182443509,-1.1137485831369531e-06,0.047857261028191544,0.04785762182443509,0.047857261028191544,0.0,1.4505162735888213,1.4505162735888213,0.4385183020203076,-9.790580133284266e-07,0.43851853658666506,0.4385183020203076,0.43851853658666506,0.0,b_to_a,-0.12110153904609966,0.04785762182443598,1.4505162735888222,0.4385183020203067,river,1,-1.571617812634921,-1.571617812634921,-0.3906606801958725,-1.3469056980852656e-07,-0.3906612755584735,-0.3906606801958725,-0.3906612755584735,0.0,,,,,,,,,0.9015121145039436,0.4330814336945447,0.1875595282109251,True,True,0.0,5.953626009969071e-07,5.953626009969071e-07,True,1.3469056980852656e-07,0.0,True,0.0,True,0.0,0.0,True,True,12,finance,bank-lex-2,0.0,True,1.0,True,3,3,-1.5716178126349218,-0.39066068019587075,8.881784197001252e-16,-1.7763568394002505e-15,True,True,True,1.0,ok,True,True,True,True,True,True,75.97721770292777,False,finance,1,0.8846710691594093,1.0,1.0,1.0,1.0,1.0,True,True,True,True,True,True,True,True,bank,0
3.663966465552096e-05,0.00010792740761680259,8.838147954686482e-05,0.005638781527853359,0.00961781373934846,0.0127008829062647,0.9943245788074911,0.9902742588530348,0.9872107356141885,56,0.00341796875,True,True,True,-5.0362918926418745,river,0.5439348830895723,0.5439348830895723,26.401142114899464,26.401142114899464,0.6282839886539697,0.6282839886539697,7.128774296128162e-05,5.1741814891343854e-05,0.003979032211495101,0.007062101378411342,-0.004050319954456372,-0.00711384319330266,0.0,-0.47785094352602187,-0.19979640912726992,0.2780545343987537,0.0,-0.47785094352602187,0.0,-4.5431194547626434,-3.058871708719839,0.8549882834309859,0.5951643522082612,-5.39810773819363,-3.654036060928121,0.17387166916154292,0.13587949560652696,2.916516999144078,1.7204978265540531,-4.911331700881364,-2.830384543047133,0.4867760373122634,0.8236515178809647,-5.39810773819363,-3.654036060928121,0.17387166916154292,0.13587949560652696,2.916516999144078,1.7204978265540531,1.0803274620834973,1.0803274620834973,0.8805310529562291,-2.5327366870442347e-09,0.8805310529562291,0.8805310529562291,0.8805310529562291,0.0,0.5339489758187366,0.5339489758187366,0.8120035102174903,1.943287212036182e-06,0.8120035102174903,0.8120035102174903,0.8120035102174903,0.0,a_to_b,1.0803274620834955,0.8805310529562256,0.5339489758187366,0.8120035102174903,finance,1,0.5463784862647607,0.5463784862647607,0.06852754273873884,-1.9458199487232264e-06,0.06852754273873884,0.06852754273873884,0.06852754273873884,0.0,,,,,,,,,0.8989282319520241,0.43903407815359946,0.19275092178018588,True,True,0.0,0.0,0.0,True,1.9458199487232264e-06,0.0,True,0.0,True,0.0,0.0,True,True,4,river,bank-lex-3,-8.881784197001252e-16,True,1.0,True,3,3,0.5463784862647589,0.06852754273873529,1.7763568394002505e-15,3.552713678800501e-15,True,True,True,1.0,ok,True,True,True,True,True,True,42.02103283176299,False,river,1,0.87024220781868,1.0,1.0,1.0,1.0,1.0,True,True,True,True,True,True,True,True,bank,0
3.663966465552096e-05,2.9208299212775676e-05,5.095595925761431e-05,0.005638781527853359,0.00758773034088229,0.008811852496565428,0.9943245788074911,0.9923830613599048,0.9911371915441769,69,0.00421142578125,True,True,True,-5.0362918926418745,river,0.6482192405214761,0.6482192405214761,43.344898848457085,43.344898848457085,0.7230497697890259,0.7230497697890259,-7.431365442745286e-06,1.4316294602093347e-05,0.0019489488130289313,0.003173070968712069,-0.001941517447586305,-0.0031873872633142453,0.0,0.4069436511745943,0.5565088271799983,0.14956517600540575,0.0,0.4069436511745943,0.0,-0.5390348693402052,-1.047720963563421,-0.1536756051874093,0.3504492694134793,-0.3853592641528145,-1.3981702329769377,0.09920358316781129,0.013819493952288868,0.3974526137208305,0.6604706641548214,-0.2241472994951348,-0.8306247586960662,0.16121196465766108,0.5675454742808332,-0.3853592641528145,-1.3981702329769377,0.09920358316781129,0.013819493952288868,0.3974526137208305,0.6604706641548214,-0.22667849884212643,-0.22667849884212643,0.3298303283378736,1.9177481824783627e-07,0.3298303283378736,0.3298303283378736,0.3298303283378736,0.0,0.29686451285751403,0.29686451285751403,0.4464296888629198,2.6863323210335466e-07,0.4464296888629198,0.4464296888629198,0.4464296888629198,0.0,a_to_b,-0.2266784988421282,0.32983032833787007,0.29686451285751403,0.4464296888629198,finance,1,-0.5235430116996405,-0.5235430116996405,-0.11659936052504616,-7.685841385551839e-08,-0.11659936052504616,-0.11659936052504616,-0.11659936052504616,0.0,,,,,,,,,0.8319555963574872,0.5555944897976985,0.30868523709357176,True,True,0.0,0.0,0.0,True,7.685841385551839e-08,0.0,True,0.0,True,0.0,0.0,True,True,8,river,bank-lex-3,-8.881784197001252e-16,True,1.0,True,3,3,-0.5235430116996422,-0.11659936052504971,1.7763568394002505e-15,3.552713678800501e-15,True,True,True,1.0,ok,True,True,True,True,True,True,59.947324042582046,False,river,1,0.8030531500230578,1.0,1.0,1.0,1.0,1.0,True,True,True,True,True,True,True,True,bank,0
3.663966465552096e-05,3.089503666071458e-05,3.915285176312949e-05,0.005638781527853359,0.008393442764730974,0.01226205982469679,0.9943245788074911,0.9915756621986083,0.9876987873235401,161,0.00982666015625,True,True,True,-5.0362918926418745,river,0.6189225360257787,0.6189225360257787,48.240343883422554,48.24034388342255,0.7188607162062651,0.718860716206265,-5.744627994806383e-06,2.5131871076085286e-06,0.002754661236877615,0.006623278296843432,-0.0027489166088828787,-0.006625791483951038,0.0,-0.14218143382111403,0.23687771661892576,0.3790591504400389,0.0,-0.14218143382111403,0.0,0.9737886812545247,0.6205835980704784,-0.5219489884893349,0.18275026122362448,1.4957376697438498,0.4378333368468219,0.03733918103299812,0.11511888983384028,0.9044961976409707,0.6131077820746779,1.8140302346276194,0.9937636372495859,0.318292564883758,0.5559303004027312,1.4957376697438498,0.4378333368468219,0.03733918103299812,0.11511888983384028,0.9044961976409707,0.6131077820746779,-0.17053584221408258,-0.17053584221408258,0.06634187440484318,9.234504823041334e-07,0.06634187440484318,0.06634187440484318,0.06634187440484318,0.0,0.3977827767490094,0.3977827767490094,0.7768419271890492,7.556926693297328e-07,0.7768419271890492,0.7768419271890492,0.7768419271890492,0.0,a_to_b,-0.17053584221408435,0.0663418744048414,0.3977827767490103,0.7768419271890492,finance,1,-0.568318618963092,-0.568318618963092,-0.710500052784206,1.6775781297440062e-07,-0.710500052784206,-0.710500052784206,-0.710500052784206,0.0,,,,,,,,,0.8897388295957027,0.45685931910286165,0.20872043745113392,True,True,0.0,0.0,0.0,True,1.6775781297440062e-07,0.0,True,0.0,True,0.0,0.0,True,True,12,river,bank-lex-3,-8.881784197001252e-16,True,1.0,True,3,3,-0.5683186189630947,-0.7105000527842078,2.6645352591003757e-15,1.7763568394002505e-15,True,True,True,1.0,ok,True,True,True,True,True,True,67.10666307933398,False,river,1,0.8708808779183809,1.0,1.0,1.0,1.0,1.0,True,True,True,True,True,True,True,True,bank,0
0.002864762098286387,0.0023044530301751984,0.001917862415576177,0.0003823064700606301,0.0003101901965775563,0.0003089982634818849,0.996752931431653,0.9973853567732472,0.9977731393209419,47,0.00286865234375,True,True,True,2.014018023854203,river,0.5439348830895723,0.5439348830895723,26.401142114899464,26.401142114899464,0.6282839886539697,0.6282839886539697,-0.0005603090681111887,-0.0009468996827102102,-7.211627348307375e-05,-7.330820657874517e-05,0.0006324253415942449,0.0010202078892889155,0.0,-0.17978212096628088,-0.18363211057310913,-0.0038499896068291406,0.0,-0.17978212096628088,0.0,-1.1404751827623283,-1.237844587689965,-0.28599357285384475,-0.44025188108720936,-0.8544816099085004,-0.797592706602753,0.22177228656829182,0.03495937398499259,0.5477043545959369,0.4779923368658374,-0.23285203395178655,-0.3866814606285036,0.6216295759566961,0.4109112459742512,-0.8544816099085004,-0.797592706602753,0.22177228656829182,0.03495937398499259,0.5477043545959369,0.4779923368658374,-0.2176419582864213,-0.2176419582864213,-0.4012740688595313,3.28286663631161e-07,-0.4012740688595313,-0.4012740688595313,-0.4012740688595313,0.0,-0.20903691791045986,-0.20903691791045986,-0.212886907517289,2.2497613194616406e-07,-0.212886907517289,-0.212886907517289,-0.212886907517289,0.0,b_to_a,-0.2176419582864213,-0.40127406885953043,-0.20903691791045986,-0.212886907517289,river,1,-0.008605040375961437,-0.008605040375961437,-0.18838716134224232,1.0331053168499693e-07,-0.18838716134224232,-0.18838716134224232,-0.18838716134224232,0.0,,,,,,,,,0.8941250376364774,0.4493549235259143,0.20191984729698514,True,True,0.0,0.0,0.0,True,1.0331053168499693e-07,0.0,True,0.0,True,0.0,0.0,True,True,4,finance,bank-lex-3,-8.881784197001252e-16,True,1.0,True,3,3,-0.008605040375961437,-0.18838716134224143,0.0,-8.881784197001252e-16,True,True,True,1.0,ok,True,True,True,True,True,True,42.02103283176299,False,finance,1,0.8569843560943012,1.0,1.0,1.0,1.0,1.0,True,True,True,True,True,True,True,True,bank,0
0.002864762098286387,0.0032800599774823348,0.00229742279749811,0.0003823064700606301,0.00025445251663802653,0.0002198588440922968,0.996752931431653,0.9964654875058796,0.9974827183584096,50,0.0030517578125,True,True,True,2.014018023854203,river,0.6482192405214761,0.6482192405214761,43.344898848457085,43.344898848457085,0.7230497697890259,0.7230497697890259,0.0004152978791959476,-0.0005673393007882771,-0.00012785395342260355,-0.00016244762596833326,-0.0002874439257734007,0.0007297869267566259,0.0,-0.2099452153717163,-0.35607373619352156,-0.14612852082180616,0.0,-0.2099452153717163,0.0,-0.7508008384706812,-1.5875849813055822,0.12540767218896054,-0.3722986649591675,-0.876208510659648,-1.215286316346404,0.06837481074455043,0.15385908061584108,0.50358182029773,0.6060454499446593,-1.3884962013564497,-1.9783750965227895,-0.5122876906968088,-0.7630887801763748,-0.876208510659648,-1.215286316346404,0.06837481074455043,0.15385908061584108,0.50358182029773,0.6060454499446593,0.135376398575068,0.135376398575068,-0.22069733761845267,3.566050832404244e-08,-0.22069733761845267,-0.22069733761845267,-0.22069733761845267,0.0,-0.40710832111240336,-0.40710832111240336,-0.5532368419342077,1.8050192274188248e-07,-0.5532368419342077,-0.5532368419342077,-0.5532368419342077,0.0,b_to_a,0.1353763985750689,-0.22069733761845267,-0.4071083211124016,-0.5532368419342077,river,1,0.5424847196874714,0.5424847196874714,0.3325395043157551,-1.4484141441784004e-07,0.3325395043157551,0.3325395043157551,0.3325395043157551,0.0,,,,,,,,,0.7974314384991767,0.6040366079681384,0.364860223765664,True,True,0.0,0.0,0.0,True,1.4484141441784004e-07,0.0,True,0.0,True,0.0,0.0,True,True,8,finance,bank-lex-3,-8.881784197001252e-16,True,1.0,True,3,3,0.5424847196874705,0.3325395043157551,8.881784197001252e-16,0.0,True,True,True,1.0,ok,True,True,True,True,True,True,59.947324042582046,False,finance,1,0.7699155726663204,1.0,1.0,1.0,1.0,1.0,True,True,True,True,True,True,True,True,bank,0
0.002864762098286387,0.0039656569688257546,0.003309165565546508,0.0003823064700606301,0.00028074548633496166,0.00033771955833808166,0.996752931431653,0.9957535975448393,0.9963531148761154,133,0.00811767578125,True,True,True,2.014018023854203,river,0.6189225360257787,0.6189225360257787,48.240343883422554,48.24034388342255,0.7188607162062651,0.718860716206265,0.0011008948705393674,0.0004444034672601207,-0.00010156098372566841,-4.458691172254842e-05,-0.0009993338868137247,-0.0003998165555375577,0.0,-0.3657427964704505,-0.18097547076631493,0.18476732570413645,0.0,-0.3657427964704505,0.0,-0.7091301500153673,-0.38292919011919047,0.376450779584359,0.17265636883484525,-1.085580929599736,-0.5555855589540499,0.019960957376566668,0.020630124547482996,0.6490762938954174,0.4089337727784735,-1.3065909979503303,-0.5919682819545784,-0.22101006835060488,-0.03638272300054268,-1.085580929599736,-0.5555855589540499,0.019960957376566668,0.020630124547482996,0.6490762938954174,0.4089337727784735,0.325186223901361,0.325186223901361,0.14421075313504517,1.3779742946695706e-07,0.14421075313504517,0.14421075313504517,0.14421075313504517,0.0,-0.3087740482786394,-0.3087740482786394,-0.12400672257450474,1.0112280612872837e-07,-0.12400672257450474,-0.12400672257450474,-0.12400672257450474,0.0,b_to_a,0.3251862239013601,0.14421075313504517,-0.3087740482786412,-0.12400672257450474,river,1,0.6339602721800004,0.6339602721800004,0.2682174757095499,3.6674623338228685e-08,0.2682174757095499,0.2682174757095499,0.2682174757095499,0.0,,,,,,,,,0.8810153181400818,0.4739299373268765,0.22460958549466073,True,True,0.0,0.0,0.0,True,3.6674623338228685e-08,0.0,True,0.0,True,0.0,0.0,True,True,12,finance,bank-lex-3,-8.881784197001252e-16,True,1.0,True,3,3,0.6339602721800013,0.2682174757095499,-8.881784197001252e-16,0.0,True,True,True,1.0,ok,True,True,True,True,True,True,67.10666307933398,False,finance,1,0.8527739249001903,1.0,1.0,1.0,1.0,1.0,True,True,True,True,True,True,True,True,bank,0
0.0003984011697215718,0.00016840181717063508,0.0002140813085512227,0.0020018368267642256,0.004654536026255318,0.001375591981865209,0.9975997620035142,0.9951770621565741,0.9984103267095835,122,0.0074462890625,True,True,True,-1.6143609896864142,sports,0.581539474543103,0.581539474543103,43.57985647208609,43.57985647208609,0.6784461860534661,0.6784461860534661,-0.00022999935255093673,-0.0001843198611703491,0.0026526991994910926,-0.0006262448448990166,-0.0024226998469401018,0.0008105647060693277,0.0,1.4589610597161125,0.24000299681199522,-1.2189580629041137,0.0,1.4589610597161125,0.0,4.2693495619966555,1.5169556723674062,-0.798433231069426,-0.7444804314659379,5.067782793066092,2.2614361038333577,0.33285660057464506,0.6079556734986419,3.726762922365751,1.322708548308673,5.593665070174224,1.300408800070819,0.5258822771081428,-0.9610273037625259,5.067782793066092,2.2614361038333577,0.33285660057464506,0.6079556734986419,3.726762922365751,1.322708548308673,-0.8611065692047539,-0.8611065692047539,-0.6211035723927552,1.9400336448427424e-07,-0.6211035723927552,-0.6211035723927552,-0.6211035723927552,0.0,0.843777061177299,0.843777061177299,-0.3751810017268147,1.094487117825338e-06,-0.3751810017268147,-0.3751810017268147,-0.3751810017268147,0.0,a_to_b,-0.861106569204753,-0.6211035723927578,0.843777061177299,-0.3751810017268147,animal,1,-1.704883630382053,-1.704883630382053,-0.24592257066594048,-9.004837533410637e-07,-0.24592257066594048,-0.24592257066594048,-0.24592257066594048,0.0,,,,,,,,,0.8273983809168479,0.5630030515096484,0.31697243600918296,True,True,0.0,0.0,0.0,True,9.004837533410637e-07,0.0,True,0.0,True,0.0,0.0,True,True,4,sports,bat-lex-0,0.0,True,1.0,True,3,3,-1.704883630382052,-0.24592257066594314,-8.881784197001252e-16,2.6645352591003757e-15,True,True,True,1.0,ok,True,True,True,True,True,True,64.23480206380246,False,sports,1,0.7878950044408416,1.0,1.0,1.0,1.0,1.0,True,True,True,True,True,True,True,True,bat,0
0.0003984011697215718,0.0002985269573598767,0.00035535010488762446,0.0020018368267642256,0.001662628815105684,0.0033314169563379787,0.9975997620035142,0.9980388442275344,0.9963132329387744,81,0.00494384765625,True,True,True,-1.6143609896864142,sports,0.602456748548733,0.602456748548733,49.40661250572443,49.40661250572443,0.6596934374982822,0.6596934374982822,-9.987421236169508e-05,-4.305106483394735e-05,-0.00033920801165854145,0.0013295801295737531,0.00043908222402022634,-0.0012865290647398053,0.0,-0.520754476313237,0.17424327627161773,0.6949977525848521,0.0,-0.520754476313237,0.0,2.6227836289882003,2.0235767457092826,1.0876589732937383,0.46527521909762726,1.5351246556944993,1.5583015266116664,0.04805943101584578,0.025118718029957708,1.317815459365909,1.2950092682916536,1.5944919186127056,2.157341927502144,0.05936726291824179,0.5990404008904884,1.5351246556944993,1.5583015266116664,0.04805943101584578,0.025118718029957708,1.317815459365909,1.2950092682916536,-0.2885992235859245,-0.2885992235859245,-0.11435594731430854,-5.351442844414578e-08,-0.11435594731430854,-0.11435594731430854,-0.11435594731430854,0.0,-0.18566519914195911,-0.18566519914195911,0.5093325534428939,4.530267103675101e-07,0.5093325534428939,0.5093325534428939,0.5093325534428939,0.0,a_to_b,-0.2885992235859254,-0.11435594731430765,-0.18566519914195823,0.5093325534428939,animal,1,-0.10293402444396538,-0.10293402444396538,-0.6236885007572024,-5.065411388116559e-07,-0.6236885007572024,-0.6236885007572024,-0.6236885007572024,0.0,,,,,,,,,0.7799418827375901,0.6304309346733677,0.3974431633931453,True,True,0.0,0.0,0.0,True,5.065411388116559e-07,0.0,True,0.0,True,0.0,0.0,True,True,8,sports,bat-lex-0,0.0,True,1.0,True,3,3,-0.10293402444396715,-0.6236885007572015,1.7763568394002505e-15,-8.881784197001252e-16,True,True,True,1.0,ok,True,True,True,True,True,True,74.89329087930041,False,sports,1,0.7040966202526912,1.0,1.0,1.0,1.0,1.0,True,True,True,True,True,True,True,True,bat,0
0.0003984011697215718,0.00021097992556140893,0.0002354212439680969,0.0020018368267642256,0.0021077349784070637,0.001812377492813926,0.9975997620035142,0.9976812850960315,0.9979522012632179,229,0.01397705078125,True,True,True,-1.6143609896864142,sports,0.7846635081369556,0.7846635081369556,93.78445396896113,93.78445396896113,0.8380788931137856,0.8380788931137856,-0.00018742124416016288,-0.0001629799257534749,0.00010589815164283815,-0.0001894593339502996,8.152309251729939e-05,0.0003524392597037407,0.0,0.2605878332436351,0.10961344757719971,-0.15097438566643717,0.0,0.2605878332436351,0.0,1.5409639623970726,0.9232350816301043,0.7879756158286089,0.20221335354803038,0.7529883465684772,0.7210217280820945,0.06281995689624142,0.03615220688772165,0.5760280465315023,0.5753297523802997,0.6953366336892057,0.7825982529146409,-0.05765171287925863,0.06157652483256726,0.7529883465684772,0.7210217280820945,0.06281995689624142,0.03615220688772165,0.5760280465315023,0.5753297523802997,-0.6356964723236267,-0.6356964723236267,-0.5260830247464288,-4.874834793611171e-07,-0.5260830247464288,-0.5260830247464288,-0.5260830247464288,0.0,0.051548728498652,0.051548728498652,-0.09942565716778518,1.5356879323746853e-07,-0.09942565716778518,-0.09942565716778518,-0.09942565716778518,0.0,a_to_b,-0.6356964723236294,-0.5260830247464297,0.051548728498652,-0.09942565716778518,animal,1,-0.6872452008222787,-0.6872452008222787,-0.4266573675786436,-6.410522725985857e-07,-0.4266573675786436,-0.4266573675786436,-0.4266573675786436,0.0,,,,,,,,,0.8604216030093323,0.5107561721132359,0.2608718673517695,True,True,0.0,0.0,0.0,True,6.410522725985857e-07,0.0,True,0.0,True,0.0,0.0,True,True,12,sports,bat-lex-0,0.0,True,1.0,True,3,3,-0.6872452008222814,-0.4266573675786445,2.6645352591003757e-15,8.881784197001252e-16,True,True,True,1.0,ok,True,True,True,True,True,True,111.90408771722647,False,sports,1,0.8258209920765889,1.0,1.0,1.0,1.0,1.0,True,True,True,True,True,True,True,True,bat,0
0.0019192431408702226,0.0011044301171954012,0.0013936646489937417,0.005157034010979986,0.0036824171918752122,0.0029250308720105717,0.9929237228481498,0.9952131526909294,0.9956813044789957,107,0.00653076171875,True,True,True,-0.9884306992966119,animal,0.581539474543103,0.581539474543103,43.57985647208609,43.57985647208609,0.6784461860534661,0.6784461860534661,-0.0008148130236748214,-0.0005255784918764808,-0.0014746168191047734,-0.002232003138969414,0.002289429842779578,0.00275758163084594,0.0,0.46287159207996087,0.23260724507117114,-0.23026434700878884,0.0,0.46287159207996087,0.0,0.3741217916894737,1.347610084485856,-0.09855137307346418,0.29118868430872524,0.47267316476293786,1.0564214001771823,0.020389975549156246,0.020706952818597565,0.6104109009866558,0.5662190476380236,-1.2223108977149888,-0.7287680129523171,-1.6949840624779267,-1.785189413129448,0.47267316476293786,1.0564214001771823,0.020389975549156246,0.020706952818597565,0.6104109009866558,0.5662190476380236,-0.5526014399701875,-0.5526014399701875,-0.3199941948990146,-1.1827542678588543e-07,-0.3199941948990146,-0.3199941948990146,-0.3199941948990146,0.0,-0.33679222798619346,-0.33679222798619346,-0.5670565749949814,-1.8271167245842435e-07,-0.5670565749949814,-0.5670565749949814,-0.5670565749949814,0.0,b_to_a,-0.5526014399701866,-0.3199941948990155,-0.33679222798619257,-0.5670565749949814,sports,1,-0.21580921198399405,-0.21580921198399405,0.24706238009596682,6.443624567253892e-08,0.24706238009596682,0.24706238009596682,0.24706238009596682,0.0,,,,,,,,,0.8591724189852578,0.5157504673583175,0.26599854458032895,True,True,0.0,0.0,0.0,True,6.443624567253892e-08,0.0,True,0.0,True,0.0,0.0,True,True,4,animal,bat-lex-0,0.0,True,1.0,True,3,3,-0.21580921198399405,0.24706238009596593,0.0,8.881784197001252e-16,True,True,True,1.0,ok,True,True,True,True,True,True,64.23480206380246,False,animal,1,0.7945520651846955,1.0,0.0,1.0,0.0,1.0,True,True,True,True,True,True,True,True,bat,0
0.0019192431408702226,0.0018783733969860786,0.0018945504328341035,0.005157034010979986,0.008498542957970963,0.006629407202694298,0.9929237228481498,0.989623083645043,0.9914760423644715,87,0.00531005859375,True,True,True,-0.9884306992966119,animal,0.602456748548733,0.6024567485487329,49.40661250572443,49.40661250572444,0.6596934374982822,0.6596934374982822,-4.086974388414397e-05,-2.4692708036119088e-05,0.003341508946990977,0.0014723731917143127,-0.0033006392031067477,-0.0014476804836782708,0.0,0.25695472707156597,0.008575383820127236,-0.24837934325143785,0.0,0.25695472707156597,0.0,1.0561366930731655,-0.012046898748447887,0.4541167361594898,0.21365889422952478,0.602019956913697,-0.22570579297797977,0.10073015817183888,0.04428534299769669,0.8331429120400853,0.5703282776120794,-0.11277995379140648,-0.3940022601257791,-0.7147999107050822,-0.16829646714780644,0.602019956913697,-0.22570579297797977,0.10073015817183888,0.04428534299769669,0.8331429120400853,0.5703282776120794,-0.021524722901260063,-0.021524722901260063,-0.012949339081131939,-7.457525290632816e-07,-0.012949339081131939,-0.012949339081131939,-0.012949339081131939,0.0,0.49953312193681754,0.49953312193681754,0.2511537786853797,-1.0257093983057075e-06,0.2511537786853797,0.2511537786853797,0.2511537786853797,0.0,b_to_a,-0.021524722901260063,-0.012949339081132827,0.49953312193681754,0.2511537786853797,sports,1,-0.5210578448380776,-0.5210578448380776,-0.26410311776651163,2.799568692424259e-07,-0.26410311776651163,-0.26410311776651163,-0.26410311776651163,0.0,,,,,,,,,0.7852476543347939,0.6207177857349032,0.3852905695276502,True,True,0.0,0.0,0.0,True,2.799568692424259e-07,0.0,True,0.0,True,0.0,0.0,True,True,8,animal,bat-lex-0,0.0,True,1.0,True,3,3,-0.5210578448380776,-0.2641031177665125,0.0,8.881784197001252e-16,True,True,True,1.0,ok,True,True,True,True,True,True,74.89329087930041,False,animal,1,0.7416076707652859,1.0,1.0,1.0,1.0,1.0,True,True,True,True,True,True,True,True,bat,0
0.0019192431408702226,0.000771151683233714,0.0008478460162571021,0.005157034010979986,0.004119558173415031,0.0035832606537258707,0.9929237228481498,0.9951092901433513,0.9955688933300171,214,0.0130615234375,True,True,True,-0.9884306992966119,animal,0.7846635081369556,0.7846635081369556,93.78445396896113,93.78445396896113,0.8380788931137856,0.8380788931137856,-0.0011480914576365085,-0.0010713971246131206,-0.0010374758375649544,-0.0015737733572541148,0.0021855672952014737,0.0026451704818672983,0.0,0.23428667990565,0.09481394477586047,-0.13947273512978864,0.0,0.23428667990565,0.0,0.2867238439484048,-0.22292766189092106,-0.27153464991650544,-0.5646249760296058,0.5582584938649333,0.34169731413871673,0.007623926797352219,0.00738950250042972,0.4895932697140412,0.4125702572894248,-0.4162281484676704,-0.6387684332350023,-0.9744866423325806,-0.9804657473736871,0.5582584938649333,0.34169731413871673,0.007623926797352219,0.00738950250042972,0.4895932697140412,0.4125702572894248,-0.9118010999170689,-0.9118010999170689,-0.8169871551412076,5.623769192553141e-07,-0.8169871551412076,-0.8169871551412076,-0.8169871551412076,0.0,-0.22461569200812992,-0.22461569200812992,-0.36408842713791856,9.492935593158336e-08,-0.36408842713791856,-0.36408842713791856,-0.36408842713791856,0.0,b_to_a,-0.911801099917068,-0.8169871551412076,-0.22461569200812992,-0.36408842713791856,sports,1,-0.687185407908939,-0.687185407908939,-0.452898728003289,4.674475633237307e-07,-0.452898728003289,-0.452898728003289,-0.452898728003289,0.0,,,,,,,,,0.8926721151417187,0.45118950394337953,0.2035719684686758,True,True,0.0,0.0,0.0,True,4.674475633237307e-07,0.0,True,0.0,True,0.0,0.0,True,True,12,animal,bat-lex-0,0.0,True,1.0,True,3,3,-0.6871854079089381,-0.452898728003289,-8.881784197001252e-16,0.0,True,True,True,1.0,ok,True,True,True,True,True,True,111.90408771722647,False,animal,1,0.8718041104391899,1.0,1.0,1.0,1.0,1.0,True,True,True,True,True,True,True,True,bat,0
0.0008274838770913067,0.00014811069993144268,0.0003551024805136447,0.0017649933417989323,0.0009934837163232827,0.0022025122042413966,0.9974075227811098,0.9988584055837453,0.997442385315245,82,0.0050048828125,True,True,True,-0.7575125738245729,sports,0.6166874678938633,0.6166874678938633,41.61388059640981,41.61388059640981,0.7476480491337871,0.7476480491337871,-0.000679373177159864,-0.00047238139657766195,-0.0007715096254756497,0.00043751886244246425,0.0014508828026355003,3.4862534135204903e-05,0.0,0.07831023140117388,0.8744464586374718,0.7961362272362997,0.0,0.07831023140117388,0.0,3.673529388660291,5.45861469499426,-1.1963992365848402,-0.22380022353798878,4.869928625245178,5.682414918532237,0.33196770554925054,0.22976956051259684,2.4129870409321876,2.9424683670679617,3.7939219865121547,5.254671901621283,-1.0760066387329754,-0.4277430169109664,4.869928625245178,5.682414918532237,0.33196770554925054,0.22976956051259684,2.4129870409321876,2.9424683670679617,-1.7204296565019934,-1.7204296565019934,-0.8459831978645216,-1.572780414349495e-06,-0.8459831978645216,-0.8459831978645216,-0.8459831978645216,0.0,-0.5746845253639536,-0.5746845253639536,0.2214517018723443,-5.138857197550806e-07,0.2214517018723443,0.2214517018723443,0.2214517018723443,0.0,a_to_b,-1.7204296565019943,-0.8459831978645225,-0.5746845253639536,0.22145170187234609,animal,1,-1.1457451311380398,-1.1457451311380398,-1.067434899736866,-1.0588946945944144e-06,-1.067434899736866,-1.067434899736866,-1.067434899736866,0.0,,,,,,,,,0.8290090523868195,0.5616677848538589,0.31547070054264803,True,True,0.0,0.0,0.0,True,1.0588946945944144e-06,0.0,True,0.0,True,0.0,0.0,True,True,4,sports,bat-lex-1,-8.881784197001252e-16,True,1.0,True,3,3,-1.1457451311380407,-1.0674348997368686,8.881784197001252e-16,2.6645352591003757e-15,True,True,True,1.0,ok,True,True,True,True,True,True,55.65971936210222,False,sports,1,0.7767911485420437,1.0,1.0,1.0,1.0,1.0,True,True,True,True,True,True,True,True,bat,0
0.0008274838770913067,0.00047546506242488487,0.0005359499721235303,0.0017649933417989323,0.0013671231291610942,0.0006980379731944117,0.9974075227811098,0.998157411808414,0.998766012054682,68,0.004150390625,True,True,True,-0.7575125738245729,sports,0.6001577131016717,0.6001577131016717,47.23275829985863,47.23275829985863,0.6784811898997424,0.6784811898997424,-0.0003520188146664218,-0.00029153390496777635,-0.00039787021263783815,-0.0010669553686045207,0.000749889027304218,0.0013584892735721832,0.0,0.7919378183524364,0.11974741728548377,-0.6721904010669535,0.0,0.7919378183524364,0.0,3.495166441394594,5.045151747159098,1.1327703848202493,0.8839829481794084,2.362396056574342,4.161168798979697,0.2822673533522757,0.7457204404356901,1.5766670378173016,2.386753633858878,2.1291750366883884,3.3963022494236235,-0.23322101988595811,-0.764866549556066,2.362396056574342,4.161168798979697,0.2822673533522757,0.7457204404356901,1.5766670378173016,2.386753633858878,-0.5540962193449772,-0.5540962193449772,-0.43434880205949256,-4.914955180623792e-07,-0.43434880205949256,-0.43434880205949256,-0.43434880205949256,0.0,-0.25543829180153566,-0.25543829180153566,-0.9276286928684874,-1.711204111742859e-07,-0.9276286928684874,-0.9276286928684874,-0.9276286928684874,0.0,a_to_b,-0.5540962193449772,-0.43434880205949344,-0.2554382918015339,-0.9276286928684874,animal,1,-0.29865792754344156,-0.29865792754344156,0.4932798908089948,-3.2037510688809334e-07,0.4932798908089948,0.4932798908089948,0.4932798908089948,0.0,,,,,,,,,0.7636796264580494,0.647675777233701,0.41948391241528793,True,True,0.0,0.0,0.0,True,3.2037510688809334e-07,0.0,True,0.0,True,0.0,0.0,True,True,8,sports,bat-lex-1,-8.881784197001252e-16,True,1.0,True,3,3,-0.29865792754344334,0.4932798908089939,1.7763568394002505e-15,8.881784197001252e-16,True,True,True,1.0,ok,True,True,True,True,True,True,69.61542781582214,False,sports,1,0.7118097480853864,1.0,0.0,1.0,0.0,1.0,True,True,True,True,True,True,True,True,bat,0
0.0008274838770913067,0.0003109183696448837,0.00024146879983798125,0.0017649933417989323,0.0014523712599341552,0.0007923708143509566,0.9974075227811098,0.9982367103704209,0.9989661603858111,189,0.01153564453125,True,True,True,-0.7575125738245729,sports,0.7248501192921268,0.7248501192921268,78.9295397907743,78.9295397907743,0.8034974535879397,0.8034974535879397,-0.000516565507446423,-0.0005860150772533254,-0.00031262208186477714,-0.0009726225274479757,0.0008291875893111644,0.0015586376047013184,0.0,0.3531332400097247,-0.2527901291710162,-0.6059233691807426,0.0,0.3531332400097247,0.0,4.354384775338921,4.163711823789143,0.8567059246834106,0.08033884354312804,3.49767885065552,4.0833729802460095,0.7902681765337313,1.411799843867622,2.12098770691862,2.2160401218165124,2.886677893460563,3.4725470667207876,-0.6110009571949471,-0.6108259135252281,3.49767885065552,4.0833729802460095,0.7902681765337313,1.411799843867622,2.12098770691862,2.2160401218165124,-0.9788592224838144,-0.9788592224838144,-1.2316493516548324,-2.1503755576190997e-07,-1.2316493516548324,-1.2316493516548324,-1.2316493516548324,0.0,-0.19494934564654898,-0.19494934564654898,-0.8008727148272916,1.599595469414794e-07,-0.8008727148272916,-0.8008727148272916,-0.8008727148272916,0.0,a_to_b,-0.9788592224838171,-1.2316493516548332,-0.1949493456465481,-0.8008727148272907,animal,1,-0.7839098768372654,-0.7839098768372654,-0.43077663682754075,-3.7499710270338937e-07,-0.43077663682754075,-0.43077663682754075,-0.43077663682754075,0.0,,,,,,,,,0.8620669776794568,0.5087817750088509,0.25885889458116174,True,True,0.0,0.0,0.0,True,3.7499710270338937e-07,0.0,True,0.0,True,0.0,0.0,True,True,12,sports,bat-lex-1,-8.881784197001252e-16,True,1.0,True,3,3,-0.783909876837269,-0.4307766368275425,3.552713678800501e-15,1.7763568394002505e-15,True,True,True,1.0,ok,True,True,True,True,True,True,98.232470356094,False,sports,1,0.8171407204732877,1.0,1.0,1.0,1.0,1.0,True,True,True,True,True,True,True,True,bat,0
0.0009702611862587103,0.0009630878394691665,0.0002950644452672995,0.014771565448281298,0.013955505632556982,0.002771111331060543,0.98425817336546,0.9850814065279738,0.9969338242236722,111,0.00677490234375,True,True,True,-2.7228940588463013,animal,0.6166874678938633,0.6166874678938633,41.61388059640981,41.61388059640981,0.7476480491337871,0.7476480491337871,-7.173346789543771e-06,-0.0006751967409914109,-0.0008160598157243154,-0.012000454117220755,0.00082323316251387,0.012675650858212206,0.0,0.4336748260926546,-1.1829508310259396,-1.6166256571185942,0.0,0.4336748260926546,0.0,2.2024711025260597,1.8187867809150617,-0.16633690095736675,-1.342705538492119,2.36880800348343,3.1614923194072304,0.04233679253365416,0.33224103386811343,1.33863805469399,1.7262557610369456,1.267620109847785,-1.2448184329348777,-1.1011878936356414,-4.406310752342058,2.36880800348343,3.1614923194072304,0.04233679253365416,0.33224103386811343,1.33863805469399,1.7262557610369456,-0.007420677396185127,-0.007420677396185127,-1.1903715084221247,7.281114946522393e-07,-1.1903715084221247,-1.1903715084221247,-1.1903715084221247,0.0,-0.05682997989418492,-0.05682997989418492,-1.673455637012779,-6.032111530274165e-07,-1.673455637012779,-1.673455637012779,-1.673455637012779,0.0,b_to_a,-0.007420677396184239,-1.1903715084221238,-0.05682997989418492,-1.673455637012779,sports,1,0.049409302497999796,0.049409302497999796,0.4830841285906544,1.3313226476796558e-06,0.4830841285906544,0.4830841285906544,0.4830841285906544,0.0,,,,,,,,,0.8808585284433755,0.4750006678063775,0.22562563441650965,True,True,0.0,0.0,0.0,True,1.3313226476796558e-06,0.0,True,0.0,True,0.0,0.0,True,True,4,animal,bat-lex-1,0.0,True,1.0,True,3,3,0.049409302498000685,0.4830841285906553,-8.881784197001252e-16,-8.881784197001252e-16,True,True,True,1.0,ok,True,True,True,True,True,True,55.65971936210222,False,animal,1,0.8416490710645702,1.0,1.0,1.0,1.0,1.0,True,True,True,True,True,True,True,True,bat,0
0.0009702611862587103,0.0013144497528869636,0.0012244059466695986,0.014771565448281298,0.0545924170847344,0.033266672140383285,0.98425817336546,0.9440931331623786,0.9655089219129471,94,0.0057373046875,True,True,True,-2.7228940588463013,animal,0.6001577131016717,0.6001577131016717,47.23275829985863,47.23275829985863,0.6784811898997424,0.6784811898997424,0.00034418856662825326,0.0002541447604108883,0.0398208516364531,0.018495106692101988,-0.040165040203081315,-0.018749251452512827,0.0,0.42437657837392706,-0.07096235431019515,-0.49533893268412266,0.0,0.42437657837392706,0.0,1.1059040367342234,-0.17511441293964225,0.02355327962697018,-0.16458192284136608,1.0823507571072142,-0.010532490098302816,0.0684654515191078,0.0999386195487341,0.7339007190499142,0.5779668963542905,0.7063555814989488,0.11317108743080517,-0.3759951756083044,0.12370357752908134,1.0823507571072142,-0.010532490098302816,0.0684654515191078,0.0999386195487341,0.7339007190499142,0.5779668963542905,0.30360811873609084,0.30360811873609084,0.23264576442589568,-1.0777812313733648e-06,0.23264576442589568,0.23264576442589568,0.23264576442589568,0.0,1.3071909125732617,1.3071909125732617,0.8118519798891395,-1.8350021333546351e-06,0.8118519798891395,0.8118519798891395,0.8118519798891395,0.0,b_to_a,0.30360811873609084,0.23264576442589568,1.3071909125732613,0.8118519798891386,sports,1,-1.0035827938371709,-1.0035827938371709,-0.5792062154632438,7.572209019812703e-07,-0.5792062154632438,-0.5792062154632438,-0.5792062154632438,0.0,,,,,,,,,0.7784864607082214,0.6279398329907108,0.3943084338564102,True,True,0.0,0.0,0.0,True,7.572209019812703e-07,0.0,True,0.0,True,0.0,0.0,True,True,8,animal,bat-lex-1,0.0,True,1.0,True,3,3,-1.0035827938371704,-0.5792062154632429,-4.440892098500626e-16,-8.881784197001252e-16,True,True,True,1.0,ok,True,True,True,True,True,True,69.61542781582214,False,animal,1,0.7597887773644632,1.0,1.0,1.0,1.0,1.0,True,True,True,True,True,True,True,True,bat,0
0.0009702611862587103,0.0005910136450506222,0.0011956555465762223,0.014771565448281298,0.027806467315255132,0.036113879286227855,0.98425817336546,0.9716025190396942,0.9626904651671959,206,0.0125732421875,True,True,True,-2.7228940588463013,animal,0.7248501192921268,0.7248501192921268,78.9295397907743,78.9295397907743,0.8034974535879397,0.8034974535879397,-0.0003792475412080881,0.000225394360317512,0.013034901866973835,0.021342313837946558,-0.012655654325765764,-0.021567708198264035,0.0,0.4432021549502334,0.7046107832826838,0.2614086283324495,0.0,0.4432021549502334,0.0,-0.21775078631869782,0.1879869664209437,-0.0853541895748684,0.34552291475630703,-0.1323965967438454,-0.15753594833540774,0.027848683419714658,0.05477207331640312,0.5109130873479564,0.47079622467631715,-0.8565106563876412,0.02829264677069432,-0.7241140596438118,0.18582859510605765,-0.1323965967438454,-0.15753594833540774,0.027848683419714658,0.05477207331640312,0.5109130873479564,0.47079622467631715,-0.4957261942248792,-0.4957261942248792,0.20888458905780283,2.0163087555147285e-07,0.20888458905780283,0.20888458905780283,0.20888458905780283,0.0,0.632564551579403,0.632564551579403,0.8939731799118515,-1.6602995209780147e-06,0.8939731799118515,0.8939731799118515,0.8939731799118515,0.0,b_to_a,-0.49572619422488007,0.20888458905780372,0.6325645515794021,0.8939731799118515,sports,1,-1.1282907458042821,-1.1282907458042821,-0.6850885908540487,1.8619303965294876e-06,-0.6850885908540487,-0.6850885908540487,-0.6850885908540487,0.0,,,,,,,,,0.8779170077310027,0.4796026908349632,0.2300187410561407,True,True,0.0,0.0,0.0,True,1.8619303965294876e-06,0.0,True,0.0,True,0.0,0.0,True,True,12,animal,bat-lex-1,0.0,True,1.0,True,3,3,-1.1282907458042821,-0.6850885908540478,0.0,-8.881784197001252e-16,True,True,True,1.0,ok,True,True,True,True,True,True,98.232470356094,False,animal,1,0.8504031290604348,1.0,1.0,1.0,1.0,1.0,True,True,True,True,True,True,True,True,bat,0
9.490191854389068e-05,0.00023247647420318953,0.0002055169397970557,4.8054063883186106e-05,6.78241393478475e-05,5.800075618624201e-05,0.9998570440175729,0.999699699386449,0.9997364823040167,96,0.005859375,True,True,True,0.6805172139180389,animal,0.5664060773847088,0.5664060773847088,35.26664048044639,35.26664048044639,0.6573037483847796,0.6573037483847796,0.00013757455565929885,0.00011061502125316502,1.9770075464661398e-05,9.946692303055902e-06,-0.0001573446311239346,-0.00012056171355623313,0.0,0.03320154996013791,-0.1232605710434882,-0.1564621210036261,0.0,0.03320154996013791,0.0,2.642790141792882,1.0830737680771696,1.2457433728611704,0.44892755744987056,1.3970467689317516,0.6341462106272964,0.01956890615493906,0.01892819080597703,0.9089892077974209,0.5725625630775165,1.68927502333956,0.9695205760697441,0.29222825440784916,0.3353743654424459,1.3970467689317516,0.6341462106272964,0.01956890615493906,0.01892819080597703,0.9089892077974209,0.5725625630775165,0.8959451117940116,0.8959451117940116,0.7726845407505234,1.084238528292758e-06,0.7726845407505234,0.7726845407505234,0.7726845407505234,0.0,0.34459146118603456,0.34459146118603456,0.18812934018240846,5.002041465473894e-07,0.18812934018240846,0.18812934018240846,0.18812934018240846,0.0,a_to_b,0.8959451117940134,0.7726845407505252,0.34459146118603456,0.18812934018240846,animal,1,0.551353650607977,0.551353650607977,0.5845552005681149,5.840343817453686e-07,0.5845552005681149,0.5845552005681149,0.5845552005681149,0.0,,,,,,,,,0.8192153420040074,0.5762442829104394,0.33205747358697496,True,True,0.0,0.0,0.0,True,5.840343817453686e-07,0.0,True,0.0,True,0.0,0.0,True,True,4,sports,bat-lex-2,1.7763568394002505e-15,True,1.0,True,3,3,0.5513536506079788,0.5845552005681167,-1.7763568394002505e-15,-1.7763568394002505e-15,True,True,True,1.0,ok,True,True,True,True,True,True,53.65349059260441,False,sports,1,0.7629014879206683,1.0,1.0,1.0,1.0,1.0,True,True,True,True,True,True,True,True,bat,0
9.490191854389068e-05,0.0001410663489044567,0.0001546728535558618,4.8054063883186106e-05,5.920948692450268e-05,4.716115396868829e-05,0.9998570440175729,0.9997997241641711,0.9997981659924755,87,0.00531005859375,True,True,True,0.6805172139180389,animal,0.5373019640943221,0.5373019640943221,41.58868230181764,41.58868230181764,0.7411479909752973,0.7411479909752973,4.616443036056602e-05,5.977093501197112e-05,1.1155423041316574e-05,-8.929099144978179e-07,-5.731985340184931e-05,-5.887802509740858e-05,0.0,0.319593161449534,0.09208192489107958,-0.22751123655845618,0.0,0.319593161449534,0.0,2.4718271694544223,1.3470111365361968,1.4293096161508352,1.6755608853021489,1.042517553303572,-0.3285497487659583,0.12522439281029096,0.07410824939293513,0.8726876971715883,0.5037815099779652,1.338545620896502,-0.363881364270501,0.2960280675929159,-0.035331615504548,1.042517553303572,-0.3285497487659583,0.12522439281029096,0.07410824939293513,0.8726876971715883,0.5037815099779652,0.3963864174149059,0.3963864174149059,0.48846834230598546,-7.672257229529578e-07,0.48846834230598546,0.48846834230598546,0.48846834230598546,0.0,0.20875507318120157,0.20875507318120157,-0.018756163377252832,-4.376567197539316e-08,-0.018756163377252832,-0.018756163377252832,-0.018756163377252832,0.0,a_to_b,0.3963864174149059,0.48846834230598546,0.20875507318120157,-0.01875616337725461,animal,1,0.1876313442337043,0.1876313442337043,0.5072245056832383,-7.234600509775646e-07,0.5072245056832383,0.5072245056832383,0.5072245056832383,0.0,,,,,,,,,0.7490630096361448,0.6628535916220026,0.4393748839261981,True,True,0.0,0.0,0.0,True,7.234600509775646e-07,0.0,True,0.0,True,0.0,0.0,True,True,8,sports,bat-lex-2,1.7763568394002505e-15,True,1.0,True,3,3,0.1876313442337043,0.5072245056832401,0.0,-1.7763568394002505e-15,True,True,True,1.0,ok,True,True,True,True,True,True,56.1138703851709,False,sports,1,0.7273771540763956,1.0,1.0,1.0,1.0,1.0,True,True,True,True,True,True,True,True,bat,0
9.490191854389068e-05,0.0001925239947262448,0.00013085229861788957,4.8054063883186106e-05,5.134245531475647e-05,4.0761154128179415e-05,0.9998570440175729,0.999756133549959,0.9998283865472539,180,0.010986328125,True,True,True,0.6805172139180389,animal,0.6251282221249753,0.6251282221249753,52.0057523722111,52.0057523722111,0.8123715206894638,0.8123715206894638,9.762207618235411e-05,3.595038007399889e-05,3.2883914315703637e-06,-7.292909755006691e-06,-0.00010091046761395717,-2.865747031899346e-05,0.0,-0.15536312252415208,-0.3861515982504944,-0.2307884757263441,0.0,-0.15536312252415208,0.0,2.7226404571820195,3.292602557087929,1.4737519111670299,1.488716125155511,1.248888546015003,1.8038864319324261,0.03975612926853449,0.1995047222344318,0.8259015899347459,1.0353747061413339,1.4344133555139216,1.8486053289677002,0.1855248094989328,0.044718897035284755,1.248888546015003,1.8038864319324261,0.03975612926853449,0.1995047222344318,0.8259015899347459,1.0353747061413339,0.7073768719975888,0.7073768719975888,0.3212252737470944,-8.741639057063821e-07,0.3212252737470944,0.3212252737470944,0.3212252737470944,0.0,0.06619129092254461,0.06619129092254461,-0.1645971848037977,-4.41972760611975e-07,-0.1645971848037977,-0.1645971848037977,-0.1645971848037977,0.0,a_to_b,0.7073768719975906,0.3212252737470962,0.06619129092254461,-0.16459718480379948,animal,1,0.6411855810750442,0.6411855810750442,0.4858224585508921,-4.3219114509440715e-07,0.4858224585508921,0.4858224585508921,0.4858224585508921,0.0,,,,,,,,,0.8774307024950297,0.4806005706077862,0.230976908468533,True,True,0.0,0.0,0.0,True,4.3219114509440715e-07,0.0,True,0.0,True,0.0,0.0,True,True,12,sports,bat-lex-2,1.7763568394002505e-15,True,1.0,True,3,3,0.641185581075046,0.4858224585508957,-1.7763568394002505e-15,-3.552713678800501e-15,True,True,True,1.0,ok,True,True,True,True,True,True,64.01720277942972,False,sports,1,0.8480785961063048,1.0,1.0,1.0,1.0,1.0,True,True,True,True,True,True,True,True,bat,0
0.00017077202716076485,0.00010075942058158856,0.00013651568170853834,0.0065277036231346855,0.000851527278047517,0.0028145921742425885,0.9933015243497045,0.9990477133013709,0.9970488921440488,108,0.006591796875,True,True,True,-3.643481002208989,animal,0.5664060773847088,0.5664060773847088,35.26664048044639,35.26664048044639,0.6573037483847796,0.6573037483847796,-7.001260657917629e-05,-3.425634545222651e-05,-0.005676176345087169,-0.003713111448892097,0.005746188951666342,0.0037473677943442585,0.0,-0.8918373279152068,0.3037037913505394,1.1955411192657497,0.0,-0.8918373279152068,0.0,0.06751121983401198,0.3781308528919691,-1.4613122180384366,-0.3572433039530001,1.5288234378724752,0.7353741568450154,0.2335145540779278,0.11361478499415893,1.2080076488890694,0.7144059537213395,1.4702424327971375,0.44955981636642584,-0.058581005075311054,-0.28581434047854337,1.5288234378724752,0.7353741568450154,0.2335145540779278,0.11361478499415893,1.2080076488890694,0.7144059537213395,-0.5275937915490427,-0.5275937915490427,-0.2238900001984998,-1.8264965682135426e-06,-0.2238900001984998,-0.2238900001984998,-0.2238900001984998,0.0,-2.036778959868072,-2.036778959868072,-0.8412378406023224,-2.2601112892317587e-07,-0.8412378406023224,-0.8412378406023224,-0.8412378406023224,0.0,b_to_a,-0.5275937915490427,-0.22389000019850336,-2.036778959868072,-0.8412378406023224,sports,1,1.5091851683190294,1.5091851683190294,0.6173478404038226,-1.6004854392903667e-06,0.6173478404038226,0.6173478404038226,0.6173478404038226,0.0,,,,,,,,,0.8618858179265132,0.513355890125235,0.26353426992627876,True,True,0.0,0.0,0.0,True,1.6004854392903667e-06,0.0,True,0.0,True,0.0,0.0,True,True,4,animal,bat-lex-2,-8.881784197001252e-16,True,1.0,True,3,3,1.5091851683190294,0.6173478404038191,0.0,3.552713678800501e-15,True,True,True,1.0,ok,True,True,True,True,True,True,53.65349059260441,False,animal,1,0.7820019455295371,1.0,1.0,1.0,1.0,1.0,True,True,True,True,True,True,True,True,bat,0
0.00017077202716076485,8.864954877797239e-05,0.0006148593710855217,0.0065277036231346855,0.0023339708268604125,0.00694931193096101,0.9933015243497045,0.9975773796243617,0.9924358286979534,101,0.00616455078125,True,True,True,-3.643481002208989,animal,0.5373019640943221,0.5373019640943221,41.58868230181764,41.58868230181764,0.7411479909752973,0.7411479909752973,-8.212247838279246e-05,0.00044408734392475686,-0.004193732796274273,0.0004216083078263247,0.0042758552746571254,-0.0008656956517510972,0.0,0.8456310168240053,1.9367026341768483,1.091071617352843,0.0,0.8456310168240053,0.0,-0.7671005595969405,0.35180266349733813,-0.9600376123631875,1.259417437885297,0.19293705276625772,-0.9076147743879623,0.10546016768353524,0.20992832307448708,0.9250745249161973,0.8036764690727853,-0.5691496741152946,-1.3078818140882635,-0.7620867268815417,-0.40026703970030475,0.19293705276625772,-0.9076147743879623,0.10546016768353524,0.20992832307448708,0.9250745249161973,0.8036764690727853,-0.6556385499561799,-0.6556385499561799,1.2810640842206684,7.80205013484192e-07,1.2810640842206684,1.2810640842206684,1.2810640842206684,0.0,-1.0284841811799668,-1.0284841811799668,0.06258743617287621,-8.057625624502407e-07,0.06258743617287621,0.06258743617287621,0.06258743617287621,0.0,b_to_a,-0.6556385499561816,1.2810640842206666,-1.0284841811799668,0.06258743617287621,sports,1,0.3728456312237869,0.3728456312237869,1.2184766480477922,1.5859675759344327e-06,1.2184766480477922,1.2184766480477922,1.2184766480477922,0.0,,,,,,,,,0.7579185909598594,0.6529274644409344,0.4263142738212768,True,True,0.0,0.0,0.0,True,1.5859675759344327e-06,0.0,True,0.0,True,0.0,0.0,True,True,8,animal,bat-lex-2,-8.881784197001252e-16,True,1.0,True,3,3,0.3728456312237851,1.2184766480477904,1.7763568394002505e-15,1.7763568394002505e-15,True,True,True,1.0,ok,True,True,True,True,True,True,56.1138703851709,False,animal,1,0.7304437962589841,1.0,1.0,1.0,1.0,1.0,True,True,True,True,True,True,True,True,bat,0
0.00017077202716076485,3.0079259993836892e-05,0.00035723793876283645,0.0065277036231346855,0.00046255823785813625,0.0015275647944177854,0.9933015243497045,0.999507362502148,0.9981151972668194,195,0.01190185546875,True,True,True,-3.643481002208989,animal,0.6251282221249753,0.6251282221249753,52.0057523722111,52.00575237221109,0.8123715206894638,0.8123715206894637,-0.00014069276716692795,0.0001864659116020716,-0.0060651453852765495,-0.0050001388287169,0.006205838152443466,0.004813672917114875,0.0,1.2799085173623963,2.474566157394091,1.1946576400316937,0.0,1.2799085173623963,0.0,-0.31307211212720887,0.12323840672361008,-1.6929384463581858,-0.08969412286334943,1.3798663342310107,0.2129325295869826,0.3316582313265843,0.04008136455258701,1.0577663399866142,0.7149059568917757,0.12783980988444021,-0.47046124321378535,-1.2520265243465367,-0.6833937728007449,1.3798663342310107,0.2129325295869826,0.3316582313265843,0.04008136455258701,1.0577663399866142,0.7149059568917757,-1.7364935950261504,-1.7364935950261504,0.7380725623679378,-8.036472767258829e-07,0.7380725623679378,0.7380725623679378,0.7380725623679378,0.0,-2.647038026026915,-2.647038026026915,-1.4523803859952231,-3.067569087633615e-07,-1.4523803859952231,-1.4523803859952231,-1.4523803859952231,0.0,b_to_a,-1.736493595026154,0.738072562367937,-2.647038026026916,-1.4523803859952222,sports,1,0.9105444310007647,0.9105444310007647,2.190452948363161,-4.968903679625214e-07,2.190452948363161,2.190452948363161,2.190452948363161,0.0,,,,,,,,,0.8750378197799885,0.48514501329978066,0.23536568392964785,True,True,0.0,0.0,0.0,True,4.968903679625214e-07,0.0,True,0.0,True,0.0,0.0,True,True,12,animal,bat-lex-2,-8.881784197001252e-16,True,1.0,True,3,3,0.910544431000762,2.190452948363159,2.6645352591003757e-15,1.7763568394002505e-15,True,True,True,1.0,ok,True,True,True,True,True,True,64.01720277942972,False,animal,1,0.84252828310284,1.0,1.0,1.0,1.0,1.0,True,True,True,True,True,True,True,True,bat,0
0.0012068921103099797,0.0014580002656862747,0.0008113567577263099,0.017721304677818326,0.010894857062461351,0.007614021036601613,0.9810718032118717,0.9876471426718523,0.9915746222056722,78,0.0047607421875,True,True,True,-2.6867190184156593,sports,0.6554109626691987,0.6554109626691987,40.9311599914342,40.9311599914342,0.8257958921910159,0.8257958921910159,0.00025110815537629505,-0.00039553535258366975,-0.006826447615356975,-0.010107283641216713,0.006575339459980567,0.010502818993800456,0.0,-0.22781381093805653,-0.5861132388539154,-0.3582994279158598,0.0,-0.22781381093805653,0.0,4.633027403937123,3.701043148482726,1.2439663430661447,0.7022278424469679,3.389061060870958,2.9988153060357483,0.21683935578717542,0.29688426635704235,1.7201475963182173,1.327865780778303,3.4605210626565395,2.436001788199267,0.07146000178556111,-0.5628135178364921,3.389061060870958,2.9988153060357483,0.21683935578717542,0.29688426635704235,1.7201475963182173,1.327865780778303,0.189017264345682,0.189017264345682,-0.3970959745082343,-7.19633694856725e-08,-0.3970959745082343,-0.3970959745082343,-0.3970959745082343,0.0,-0.4864767211262322,-0.4864767211262322,-0.844776149042092,3.5739118153799154e-07,-0.844776149042092,-0.844776149042092,-0.844776149042092,0.0,a_to_b,0.1890172643456811,-0.3970959745082343,-0.4864767211262322,-0.844776149042092,animal,1,0.6754939854719142,0.6754939854719142,0.44768017453385767,-4.2935455102366404e-07,0.44768017453385767,0.44768017453385767,0.44768017453385767,0.0,,,,,,,,,0.8509014474455546,0.5284408789223314,0.2792497625162124,True,True,0.0,0.0,0.0,True,4.2935455102366404e-07,0.0,True,0.0,True,0.0,0.0,True,True,4,sports,bat-lex-3,0.0,True,1.0,True,3,3,0.6754939854719133,0.44768017453385767,8.881784197001252e-16,0.0,True,True,True,1.0,ok,True,True,True,True,True,True,49.56571033894942,False,sports,1,0.793603665803037,1.0,1.0,1.0,1.0,1.0,True,True,True,True,True,True,True,True,bat,0
0.0012068921103099797,0.0006160336554173178,0.000677474121931546,0.017721304677818326,0.00819585153927534,0.008035777032251234,0.9810718032118717,0.9911881148053073,0.9912867488458172,83,0.00506591796875,True,True,True,-2.6867190184156593,sports,0.5277984268611974,0.5277984268611974,31.52733980086908,31.527339800869076,0.7484072528988397,0.7484072528988397,-0.0005908584548926618,-0.0005294179883784337,-0.009525453138542986,-0.009685527645567092,0.010116311593435623,0.010214945633945538,0.0,0.11479417410808068,0.09506975815456808,-0.01972441595351082,0.0,0.11479417410808068,0.0,3.744805042428948,3.78863947211459,0.8112352288448648,0.7341655570323642,2.9335698135840573,3.054473915082223,1.1304613547192948,0.8765076303445473,1.077286053447969,1.2727788210062854,2.352932121926653,2.4493839248565337,-0.5806376916574303,-0.605089990225693,2.9335698135840573,3.054473915082223,1.1304613547192948,0.8765076303445473,1.077286053447969,1.2727788210062854,-0.6725022329906487,-0.6725022329906487,-0.5774324748360797,7.315384342732045e-07,-0.5774324748360797,-0.5774324748360797,-0.5774324748360797,0.0,-0.7711394534727809,-0.7711394534727809,-0.7908638694262926,-4.221961074080127e-07,-0.7908638694262926,-0.7908638694262926,-0.7908638694262926,0.0,a_to_b,-0.6725022329906478,-0.5774324748360797,-0.7711394534727809,-0.7908638694262917,animal,1,0.09863722048213219,0.09863722048213219,0.21343139459021288,1.1537345416812173e-06,0.21343139459021288,0.21343139459021288,0.21343139459021288,0.0,,,,,,,,,0.7611101281756633,0.6488684346463403,0.42103024548040163,True,True,0.0,0.0,0.0,True,1.1537345416812173e-06,0.0,True,0.0,True,0.0,0.0,True,True,8,sports,bat-lex-3,0.0,True,1.0,True,3,3,0.09863722048213308,0.213431394590212,-8.881784197001252e-16,8.881784197001252e-16,True,True,True,1.0,ok,True,True,True,True,True,True,42.12591430501616,False,sports,1,0.7432531213722681,1.0,1.0,1.0,1.0,1.0,True,True,True,True,True,True,True,True,bat,0
0.0012068921103099797,0.000632173488304883,0.0009740137145269089,0.017721304677818326,0.007137043051090087,0.009739969685981988,0.9810718032118717,0.992230783460605,0.9892860165994911,196,0.011962890625,True,True,True,-2.6867190184156593,sports,0.6162933143172497,0.6162933143172497,43.05904474233173,43.05904474233173,0.8334893822817626,0.8334893822817626,-0.0005747186220050966,-0.00023287839578307076,-0.01058426162672824,-0.007981334991836338,0.011158980248733297,0.008214213387619407,0.0,0.12132206762048092,0.43226152087823344,0.31093945325775163,0.0,0.12132206762048092,0.0,2.5052071217919263,3.3060134095332083,0.9437112837433066,0.7623848982824253,1.5614958380485895,2.5436285112507875,1.2099654366346713,0.9014718341336384,0.5816502481982425,1.1930081319046264,1.0475917303434734,2.2680846170704996,-0.5139041077051472,-0.27554389418028347,1.5614958380485895,2.5436285112507875,1.2099654366346713,0.9014718341336384,0.5816502481982425,1.1930081319046264,-0.6466399671611498,-0.6466399671611498,-0.21437844628291636,3.186802954857626e-07,-0.21437844628291636,-0.21437844628291636,-0.21437844628291636,0.0,-0.9094690178132829,-0.9094690178132829,-0.5985295645555304,-2.882592777808668e-07,-0.5985295645555304,-0.5985295645555304,-0.5985295645555304,0.0,a_to_b,-0.6466399671611516,-0.21437844628291813,-0.9094690178132829,-0.5985295645555313,animal,1,0.26282905065213313,0.26282905065213313,0.38415111827261406,6.069395732666294e-07,0.38415111827261406,0.38415111827261406,0.38415111827261406,0.0,,,,,,,,,0.9007763725114025,0.434718363569626,0.18898005562465633,True,True,0.0,0.0,0.0,True,6.069395732666294e-07,0.0,True,0.0,True,0.0,0.0,True,True,12,sports,bat-lex-3,0.0,True,1.0,True,3,3,0.26282905065213136,0.38415111827261317,1.7763568394002505e-15,8.881784197001252e-16,True,True,True,1.0,ok,True,True,True,True,True,True,51.66117968348101,False,sports,1,0.8813308357623801,1.0,1.0,1.0,1.0,1.0,True,True,True,True,True,True,True,True,bat,0
0.00015539308453658442,0.00043248287588534964,0.0005165280070794034,0.01930180846014607,0.06135307292695666,0.0482564732124589,0.9805427984553173,0.9382144441971579,0.9512269987804618,109,0.00665283203125,True,True,True,-4.821996137209638,animal,0.6554109626691987,0.6554109626691986,40.9311599914342,40.93115999143421,0.8257958921910159,0.825795892191016,0.0002770897913487652,0.000361134922542819,0.04205126446681059,0.028954664752312828,-0.042328354258159395,-0.029315799674855536,0.0,0.41770205930388116,0.1775867795724695,-0.24011527973141122,0.0,0.41770205930388116,0.0,1.1199706707897903,1.0623503997458883,1.3458917762047342,1.6138452906376113,-0.22592110541497235,-0.5514948908917532,0.08447450970210295,0.18416735539374793,0.6881917410243232,0.8564874809800099,-0.48078095573096036,-0.35629643702259983,-0.25485985031601643,0.19519845386912316,-0.22592110541497235,-0.5514948908917532,0.08447450970210295,0.18416735539374793,0.6881917410243232,0.8564874809800099,1.0235847963676594,1.0235847963676594,1.2011715759401298,4.3565221119479247e-07,1.2011715759401298,1.2011715759401298,1.2011715759401298,0.0,1.1564464642422188,1.1564464642422188,0.916331184510808,3.292739778615328e-07,0.916331184510808,0.916331184510808,0.916331184510808,0.0,b_to_a,1.0235847963676603,1.2011715759401298,1.1564464642422192,0.916331184510808,sports,1,-0.13286166787455933,-0.13286166787455933,0.2848403914293218,1.0637823333325969e-07,0.2848403914293218,0.2848403914293218,0.2848403914293218,0.0,,,,,,,,,0.8854459435032835,0.46662330432930643,0.21773730814320516,True,True,0.0,0.0,0.0,True,1.0637823333325969e-07,0.0,True,0.0,True,0.0,0.0,True,True,4,animal,bat-lex-3,8.881784197001252e-16,True,1.0,True,3,3,-0.1328616678745589,0.2848403914293218,-4.440892098500626e-16,0.0,True,True,True,1.0,ok,True,True,True,True,True,True,49.56571033894942,False,animal,1,0.8435911109313299,1.0,0.0,1.0,0.0,1.0,True,True,True,True,True,True,True,True,bat,0
0.00015539308453658442,0.00031749095051622565,0.0004834008572633413,0.01930180846014607,0.044879303530056903,0.03450863194222392,0.9805427984553173,0.9548032055194269,0.9650079672005127,90,0.0054931640625,True,True,True,-4.821996137209638,animal,0.5277984268611974,0.5277984268611974,31.52733980086908,31.527339800869076,0.7484072528988397,0.7484072528988397,0.00016209786597964123,0.0003280077727267569,0.025577495069910833,0.015206823482077851,-0.025739592935890454,-0.015534831254804593,0.0,0.6831641746914929,0.42039692605604806,-0.2627672486354453,0.0,0.6831641746914929,0.0,0.10910370623764365,0.30321965187319755,0.8562578385374184,1.3090411379645062,-0.7471541322997659,-1.0058214860913033,0.06450632491270143,0.04321215693855009,0.6614479816095937,0.7160521660901766,-0.6708080869750876,-1.4431147451602744,0.07634604532468714,-0.43729325906896577,-0.7471541322997659,-1.0058214860913033,0.06450632491270143,0.04321215693855009,0.6614479816095937,0.7160521660901766,0.7144913797236807,0.7144913797236807,1.1348883057797288,-7.52920207958141e-07,1.1348883057797288,1.1348883057797288,1.1348883057797288,0.0,0.8437779484822672,0.8437779484822672,0.5810106998468223,-1.2231782795524282e-06,0.5810106998468223,0.5810106998468223,0.5810106998468223,0.0,b_to_a,0.7144913797236807,1.1348883057797288,0.8437779484822672,0.5810106998468219,sports,1,-0.12928656875858646,-0.12928656875858646,0.5538776059329065,4.7025807159428723e-07,0.5538776059329065,0.5538776059329065,0.5538776059329065,0.0,,,,,,,,,0.7877257568638383,0.6161505898011312,0.37964154931229094,True,True,0.0,0.0,0.0,True,4.7025807159428723e-07,0.0,True,0.0,True,0.0,0.0,True,True,8,animal,bat-lex-3,8.881784197001252e-16,True,1.0,True,3,3,-0.12928656875858646,0.5538776059329069,0.0,-4.440892098500626e-16,True,True,True,1.0,ok,True,True,True,True,True,True,42.12591430501616,False,animal,1,0.7753395815462087,1.0,0.0,1.0,0.0,1.0,True,True,True,True,True,True,True,True,bat,0
0.00015539308453658442,0.0002770359212601065,0.0004702449314674597,0.01930180846014607,0.03058930181844685,0.05002225787314216,0.9805427984553173,0.969133662260293,0.9495074971953904,190,0.0115966796875,True,True,True,-4.821996137209638,animal,0.6162933143172497,0.6162933143172497,43.05904474233173,43.05904474233173,0.8334893822817626,0.8334893822817626,0.0001216428367235221,0.00031485184693087526,0.01128749335830078,0.030720449412996093,-0.011409136195024372,-0.03103530125992693,0.0,0.037288782540553456,0.5291065123254093,0.49181772978485716,0.0,0.037288782540553456,0.0,0.21236725328644646,-0.20271455378677672,0.6349600250664604,1.2782108174027833,-0.42259277178003174,-1.4809253711896169,0.022952637435857712,0.1983045556745154,0.7058404079118651,0.7098922214424543,-0.2387517247942892,-1.4413737740609491,0.1838410469857248,0.039551597128610894,-0.42259277178003174,-1.4809253711896169,0.022952637435857712,0.1983045556745154,0.7058404079118651,0.7098922214424543,0.5781892415272676,0.5781892415272676,1.1072957538526786,-4.707276524129611e-08,1.1072957538526786,1.1072957538526786,1.1072957538526786,0.0,0.4604515399336764,0.4604515399336764,0.952269269718534,5.5588486702617956e-08,0.952269269718534,0.952269269718534,0.952269269718534,0.0,b_to_a,0.5781892415272694,1.1072957538526786,0.4604515399336764,0.9522692697185335,sports,1,0.1177377015935912,0.1177377015935912,0.15502648413414466,-1.0266125194391407e-07,0.15502648413414466,0.15502648413414466,0.15502648413414466,0.0,,,,,,,,,0.9012052768246768,0.4343008398738229,0.18861721951511082,True,True,0.0,0.0,0.0,True,1.0266125194391407e-07,0.0,True,0.0,True,0.0,0.0,True,True,12,animal,bat-lex-3,8.881784197001252e-16,True,1.0,True,3,3,0.11773770159359298,0.1550264841341451,-1.7763568394002505e-15,-4.440892098500626e-16,True,True,True,1.0,ok,True,True,True,True,True,True,51.66117968348101,False,animal,1,0.8731309025350558,1.0,1.0,1.0,1.0,1.0,True,True,True,True,True,True,True,True,bat,0
1.615588475904726e-05,1.1486806946367397e-05,1.0970670083727087e-05,0.0051491837006654665,0.0037713557725572644,0.004001752643833989,0.9948346604145756,0.9962171574204963,0.9959872766860823,54,0.0032958984375,True,True,True,-5.764309111706375,water,0.6127613202041637,0.6127613202041637,32.80100130510583,32.80100130510583,0.7179785103775986,0.7179785103775986,-4.669077812679862e-06,-5.1852146753201724e-06,-0.0013778279281082021,-0.0011474310568314779,0.0013824970059207464,0.0011526162715067567,0.0,-0.10527166697063262,-0.04597379903635357,0.05929786793427727,0.0,-0.10527166697063262,0.0,-0.4519242972678299,-0.5806045469424337,-0.4435755622993849,-0.6552649757182056,-0.008348734968443239,0.07466042877576129,0.05735885983395333,0.0416007602077877,0.5781104655018836,0.46031486358531243,-0.3771696074047526,-0.41224664274055556,-0.3688208724363067,-0.4869070715163275,-0.008348734968443239,0.07466042877576129,0.05735885983395333,0.0416007602077877,0.5781104655018836,0.46031486358531243,-0.3410852099118049,-0.3410852099118049,-0.38705900894816025,4.1174577702918214e-07,-0.38705900894816025,-0.38705900894816025,-0.38705900894816025,0.0,-0.31140363920766223,-0.31140363920766223,-0.25210577127338496,5.247647862915983e-07,-0.25210577127338496,-0.25210577127338496,-0.25210577127338496,0.0,a_to_b,-0.3410852099118067,-0.38705900894816025,-0.3114036392076631,-0.25210577127338585,season,1,-0.02968157070414268,-0.02968157070414268,-0.1349532376747753,-1.1301900926241615e-07,-0.1349532376747753,-0.1349532376747753,-0.1349532376747753,0.0,,,,,,,,,0.8879299731610061,0.460541183978106,0.2120981821399609,True,True,0.0,0.0,0.0,True,1.1301900926241615e-07,0.0,True,0.0,True,0.0,0.0,True,True,4,water,spring-lex-0,8.881784197001252e-16,True,1.0,True,3,3,-0.029681570704143567,-0.1349532376747744,8.881784197001252e-16,-8.881784197001252e-16,True,True,True,1.0,ok,True,True,True,True,True,True,45.685213179786054,False,water,1,0.865174328198359,1.0,1.0,1.0,1.0,1.0,True,True,True,True,True,True,True,True,spring,0
1.615588475904726e-05,2.0735172355425766e-05,1.5945332195299457e-05,0.0051491837006654665,0.0029830641422260353,0.004274379831749407,0.9948346604145756,0.9969962006854185,0.9957096748360553,57,0.00347900390625,True,True,True,-5.764309111706375,water,0.4711955447475147,0.4711955447475147,26.04348905188179,26.04348905188179,0.5821515578557329,0.5821515578557329,4.579287596378507e-06,-2.1055256374780232e-07,-0.002166119558439431,-0.0008748038689160593,0.002161540270842921,0.0008750144214797473,0.0,-0.6223532872679556,-0.2626652718907838,0.3596880153771709,0.0,-0.6223532872679556,0.0,0.3272712355035132,-0.18878284100211218,0.6351706738148941,-0.18040114404610286,-0.30789943831140576,-0.008381696956011098,0.04529011421043416,0.02094502469616109,0.46303953926231217,0.4285775064409135,-0.43882094193899235,-0.17017652946431738,-0.13092150362761146,-0.16179483250830806,-0.30789943831140576,-0.008381696956011098,0.04529011421043416,0.02094502469616109,0.46303953926231217,0.4285775064409135,0.24954704129521055,0.24954704129521055,-0.013118230595573266,-3.180412448955394e-07,-0.013118230595573266,-0.013118230595573266,-0.013118230595573266,0.0,-0.5458871894958364,-0.5458871894958364,-0.1861991741186646,3.887648718503556e-07,-0.1861991741186646,-0.1861991741186646,-0.1861991741186646,0.0,a_to_b,0.24954704129521232,-0.01311823059557149,-0.5458871894958355,-0.1861991741186646,season,1,0.7954342307910469,0.7954342307910469,0.17308094352309134,-7.06806116745895e-07,0.17308094352309134,0.17308094352309134,0.17308094352309134,0.0,,,,,,,,,0.8138322156680818,0.5823062243821272,0.33908053895417645,True,True,0.0,0.0,0.0,True,7.06806116745895e-07,0.0,True,0.0,True,0.0,0.0,True,True,8,water,spring-lex-0,8.881784197001252e-16,True,1.0,True,3,3,0.7954342307910478,0.1730809435230931,-8.881784197001252e-16,-1.7763568394002505e-15,True,True,True,1.0,ok,True,True,True,True,True,True,44.736613173052454,False,water,1,0.7763700452371345,1.0,1.0,1.0,1.0,1.0,True,True,True,True,True,True,True,True,spring,0
1.615588475904726e-05,1.5855038331081415e-05,1.0128589624757637e-05,0.0051491837006654665,0.002866115535303125,0.0036183569001393984,0.9948346604145756,0.9971180294263657,0.9963715145102358,174,0.0106201171875,True,True,True,-5.764309111706375,water,0.6199666124701796,0.6199666124701796,47.29077956508402,47.29077956508402,0.8437923032439086,0.8437923032439086,-3.0084642796584425e-07,-6.027295134289622e-06,-0.0022830681653623415,-0.001530826800526068,0.0022833690117901595,0.0015368540956601784,0.0,-0.6811876314137439,-0.44812524458784075,0.2330623868259023,0.0,-0.6811876314137439,0.0,0.33649541670646244,-0.5949032337028726,0.46584359937355835,-0.5354084088919144,-0.12934818266709414,-0.05949482481096169,0.04491237766736537,0.05764863918592992,0.5217210905265948,0.4612656222273676,-0.1886352297343663,-0.1805157406826261,-0.05928704706727128,-0.12102091587166797,-0.12934818266709414,-0.05949482481096169,0.04491237766736537,0.05764863918592992,0.5217210905265948,0.4612656222273676,-0.01879703907355612,-0.01879703907355612,-0.46692228366139865,1.3683608912629097e-08,-0.46692228366139865,-0.46692228366139865,-0.46692228366139865,0.0,-0.585880556406142,-0.585880556406142,-0.3528181695802406,1.2215519173963685e-07,-0.3528181695802406,-0.3528181695802406,-0.3528181695802406,0.0,a_to_b,-0.018797039073557897,-0.46692228366139865,-0.585880556406142,-0.3528181695802397,season,1,0.5670835173325859,0.5670835173325859,-0.11410411408115806,-1.0847158282700775e-07,-0.11410411408115806,-0.11410411408115806,-0.11410411408115806,0.0,,,,,,,,,0.8988901448684308,0.43860218369006854,0.19237187553769985,True,True,0.0,0.0,0.0,True,1.0847158282700775e-07,0.0,True,0.0,True,0.0,0.0,True,True,12,water,spring-lex-0,8.881784197001252e-16,True,1.0,True,3,3,0.5670835173325841,-0.11410411408115895,1.7763568394002505e-15,8.881784197001252e-16,True,True,True,1.0,ok,True,True,True,True,True,True,56.04552137211666,False,water,1,0.8795157267019863,1.0,0.0,1.0,0.0,1.0,True,True,True,True,True,True,True,True,spring,0
7.007365233359895e-05,7.436350112824297e-05,7.442126785979642e-05,0.0005980948335016211,0.0007471500425466929,0.000609020344745852,0.9993318315141648,0.9991784864563251,0.9993165583873943,69,0.00421142578125,True,True,True,-2.1442024607340873,season,0.6127613202041637,0.6127613202041637,32.80100130510583,32.80100130510583,0.7179785103775986,0.7179785103775986,4.2898487946440125e-06,4.3476155261974666e-06,0.00014905520904507177,1.0925511244230931e-05,-0.00015334505783970442,-1.527312677052084e-05,0.0,0.20519086525924735,0.0007765140860733766,-0.20441435117317575,0.0,0.20519086525924735,0.0,0.063294071171061,-1.417848356101329,0.04535648989076613,0.060351612373617414,0.01793758128028955,-1.4781999684749714,0.04523568424983854,0.046864456884864465,0.48893562869843066,0.6883496634278824,0.34291718523939174,-1.738564741359669,0.32497960395909775,-0.2603647728847225,0.01793758128028955,-1.4781999684749714,0.04523568424983854,0.046864456884864465,0.48893562869843066,0.6883496634278824,0.059418380139630855,0.059418380139630855,0.060194894225702456,-9.137123733182761e-07,0.060194894225702456,0.060194894225702456,0.060194894225702456,0.0,0.22251669930439633,0.22251669930439633,0.01810234813122058,-1.2885515268123982e-06,0.01810234813122058,0.01810234813122058,0.01810234813122058,0.0,b_to_a,0.05941838013963263,0.06019489422570601,0.2225166993043981,0.018102348131222357,water,1,-0.16309831916476547,-0.16309831916476547,0.042092546094481875,3.74839153494122e-07,0.042092546094481875,0.042092546094481875,0.042092546094481875,0.0,,,,,,,,,0.9042323119135085,0.42718269808018994,0.18248505753907515,True,True,0.0,0.0,0.0,True,3.74839153494122e-07,0.0,True,0.0,True,0.0,0.0,True,True,4,season,spring-lex-0,8.881784197001252e-16,True,1.0,True,3,3,-0.16309831916476547,0.04209254609448365,0.0,-1.7763568394002505e-15,True,True,True,1.0,ok,True,True,True,True,True,True,45.685213179786054,False,season,1,0.8932263386478841,1.0,0.0,1.0,0.0,1.0,True,True,True,True,True,True,True,True,spring,0
7.007365233359895e-05,7.808110067826912e-05,9.493452208717104e-05,0.0005980948335016211,0.001001182803732361,0.0008793132961034727,0.9993318315141648,0.9989207360955893,0.9990257521818093,63,0.00384521484375,True,True,True,-2.1442024607340873,season,0.4711955447475147,0.4711955447475147,26.04348905188179,26.04348905188179,0.5821515578557329,0.5821515578557329,8.007448344670166e-06,2.486086975357209e-05,0.00040308797023073993,0.00028121846260185164,-0.00041109541857553555,-0.0003060793323554911,0.0,0.32523550021576497,0.1954393739698812,-0.12979612624588555,0.0,0.32523550021576497,0.0,0.6378223510674026,0.7243188215461309,0.06694200453990895,0.31649223486887124,0.5708803465274883,0.4078265866772597,0.06612322804719477,0.06570080437809861,0.569540453613955,0.3784624264181281,1.2216975696680787,0.7267214335969641,0.650817223140586,0.31889484691970527,0.5708803465274883,0.4078265866772597,0.06612322804719477,0.06570080437809861,0.569540453613955,0.3784624264181281,0.10820117371284788,0.10820117371284788,0.3036405476827291,-2.4006715726443417e-07,0.3036405476827291,0.3036405476827291,0.3036405476827291,0.0,0.515188057924945,0.515188057924945,0.3853919316790613,-5.220850312070979e-07,0.3853919316790613,0.3853919316790613,0.3853919316790613,0.0,b_to_a,0.10820117371284965,0.30364054768273085,0.5151880579249468,0.3853919316790613,water,1,-0.40698688421209717,-0.40698688421209717,-0.0817513839963322,2.8201787394266375e-07,-0.0817513839963322,-0.0817513839963322,-0.0817513839963322,0.0,,,,,,,,,0.8076438384958835,0.5898605722916674,0.34793549474426133,True,True,0.0,0.0,0.0,True,2.8201787394266375e-07,0.0,True,0.0,True,0.0,0.0,True,True,8,season,spring-lex-0,8.881784197001252e-16,True,1.0,True,3,3,-0.40698688421209717,-0.08175138399633042,0.0,-1.7763568394002505e-15,True,True,True,1.0,ok,True,True,True,True,True,True,44.736613173052454,False,season,1,0.7926750508152965,1.0,1.0,1.0,1.0,1.0,True,True,True,True,True,True,True,True,spring,0
7.007365233359895e-05,8.440475934108261e-05,0.00012296254836508108,0.0005980948335016211,0.0005838187855621343,0.0008035086695949329,0.9993318315141648,0.9993317764550967,0.99907352878204,181,0.01104736328125,True,True,True,-2.1442024607340873,season,0.6199666124701796,0.6199666124701796,47.29077956508402,47.29077956508402,0.8437923032439086,0.8437923032439086,1.4331107007483653e-05,5.2888896031482124e-05,-1.4276047939486823e-05,0.00020541383609331177,-5.5059068082563556e-08,-0.00025830273212479327,0.0,0.05685869493448337,0.37625603386153195,0.31939733892704947,0.0,0.05685869493448337,0.0,0.07759176015820302,0.309127000017968,0.1461943319320298,0.5699912691026512,-0.06860257177383389,-0.2608642690847027,0.09784735624008485,0.03457062021788012,0.48592014884314727,0.43251426613570326,-0.03932149762095172,0.35247777568138794,0.029281074152875064,0.6133420447660711,-0.06860257177383389,-0.2608642690847027,0.09784735624008485,0.03457062021788012,0.48592014884314727,0.43251426613570326,0.1860769252149943,0.1860769252149943,0.5623329590765263,1.0095112301655718e-07,0.5623329590765263,0.5623329590765263,0.5623329590765263,0.0,-0.02415868984766867,-0.02415868984766867,0.2952386490793799,-7.599016704773476e-08,0.2952386490793799,0.2952386490793799,0.2952386490793799,0.0,b_to_a,0.18607692521499608,0.562332959076528,-0.02415868984766778,0.2952386490793817,water,1,0.21023561506266297,0.21023561506266297,0.26709430999714634,1.7694129006429193e-07,0.26709430999714634,0.26709430999714634,0.26709430999714634,0.0,,,,,,,,,0.9050400140340327,0.42556827497406163,0.1811083566644013,True,True,0.0,0.0,0.0,True,1.7694129006429193e-07,0.0,True,0.0,True,0.0,0.0,True,True,12,season,spring-lex-0,8.881784197001252e-16,True,1.0,True,3,3,0.21023561506266386,0.26709430999714634,-8.881784197001252e-16,0.0,True,True,True,1.0,ok,True,True,True,True,True,True,56.04552137211666,False,season,1,0.8906948522320797,1.0,1.0,1.0,1.0,1.0,True,True,True,True,True,True,True,True,spring,0
1.825435564961728e-05,2.5919560951185452e-05,1.5378403707387206e-05,0.007032682005723546,0.006038133831710321,0.007858787125671212,0.9929490636386268,0.9939359466073384,0.9921258344706214,58,0.0035400390625,True,True,True,-5.9539197034017475,water,0.6140601214049853,0.6140601214049853,35.73841122993317,35.73841122993317,0.6616607668913147,0.6616607668913147,7.66520530156817e-06,-2.8759519422300758e-06,-0.0009945481740132253,0.0008261051199476661,0.0009868829687116332,-0.0008232291680053683,0.0,-0.7855710530716831,-0.5220337641948927,0.2635372888767886,0.0,-0.7855710530716831,0.0,0.8136327533333034,0.19034958120306733,0.12755742220085153,-0.11271340296832832,0.6860753311324608,0.30306298417141164,0.08063425254736392,0.027057494426692034,0.5523500340497554,0.3981435209492494,0.5435076035064128,0.41990409196507983,-0.14256772762603998,0.11684110779368417,0.6860753311324608,0.30306298417141164,0.08063425254736392,0.027057494426692034,0.5523500340497554,0.3981435209492494,0.35059421544412217,0.35059421544412217,-0.17143954875077227,-3.482740584814792e-07,-0.17143954875077227,-0.17143954875077227,-0.17143954875077227,0.0,-0.15247314575811366,-0.15247314575811366,0.11106414311867496,-3.18868805138095e-07,0.11106414311867496,0.11106414311867496,0.11106414311867496,0.0,a_to_b,0.35059421544412217,-0.1714395487507705,-0.15247314575811366,0.11106414311867496,season,1,0.5030673612022358,0.5030673612022358,-0.28250369186944724,-2.9405253343384175e-08,-0.28250369186944724,-0.28250369186944724,-0.28250369186944724,0.0,,,,,,,,,0.8958064548276733,0.4446706129177106,0.19773195399261717,True,True,0.0,0.0,0.0,True,2.9405253343384175e-08,0.0,True,0.0,True,0.0,0.0,True,True,4,water,spring-lex-1,8.881784197001252e-16,True,1.0,True,3,3,0.5030673612022358,-0.28250369186944546,0.0,-1.7763568394002505e-15,True,True,True,1.0,ok,True,True,True,True,True,True,54.01319379694098,False,water,1,0.8816234190616032,1.0,0.0,1.0,0.0,1.0,True,True,True,True,True,True,True,True,spring,0
1.825435564961728e-05,5.631586602452834e-05,1.9379744754862244e-05,0.007032682005723546,0.004487758624160323,0.008795696467951107,0.9929490636386268,0.9954559255098152,0.9911849237872941,73,0.00445556640625,True,True,True,-5.9539197034017475,water,0.6025762335919864,0.6025762335919865,42.78678701054986,42.78678701054985,0.6991885947717783,0.6991885947717782,3.806151037491106e-05,1.1253891052449628e-06,-0.002544923381563223,0.0017630144622275612,0.002506861871188426,-0.0017641398513327244,0.0,-1.7396570516252838,-1.066747871770497,0.6729091798547868,0.0,-1.7396570516252838,0.0,1.3168699247280955,-0.18686889241167748,0.9392295861623587,-0.107200752206003,0.37764033856574386,-0.07966814020566915,0.10549060318139875,0.0487341368332197,0.6237566715095239,0.5415084152741374,-0.060851810406489903,0.14887980802749112,-0.43849214897222666,0.2285479482331647,0.37764033856574386,-0.07966814020566915,0.10549060318139875,0.0487341368332197,0.6237566715095239,0.5415084152741374,1.1265725903178225,1.1265725903178225,0.05982471854732552,3.981578942102715e-07,0.05982471854732552,0.05982471854732552,0.05982471854732552,0.0,-0.44921475742583716,-0.44921475742583716,0.22369442242894966,-1.4248269053496188e-07,0.22369442242894966,0.22369442242894966,0.22369442242894966,0.0,a_to_b,1.1265725903178225,0.05982471854732552,-0.44921475742583716,0.22369442242894966,season,1,1.5757873477436597,1.5757873477436597,-0.16386970388162414,5.406405847452334e-07,-0.16386970388162414,-0.16386970388162414,-0.16386970388162414,0.0,,,,,,,,,0.8103712033388936,0.5861760272666461,0.34360233494211573,True,True,0.0,0.0,0.0,True,5.406405847452334e-07,0.0,True,0.0,True,0.0,0.0,True,True,8,water,spring-lex-1,8.881784197001252e-16,True,1.0,True,3,3,1.5757873477436597,-0.16386970388162414,0.0,0.0,True,True,True,1.0,ok,True,True,True,True,True,True,61.19491554995382,False,water,1,0.8278016979687681,1.0,0.0,1.0,0.0,1.0,True,True,True,True,True,True,True,True,spring,0
1.825435564961728e-05,5.132773621392617e-05,4.564391930185984e-05,0.007032682005723546,0.004273673843867476,0.008367265720432062,0.9929490636386268,0.9956749984199186,0.991587090360266,199,0.01214599609375,True,True,True,-5.9539197034017475,water,0.7199308377894198,0.7199308377894199,63.186747480357475,63.18674748035747,0.8174689832135935,0.8174689832135935,3.3073380564308894e-05,2.7389563652242557e-05,-0.0027590081618560696,0.0013345837147085158,0.0027259347812917945,-0.0013619732783607397,0.0,-0.7892141900822711,-0.11736087742637835,0.6718533126558919,0.0,-0.7892141900822711,0.0,1.9216278518913832,1.582640881699236,1.0721637590129536,0.9784317065391921,0.8494640928784456,0.6042091751600545,0.1279627865966105,0.06170144219397201,0.7763245393729457,0.5563822153281566,0.3607132012191343,0.7843565817841522,-0.4887508916592962,0.18014740662410755,0.8494640928784456,0.6042091751600545,0.1279627865966105,0.06170144219397201,0.7763245393729457,0.5563822153281566,1.033827555722329,1.033827555722329,0.9164666782959507,4.722910897925203e-07,0.9164666782959507,0.9164666782959507,0.9164666782959507,0.0,-0.49809429940221506,-0.49809429940221506,0.1737590132536777,6.246361117234756e-08,0.1737590132536777,0.1737590132536777,0.1737590132536777,0.0,a_to_b,1.033827555722329,0.9164666782959507,-0.49809429940221417,0.1737590132536777,season,1,1.5319218551245442,1.5319218551245442,0.742707665042273,4.0982747862017277e-07,0.742707665042273,0.742707665042273,0.742707665042273,0.0,,,,,,,,,0.9024127913002501,0.43139025268646203,0.18609755011289209,True,True,0.0,0.0,0.0,True,4.0982747862017277e-07,0.0,True,0.0,True,0.0,0.0,True,True,12,water,spring-lex-1,8.881784197001252e-16,True,1.0,True,3,3,1.5319218551245433,0.742707665042273,8.881784197001252e-16,0.0,True,True,True,1.0,ok,True,True,True,True,True,True,77.2955901421004,False,water,1,0.8812847053670406,1.0,1.0,1.0,1.0,1.0,True,True,True,True,True,True,True,True,spring,0
2.0416932649592374e-05,3.6976116035366184e-05,2.5501464398239897e-05,2.9096239733484573e-05,4.595128079180456e-05,3.13675511141203e-05,0.9999504868276169,0.9999170726031729,0.9999431309844876,77,0.00469970703125,True,True,True,-0.3542443586403792,season,0.6140601214049853,0.6140601214049851,35.73841122993317,35.73841122993318,0.6616607668913147,0.6616607668913148,1.655918338577381e-05,5.0845317486475225e-06,1.685504105831999e-05,2.2713113806357287e-06,-3.3414224444028306e-05,-7.355843129275286e-06,0.0,0.010271453679322917,-0.371536313756172,-0.3818077674354967,0.0,0.010271453679322917,0.0,-1.504150296183976,-1.7326906688675514,0.5981677658850248,0.2059611985628056,-2.1023180620690525,-1.9386518674304085,0.008119629138077766,0.011341875181869516,0.9477427754451913,0.9883153570711869,-2.0789658374317668,-2.134227004974786,0.023352224637234187,-0.195575137544429,-2.1023180620690525,-1.9386518674304085,0.008119629138077766,0.011341875181869516,0.9477427754451913,0.9883153570711869,0.5939076032466186,0.5939076032466186,0.22237128949044482,2.259415143868182e-07,0.22237128949044482,0.22237128949044482,0.22237128949044482,0.0,0.4569727749633401,0.4569727749633401,0.07516500752784339,2.6316057244457625e-07,0.07516500752784339,0.07516500752784339,0.07516500752784339,0.0,b_to_a,0.5939076032466168,0.22237128949044482,0.4569727749633401,0.07516500752784339,water,1,0.13693482828327852,0.13693482828327852,0.14720628196260144,-3.721905805775805e-08,0.14720628196260144,0.14720628196260144,0.14720628196260144,0.0,,,,,,,,,0.8599432107521167,0.5105517242433661,0.26066306312788073,True,True,0.0,0.0,0.0,True,3.721905805775805e-08,0.0,True,0.0,True,0.0,0.0,True,True,4,season,spring-lex-1,0.0,True,1.0,True,3,3,0.13693482828327674,0.14720628196260144,1.7763568394002505e-15,0.0,True,True,True,1.0,ok,True,True,True,True,True,True,54.01319379694098,False,season,1,0.8470828512493582,1.0,1.0,1.0,1.0,1.0,True,True,True,True,True,True,True,True,spring,0
2.0416932649592374e-05,3.742022103476763e-05,4.9017887006751254e-05,2.9096239733484573e-05,4.595129594432995e-05,9.333475481470758e-05,0.9999504868276169,0.9999166284830209,0.9998576473581786,64,0.00390625,True,True,True,-0.3542443586403792,season,0.6025762335919864,0.6025762335919865,42.78678701054986,42.78678701054985,0.6991885947717783,0.6991885947717782,1.7003288385175254e-05,2.860095435715888e-05,1.6855056210845376e-05,6.4238515081223e-05,-3.385834459601611e-05,-9.283946943827726e-05,0.0,-0.4386364480168812,0.26997404476322195,0.7086104927801049,0.0,-0.4386364480168812,0.0,-0.06091427886379819,-0.2431205450443059,0.6553366309561515,0.8966348229280321,-0.7162509098199266,-1.13975536797237,0.007860172862356053,0.02156527025166413,0.46736120029024253,0.47266956715195,-1.133852554569744,0.2897791677023438,-0.41760164474979433,1.4295345356746818,-0.7162509098199266,-1.13975536797237,0.007860172862356053,0.02156527025166413,0.46736120029024253,0.47266956715195,0.6058466392832695,0.6058466392832695,0.8758206840464933,-7.625545350720131e-08,0.8758206840464933,0.8758206840464933,0.8758206840464933,0.0,0.45697310471525654,0.45697310471525654,1.1655835974953614,-4.0761933206567846e-07,1.1655835974953614,1.1655835974953614,1.1655835974953614,0.0,b_to_a,0.6058466392832695,0.8758206840464915,0.45697310471525654,1.1655835974953614,water,1,0.148873534568013,0.148873534568013,-0.2897629134488682,3.3136387855847715e-07,-0.2897629134488682,-0.2897629134488682,-0.2897629134488682,0.0,,,,,,,,,0.8175474550787559,0.5773754548393293,0.3333624158509302,True,True,0.0,0.0,0.0,True,3.3136387855847715e-07,0.0,True,0.0,True,0.0,0.0,True,True,8,season,spring-lex-1,0.0,True,1.0,True,3,3,0.148873534568013,-0.28976291344886995,0.0,1.7763568394002505e-15,True,True,True,1.0,ok,True,True,True,True,True,True,61.19491554995382,False,season,1,0.7757592132315294,1.0,0.0,1.0,0.0,1.0,True,True,True,True,True,True,True,True,spring,0
2.0416932649592374e-05,2.2288191569767445e-05,3.083079709916381e-05,2.9096239733484573e-05,2.3820068944700652e-05,3.71363340845586e-05,0.9999504868276169,0.9999538917394855,0.9999320328688163,174,0.0106201171875,True,True,True,-0.3542443586403792,season,0.7199308377894198,0.7199308377894198,63.186747480357475,63.186747480357475,0.8174689832135935,0.8174689832135935,1.871258920175071e-06,1.0413864449571434e-05,-5.276170788783921e-06,8.040094351074026e-06,3.4049118685652857e-06,-1.8453958800623838e-05,0.0,-0.11961030338443202,0.3244570840254415,0.4440673874098753,0.0,-0.11961030338443202,0.0,-0.2015756808488689,-0.13695073267774305,0.09010291858549735,0.43435458423417117,-0.29167859943436625,-0.5713053169119391,0.006751621129389723,0.01654793471461862,0.43292642009143545,0.4254046420549405,-0.9342150655367458,-0.9093615100643504,-0.6425364661023796,-0.3380561931524362,-0.29167859943436625,-0.5713053169119391,0.006751621129389723,0.01654793471461862,0.43292642009143545,0.4254046420549405,0.08769242379125863,0.08769242379125863,0.4121495078167019,7.164989970220859e-07,0.4121495078167019,0.4121495078167019,0.4121495078167019,0.0,-0.20008048872052697,-0.20008048872052697,0.2439868986893483,9.264056579638691e-07,0.2439868986893483,0.2439868986893483,0.2439868986893483,0.0,b_to_a,0.08769242379125863,0.4121495078167001,-0.20008048872052697,0.2439868986893483,water,1,0.2877729125117856,0.2877729125117856,0.1681626091273536,-2.0990666094178323e-07,0.1681626091273536,0.1681626091273536,0.1681626091273536,0.0,,,,,,,,,0.8931794607804474,0.4500609307402303,0.20255484137876573,True,True,0.0,0.0,0.0,True,2.0990666094178323e-07,0.0,True,0.0,True,0.0,0.0,True,True,12,season,spring-lex-1,0.0,True,1.0,True,3,3,0.2877729125117856,0.16816260912735181,0.0,1.7763568394002505e-15,True,True,True,1.0,ok,True,True,True,True,True,True,77.2955901421004,False,season,1,0.8751686157470188,1.0,1.0,1.0,1.0,1.0,True,True,True,True,True,True,True,True,spring,0
8.638459350660354e-06,1.0047663141349107e-05,1.0555732751308214e-05,0.006272761973320871,0.004604625177723585,0.004324576498014307,0.9937185995673286,0.9953853271591351,0.9956648677692344,57,0.00347900390625,True,True,True,-6.587747791724412,water,0.5930534586053798,0.5930534586053798,33.27334830425232,33.27334830425232,0.7166925213176756,0.7166925213176756,1.4092037906887525e-06,1.9172734006478603e-06,-0.0016681367955972857,-0.001948185475306564,0.0016667275918065272,0.0019462682019057986,0.0,0.11207607257920138,0.04932901687094571,-0.06274705570825567,0.0,0.11207607257920138,0.0,0.7299298099533846,0.7537279033504305,0.3883734402028729,0.22267626786299743,0.3415563697505206,0.5310516354874473,0.07520868622684748,0.03510335931427889,0.5216067654284999,0.42679659258490577,0.6142897334849202,0.6510534262946592,0.2727333637344076,0.1200017908072244,0.3415563697505206,0.5310516354874473,0.07520868622684748,0.03510335931427889,0.5216067654284999,0.42679659258490577,0.1511158331985154,0.1511158331985154,0.2004448500694611,7.556290775312391e-07,0.2004448500694611,0.2004448500694611,0.2004448500694611,0.0,-0.30915549199887327,-0.30915549199887327,-0.37190254770712894,2.801109202366092e-07,-0.37190254770712894,-0.37190254770712894,-0.37190254770712894,0.0,a_to_b,0.1511158331985154,0.2004448500694611,-0.30915549199887327,-0.37190254770712894,season,1,0.46027132519738867,0.46027132519738867,0.57234739777659,4.7551815729462987e-07,0.57234739777659,0.57234739777659,0.57234739777659,0.0,,,,,,,,,0.9065474413572202,0.4224606986584343,0.17847304191097677,True,True,0.0,0.0,0.0,True,4.7551815729462987e-07,0.0,True,0.0,True,0.0,0.0,True,True,4,water,spring-lex-2,8.881784197001252e-16,True,1.0,True,3,3,0.46027132519738867,0.57234739777659,0.0,0.0,True,True,True,1.0,ok,True,True,True,True,True,True,46.42625298095421,False,water,1,0.8891892921961021,1.0,1.0,1.0,1.0,1.0,True,True,True,True,True,True,True,True,spring,0
8.638459350660354e-06,6.984195384930592e-06,9.056889378798751e-06,0.006272761973320871,0.0041614405796948735,0.005558167926011111,0.9937185995673286,0.9958315752249202,0.99443277518461,79,0.00482177734375,True,True,True,-6.587747791724412,water,0.5935251384141446,0.5935251384141446,37.59208562087158,37.59208562087158,0.6965422987656947,0.6965422987656947,-1.6542639657297621e-06,4.184300281383969e-07,-0.0021113213936259975,-0.0007145940473097601,0.002112975657591609,0.0007141756172814873,0.0,-0.02953130552456873,0.25987593120403396,0.2894072367286009,0.0,-0.02953130552456873,0.0,0.9767701064297309,0.5668933676638765,0.07860822042690074,0.21583947986041707,0.8981618860028462,0.3510538878034595,0.0938344588025004,0.038020681079115826,0.7990856944967165,0.5032474809455063,0.9315856426676667,0.2747964769701845,0.03342375666483477,-0.07625741083327497,0.8981618860028462,0.3510538878034595,0.0938344588025004,0.038020681079115826,0.7990856944967165,0.5032474809455063,-0.21257445679576037,-0.21257445679576037,0.047301474408271815,1.254277897544398e-06,0.047301474408271815,0.047301474408271815,0.047301474408271815,0.0,-0.4103554562388716,-0.4103554562388716,-0.12094821951027068,1.044685227213904e-09,-0.12094821951027068,-0.12094821951027068,-0.12094821951027068,0.0,a_to_b,-0.21257445679576037,0.04730147440827359,-0.4103554562388725,-0.12094821951027157,season,1,0.19778099944311123,0.19778099944311123,0.1682496939185425,1.253233212317184e-06,0.1682496939185425,0.1682496939185425,0.1682496939185425,0.0,,,,,,,,,0.8003453035287669,0.5995589521186974,0.3594709370656789,True,True,0.0,0.0,0.0,True,1.253233212317184e-06,0.0,True,0.0,True,0.0,0.0,True,True,8,water,spring-lex-2,8.881784197001252e-16,True,1.0,True,3,3,0.19778099944311212,0.16824969391854516,-8.881784197001252e-16,-2.6645352591003757e-15,True,True,True,1.0,ok,True,True,True,True,True,True,53.96956608017417,False,water,1,0.79549329917667,1.0,1.0,1.0,1.0,1.0,True,True,True,True,True,True,True,True,spring,0
8.638459350660354e-06,1.2873109550032034e-05,1.1166195549620682e-05,0.006272761973320871,0.0033432349683587084,0.003294215461259064,0.9937185995673286,0.9966438919220912,0.9966946183431913,185,0.01129150390625,True,True,True,-6.587747791724412,water,0.6356087485513865,0.6356087485513865,53.490448307677845,53.490448307677845,0.7807173353320752,0.7807173353320752,4.2346501993716795e-06,2.5277361989603276e-06,-0.0029295270049621625,-0.002978546512061807,0.0029252923547626875,0.002976018775862732,0.0,-0.12747879320726252,-0.14224964501689286,-0.014770851809631225,0.0,-0.12747879320726252,0.0,1.2420588770367118,0.5009872881226443,0.7220306023423841,-0.11557234533644589,0.520028274694333,0.6165596334590973,0.19809253289039674,0.25781565851713695,0.8405884239405099,0.8985222886663531,0.4146657255434434,0.39755843945951597,-0.10536254915088517,-0.21900119399957507,0.520028274694333,0.6165596334590973,0.19809253289039674,0.25781565851713695,0.8405884239405099,0.8985222886663531,0.3989163536835889,0.3989163536835889,0.25666670866669605,3.9323252920553387e-07,0.25666670866669605,0.25666670866669605,0.25666670866669605,0.0,-0.6292778721180579,-0.6292778721180579,-0.6440487239276882,6.990169598708462e-08,-0.6440487239276882,-0.6440487239276882,-0.6440487239276882,0.0,a_to_b,0.3989163536835889,0.25666670866669605,-0.629277872118057,-0.6440487239276882,season,1,1.0281942258016468,1.0281942258016468,0.9007154325943842,3.2333083321844924e-07,0.9007154325943842,0.9007154325943842,0.9007154325943842,0.0,,,,,,,,,0.8898235681066453,0.45634126568692235,0.2082473507687455,True,True,0.0,0.0,0.0,True,3.2333083321844924e-07,0.0,True,0.0,True,0.0,0.0,True,True,12,water,spring-lex-2,8.881784197001252e-16,True,1.0,True,3,3,1.0281942258016459,0.9007154325943842,8.881784197001252e-16,0.0,True,True,True,1.0,ok,True,True,True,True,True,True,68.51448774981522,False,water,1,0.8840500833022267,1.0,1.0,1.0,1.0,1.0,True,True,True,True,True,True,True,True,spring,0
7.665734840176677e-05,7.432645294493538e-05,9.573647528577137e-05,0.0014439623740758996,0.0013353547887894031,0.0021047317414895914,0.9984793802775224,0.9985903187582656,0.9977995317832246,68,0.004150390625,True,True,True,-2.935800792096612,season,0.5930534586053798,0.5930534586053798,33.27334830425232,33.27334830425232,0.7166925213176756,0.7166925213176756,-2.330895456831392e-06,1.9079126884004603e-05,-0.0001086075852864965,0.0006607693674136918,0.00011093848074328339,-0.0006798484942978078,0.0,-0.20185855377801332,0.2531324505757926,0.45499100435380413,0.0,-0.20185855377801332,0.0,0.2672615819605184,-0.1765699159288978,-0.1033518823628139,0.16176617688047656,0.3706134643233412,-0.33833609280936017,0.04333196813422337,0.1712538653792614,0.40120297823732487,0.37154802456187536,0.18906770641580373,-0.29807155501352334,-0.18154575790752947,0.04026453779585015,0.3706134643233412,-0.33833609280936017,0.04333196813422337,0.1712538653792614,0.40120297823732487,0.37154802456187536,-0.030878553053479862,-0.030878553053479862,0.22225389752231095,-3.2279028339132765e-07,0.22225389752231095,0.22225389752231095,0.22225389752231095,0.0,-0.07819396745975826,-0.07819396745975826,0.37679703689404587,-3.5563681066719255e-07,0.37679703689404587,0.37679703689404587,0.37679703689404587,0.0,b_to_a,-0.030878553053483415,0.22225389752230917,-0.07819396745975826,0.37679703689404587,water,1,0.0473154144062784,0.0473154144062784,-0.15454313937173492,3.28465272758649e-08,-0.15454313937173492,-0.15454313937173492,-0.15454313937173492,0.0,,,,,,,,,0.8985757809768746,0.4388596063222589,0.19259775406133275,True,True,0.0,0.0,0.0,True,3.28465272758649e-08,0.0,True,0.0,True,0.0,0.0,True,True,4,season,spring-lex-2,-8.881784197001252e-16,True,1.0,True,3,3,0.04731541440627485,-0.1545431393717367,3.552713678800501e-15,1.7763568394002505e-15,True,True,True,1.0,ok,True,True,True,True,True,True,46.42625298095421,False,season,1,0.8925601164637115,1.0,0.0,1.0,0.0,1.0,True,True,True,True,True,True,True,True,spring,0
7.665734840176677e-05,8.0817786459593e-05,5.0281435545218654e-05,0.0014439623740758996,0.0014711684440652756,0.0014450276031066998,0.9984793802775224,0.9984480137694751,0.9985046909613481,62,0.0037841796875,True,True,True,-2.935800792096612,season,0.5935251384141446,0.5935251384141447,37.59208562087158,37.59208562087158,0.6965422987656947,0.6965422987656947,4.1604380578262335e-06,-2.6375912856548114e-05,2.7206069989375945e-05,1.065229030800148e-06,-3.1366508047248054e-05,2.5310683825718883e-05,0.0,-0.4566326153321576,-0.4745611364193838,-0.0179285210872262,0.0,-0.4566326153321576,0.0,1.352113625799861,1.8362935040692996,0.0433927863004282,-0.24962317812208035,1.308720839499447,2.0859166821913817,0.04248742563297258,0.06578118114085069,0.7290990942396036,0.758020088614596,1.506908175248988,2.4227503602833718,0.19818733574955427,0.33683367809199094,1.308720839499447,2.0859166821913817,0.04248742563297258,0.06578118114085069,0.7290990942396036,0.758020088614596,0.0528516004699906,0.0528516004699906,-0.4217095359493932,-1.5438955180968605e-07,-0.4217095359493932,-0.4217095359493932,-0.4217095359493932,0.0,0.018665961568146372,0.018665961568146372,0.0007374404809201707,-4.0407122980923305e-08,0.0007374404809201707,0.0007374404809201707,0.0007374404809201707,0.0,b_to_a,0.052851600469988824,-0.421709535949395,0.018665961568146372,0.0007374404809201707,water,1,0.03418563890184423,0.03418563890184423,-0.42244697643031337,-1.1398242882876275e-07,-0.42244697643031337,-0.42244697643031337,-0.42244697643031337,0.0,,,,,,,,,0.8086755705204379,0.5884601816093551,0.3462853853397228,True,True,0.0,0.0,0.0,True,1.1398242882876275e-07,0.0,True,0.0,True,0.0,0.0,True,True,8,season,spring-lex-2,-8.881784197001252e-16,True,1.0,True,3,3,0.03418563890184245,-0.42244697643031515,1.7763568394002505e-15,1.7763568394002505e-15,True,True,True,1.0,ok,True,True,True,True,True,True,53.96956608017417,False,season,1,0.7931332509934187,1.0,0.0,1.0,0.0,1.0,True,True,True,True,True,True,True,True,spring,0
7.665734840176677e-05,0.00010401697702729842,0.00011444302481945235,0.0014439623740758996,0.0013239028541914449,0.002668095769465254,0.9984793802775224,0.9985720801687812,0.9972174612057153,192,0.01171875,True,True,True,-2.935800792096612,season,0.6356087485513865,0.6356087485513865,53.490448307677845,53.490448307677845,0.7807173353320752,0.7807173353320752,2.7359628625531654e-05,3.778567641768558e-05,-0.00012005951988445476,0.0012241333953893546,9.269989125881839e-05,-0.0012619190718070605,0.0,-0.605257968300978,0.09552297285413403,0.7007809411551129,0.0,-0.605257968300978,0.0,0.11250979229731506,-0.3336270960193932,0.23220500864662164,0.4991768252495472,-0.11969521634930302,-0.832803921268944,0.27811187711432617,0.44327315111994947,0.5315961670301883,0.732669477207685,-0.15001714033707714,-0.38679673245881396,-0.03032192398777145,0.44600718881012646,-0.11969521634930302,-0.832803921268944,0.27811187711432617,0.44327315111994947,0.5315961670301883,0.732669477207685,0.30520865618363224,0.30520865618363224,0.40073162903776804,6.29248182448805e-07,0.40073162903776804,0.40073162903776804,0.40073162903776804,0.0,-0.08680690154130932,-0.08680690154130932,0.6139740396138045,5.570854888503618e-09,0.6139740396138045,0.6139740396138045,0.6139740396138045,0.0,b_to_a,0.30520865618363224,0.40073162903776627,-0.08680690154130843,0.6139740396138045,water,1,0.39201555772494157,0.39201555772494157,-0.21324241057603643,6.236773275603014e-07,-0.21324241057603643,-0.21324241057603643,-0.21324241057603643,0.0,,,,,,,,,0.8949406044030789,0.4463035142185303,0.19918682680381275,True,True,0.0,0.0,0.0,True,6.236773275603014e-07,0.0,True,0.0,True,0.0,0.0,True,True,12,season,spring-lex-2,-8.881784197001252e-16,True,1.0,True,3,3,0.3920155577249407,-0.2132424105760382,8.881784197001252e-16,1.7763568394002505e-15,True,True,True,1.0,ok,True,True,True,True,True,True,68.51448774981522,False,season,1,0.8846686906009009,1.0,0.0,1.0,0.0,1.0,True,True,True,True,True,True,True,True,spring,0
4.262404363435418e-05,3.302216724585406e-05,3.7156386029213784e-05,0.0037362169171880123,0.0033613290763843113,0.003856001665001266,0.9962211590391776,0.9966056487563698,0.9961068419489696,53,0.00323486328125,True,True,True,-4.473410360387786,water,0.5922187667464557,0.5922187667464556,36.29540042198526,36.29540042198526,0.6475605804260619,0.6475605804260619,-9.60187638850012e-06,-5.467657605140393e-06,-0.00037488784080370093,0.00011978474781325354,0.0003844897171921824,-0.00011431709020803815,0.0,-0.019337770120213094,0.11795658421272215,0.13729435433293347,0.0,-0.019337770120213094,0.0,2.778894124690037,2.860990794892624,0.017654701797612304,-0.3138040672375322,2.7612394228924266,3.1747948621301596,0.06418765012568525,0.0767789577626862,1.0257495890776334,1.1441108243681288,2.662771759352612,3.216744461662689,-0.09846766353981273,0.041949599532532744,2.7612394228924266,3.1747948621301596,0.06418765012568525,0.0767789577626862,1.0257495890776334,1.1441108243681288,-0.2552394279447352,-0.2552394279447352,-0.13728284373201305,5.582382023305854e-07,-0.13728284373201305,-0.13728284373201305,-0.13728284373201305,0.0,-0.10573712581672456,-0.10573712581672456,0.03155722851621068,-4.204358887704984e-07,0.03155722851621068,0.03155722851621068,0.03155722851621068,0.0,a_to_b,-0.2552394279447352,-0.13728284373201305,-0.10573712581672279,0.03155722851621068,season,1,-0.14950230212801063,-0.14950230212801063,-0.16884007224822373,9.786740911010838e-07,-0.16884007224822373,-0.16884007224822373,-0.16884007224822373,0.0,,,,,,,,,0.8850301397689332,0.4658168563704381,0.2169853436788421,True,True,0.0,0.0,0.0,True,9.786740911010838e-07,0.0,True,0.0,True,0.0,0.0,True,True,4,water,spring-lex-3,0.0,True,1.0,True,3,3,-0.1495023021280124,-0.16884007224822373,1.7763568394002505e-15,0.0,True,True,True,1.0,ok,True,True,True,True,True,True,56.04942845363554,False,water,1,0.8687915444399127,1.0,1.0,1.0,1.0,1.0,True,True,True,True,True,True,True,True,spring,0
4.262404363435418e-05,3.7329382449298706e-05,3.6474643670998476e-05,0.0037362169171880123,0.0017771649433086065,0.003739384140488729,0.9962211590391776,0.9981855056742421,0.9962241412158404,77,0.00469970703125,True,True,True,-4.473410360387786,water,0.5890318012547402,0.5890318012547402,39.22262836663814,39.22262836663814,0.6752894525378119,0.6752894525378119,-5.294661185055471e-06,-6.1493999633557e-06,-0.001959051973879406,3.1672233007165596e-06,0.0019643466350645067,2.9821766627247115e-06,0.0,-0.7670649880077463,-0.02316342454441056,0.7439015634633366,0.0,-0.7670649880077463,0.0,2.5901342411823123,1.5240548436213093,-0.08624584807213154,0.21368513940477563,2.6763800892544367,1.3103697042165372,0.14040190448144982,0.05936097054151584,1.115532866246995,0.5141370818479417,1.914204132478769,1.311240690051795,-0.7621759567756756,0.0008709858352613509,2.6763800892544367,1.3103697042165372,0.14040190448144982,0.05936097054151584,1.115532866246995,0.5141370818479417,-0.13263774884532076,-0.13263774884532076,-0.15580117338973132,3.33510454808561e-07,-0.15580117338973132,-0.15580117338973132,-0.15580117338973132,0.0,-0.7430542139416634,-0.7430542139416634,0.0008473495216723137,3.6575893247459135e-07,0.0008473495216723137,0.0008473495216723137,0.0008473495216723137,0.0,a_to_b,-0.13263774884532076,-0.15580117338973132,-0.7430542139416625,0.0008473495216740901,season,1,0.6104164650963426,0.6104164650963426,-0.15664852291140363,-3.224847766603034e-08,-0.15664852291140363,-0.15664852291140363,-0.15664852291140363,0.0,,,,,,,,,0.7899023672663991,0.6134414155574414,0.37631037032112535,True,True,0.0,0.0,0.0,True,3.224847766603034e-08,0.0,True,0.0,True,0.0,0.0,True,True,8,water,spring-lex-3,0.0,True,1.0,True,3,3,0.6104164650963417,-0.1566485229114054,8.881784197001252e-16,1.7763568394002505e-15,True,True,True,1.0,ok,True,True,True,True,True,True,58.082690643597644,False,water,1,0.8059061210193705,1.0,0.0,1.0,0.0,1.0,True,True,True,True,True,True,True,True,spring,0
4.262404363435418e-05,5.403723246884763e-05,5.0230772076888545e-05,0.0037362169171880123,0.002109120691827326,0.002654605958591649,0.9962211590391776,0.9978368420757038,0.9972951632693314,216,0.01318359375,True,True,True,-4.473410360387786,water,0.703145502495733,0.7031455024957332,60.6191293438204,60.6191293438204,0.8271363747625678,0.8271363747625678,1.1413188834493453e-05,7.6067284425343685e-06,-0.0016270962253606865,-0.001081610958596363,0.0016156830365261499,0.0010740042301538022,0.0,-0.30307057260025605,-0.07304547066321376,0.2300251019370423,0.0,-0.30307057260025605,0.0,1.923191608146193,2.8916566092725464,0.26982926065568336,-0.02805712578495445,1.653362347490532,2.919713735057506,0.21252173118495965,0.11637176766461932,0.9970898887372326,1.3539398377725027,1.075315344742,2.5823263937184553,-0.5780470027485105,-0.3373873413390456,1.653362347490532,2.919713735057506,0.21252173118495965,0.11637176766461932,0.9970898887372326,1.3539398377725027,0.2372548005177002,0.2372548005177002,0.16420932985448644,5.093649377840848e-07,0.16420932985448644,0.16420932985448644,0.16420932985448644,0.0,-0.571802453127713,-0.571802453127713,-0.34177735119067076,-2.841245487772426e-07,-0.34177735119067076,-0.34177735119067076,-0.34177735119067076,0.0,a_to_b,0.2372548005177002,0.16420932985448644,-0.5718024531277122,-0.3417773511906699,season,1,0.8090572536454133,0.8090572536454133,0.5059866810451572,7.934894865613273e-07,0.5059866810451572,0.5059866810451572,0.5059866810451572,0.0,,,,,,,,,0.9016295279367936,0.43277663378905373,0.18729561475378756,True,True,0.0,0.0,0.0,True,7.934894865613273e-07,0.0,True,0.0,True,0.0,0.0,True,True,12,water,spring-lex-3,0.0,True,1.0,True,3,3,0.8090572536454124,0.5059866810451563,8.881784197001252e-16,8.881784197001252e-16,True,True,True,1.0,ok,True,True,True,True,True,True,73.2879500810508,False,water,1,0.8864170198821342,1.0,1.0,1.0,1.0,1.0,True,True,True,True,True,True,True,True,spring,0
1.2255426388926668e-05,1.365324627263751e-05,1.402066333756356e-05,1.3252515825655963e-05,1.3556479187594315e-05,2.13352902908549e-05,0.9999744920577854,0.9999727902745398,0.9999646440463716,76,0.004638671875,True,True,True,-0.07821859861004299,season,0.5922187667464557,0.5922187667464557,36.29540042198526,36.29540042198526,0.6475605804260619,0.6475605804260619,1.3978198837108417e-06,1.765236948636892e-06,3.0396336193835193e-07,8.082774465198937e-06,-1.7017832456556192e-06,-9.848011413793323e-06,0.0,-0.4269430423788787,0.02655487862377548,0.45349792100265063,0.0,-0.4269430423788787,0.0,-1.9258869302858201,-1.5134368916154362,0.06907711336848621,0.0073834725347072805,-1.9949640436543348,-1.520820364150154,0.0033149033432346175,0.0030072020293656072,0.9781348199042501,0.793303916847557,-2.8994756618411266,-2.0452322820733553,-0.9045116181868202,-0.5244119179232118,-1.9949640436543348,-1.520820364150154,0.0033149033432346175,0.0030072020293656072,0.9781348199042501,0.793303916847557,0.10800850609412294,0.10800850609412294,0.13456338471789664,-5.054034524221152e-07,0.13456338471789664,0.13456338471789664,0.13456338471789664,0.0,0.02267719382265021,0.02267719382265021,0.4761751148253026,-6.282332662976842e-07,0.4761751148253026,0.4761751148253026,0.4761751148253026,0.0,b_to_a,0.10800850609412116,0.13456338471789664,0.02267719382265021,0.47617511482530084,water,1,0.08533131227147273,0.08533131227147273,-0.341611730107406,1.2282981387556902e-07,-0.341611730107406,-0.341611730107406,-0.341611730107406,0.0,,,,,,,,,0.8497770348629524,0.5271505925839436,0.27788774726160986,True,True,0.0,0.0,0.0,True,1.2282981387556902e-07,0.0,True,0.0,True,0.0,0.0,True,True,4,season,spring-lex-3,0.0,True,1.0,True,3,3,0.08533131227147095,-0.3416117301074042,1.7763568394002505e-15,-1.7763568394002505e-15,True,True,True,1.0,ok,True,True,True,True,True,True,56.04942845363554,False,season,1,0.8468179400549981,1.0,0.0,1.0,0.0,1.0,True,True,True,True,True,True,True,True,spring,0
1.2255426388926668e-05,1.3704409730244727e-05,1.149445218821224e-05,1.3252515825655963e-05,1.17536158613469e-05,1.1250818080106227e-05,0.9999744920577854,0.9999745419744084,0.9999772547297318,65,0.00396728515625,True,True,True,-0.07821859861004299,season,0.5890318012547402,0.5890318012547402,39.22262836663814,39.22262836663814,0.6752894525378119,0.6752894525378119,1.4489833413180596e-06,-7.60974200714427e-07,-1.4988999643090641e-06,-2.0016977455497367e-06,4.9916622946177824e-08,2.7626719463214044e-06,0.0,-0.13213307671835395,-0.17585315861080808,-0.04372008189245413,0.0,-0.13213307671835395,0.0,-0.4252939125653121,-0.6997809931110126,0.14471267739694404,-0.15297950226072743,-0.5700065899622402,-0.5468014908502639,0.0015184768961567512,0.0012259746059125724,0.4468054396380917,0.313656395675709,-1.021194222600844,-0.9378641287102596,-0.45118763263858774,-0.3910626378599744,-0.5700065899622402,-0.5468014908502639,0.0015184768961567512,0.0012259746059125724,0.4468054396380917,0.313656395675709,0.11174884972960086,0.11174884972960086,-0.06410430888120722,7.996145932054333e-07,-0.06410430888120722,-0.06410430888120722,-0.06410430888120722,0.0,-0.12002648191222143,-0.12002648191222143,-0.16374656380467556,-1.7133529794932656e-07,-0.16374656380467556,-0.16374656380467556,-0.16374656380467556,0.0,b_to_a,0.11174884972960086,-0.06410430888120722,-0.12002648191222143,-0.16374656380467556,water,1,0.2317753316418223,0.2317753316418223,0.09964225492346834,9.709498911547598e-07,0.09964225492346834,0.09964225492346834,0.09964225492346834,0.0,,,,,,,,,0.8037447243309752,0.5974443772628236,0.3569397839229708,True,True,0.0,0.0,0.0,True,9.709498911547598e-07,0.0,True,0.0,True,0.0,0.0,True,True,8,season,spring-lex-3,0.0,True,1.0,True,3,3,0.2317753316418223,0.09964225492346834,0.0,0.0,True,True,True,1.0,ok,True,True,True,True,True,True,58.082690643597644,False,season,1,0.7494734997930469,1.0,1.0,1.0,1.0,1.0,True,True,True,True,True,True,True,True,spring,0
1.2255426388926668e-05,9.649247477632713e-06,1.0902214078885127e-05,1.3252515825655963e-05,1.0371684857780185e-05,1.047852501394765e-05,0.9999744920577854,0.9999799790676647,0.9999786192609073,203,0.01239013671875,True,True,True,-0.07821859861004299,season,0.703145502495733,0.703145502495733,60.6191293438204,60.6191293438204,0.8271363747625678,0.8271363747625678,-2.6061789112939543e-06,-1.3532123100415402e-06,-2.8808309678757785e-06,-2.773990811708314e-06,5.487009879234783e-06,4.12720312181758e-06,0.0,0.1118375216248495,0.12208596439321795,0.010248442768368449,0.0,0.1118375216248495,0.0,-1.0836954656752429,-0.8378009650071174,-0.371357275150654,-0.21998911083822392,-0.7123381905245836,-0.6178118541688811,0.0030966285845583216,0.004897714921857122,0.4735757672883453,0.45456527429171506,-1.5396235293469758,-1.8606089620628037,-0.8272853388223869,-1.2427971078939102,-0.7123381905245836,-0.6178118541688811,0.0030966285845583216,0.004897714921857122,0.4735757672883453,0.45456527429171506,-0.23908887871517592,-0.23908887871517592,-0.1170029143219562,8.428135611637799e-07,-0.1170029143219562,-0.1170029143219562,-0.1170029143219562,0.0,-0.24510792476754517,-0.24510792476754517,-0.23485948199917495,4.2465446625783443e-07,-0.23485948199917495,-0.23485948199917495,-0.23485948199917495,0.0,b_to_a,-0.23908887871517592,-0.11700291432195797,-0.2451079247675434,-0.23485948199917495,water,1,0.006019046052369248,0.006019046052369248,0.11785656767721875,4.181590949059455e-07,0.11785656767721875,0.11785656767721875,0.11785656767721875,0.0,,,,,,,,,0.8899185650424302,0.45621162701226803,0.20812904862118373,True,True,0.0,0.0,0.0,True,4.181590949059455e-07,0.0,True,0.0,True,0.0,0.0,True,True,12,season,spring-lex-3,0.0,True,1.0,True,3,3,0.006019046052367472,0.11785656767721697,1.7763568394002505e-15,1.7763568394002505e-15,True,True,True,1.0,ok,True,True,True,True,True,True,73.2879500810508,False,season,1,0.8807479037597602,1.0,1.0,1.0,1.0,1.0,True,True,True,True,True,True,True,True,spring,0
9.627528451790455e-05,1.9430128947521452e-05,3.4620974832520754e-05,0.00013717777985902975,0.00012035654742835364,0.00010999857230711575,0.9997665469356231,0.9998602133236241,0.9998553804528604,64,0.00390625,True,True,True,-0.3540661128363265,game,0.5823193672648868,0.5823193672648866,33.78729837091847,33.78729837091847,0.6282823417744595,0.6282823417744595,-7.68451555703831e-05,-6.16543096853838e-05,-1.6821232430676113e-05,-2.7179207551914e-05,9.366638800101246e-05,8.883351723731892e-05,0.0,0.6676259868356489,0.5776348075414699,-0.08999117929418077,0.0,0.6676259868356489,0.0,0.20458307172868473,0.25644656758242235,-1.4463455930100846,-0.9162697262286734,1.6509286647387604,1.1727162938111029,0.14495787590802178,0.10833362817142243,0.5949209261354025,0.5438244715133393,1.930811948326216,0.6595659762346635,0.27988328358744674,-0.5131503175764323,1.6509286647387604,1.1727162938111029,0.14495787590802178,0.10833362817142243,0.5949209261354025,0.5438244715133393,-1.6003867350750518,-1.6003867350750518,-1.022751927533582,-1.1755965960702497e-06,-1.022751927533582,-1.022751927533582,-1.022751927533582,0.0,-0.13081918181936025,-0.13081918181936025,-0.22081036111353924,-1.8823405945056493e-06,-0.22081036111353924,-0.22081036111353924,-0.22081036111353924,0.0,a_to_b,-1.6003867350750536,-1.0227519275335837,-0.13081918181936025,-0.22081036111354102,fire,1,-1.4695675532556915,-1.4695675532556915,-0.8019415664200427,7.067439984353996e-07,-0.8019415664200427,-0.8019415664200427,-0.8019415664200427,0.0,,,,,,,,,0.8995855654610749,0.43785555800398657,0.191717489674987,True,True,0.0,0.0,0.0,True,7.067439984353996e-07,0.0,True,0.0,True,0.0,0.0,True,True,4,game,match-lex-0,-1.7763568394002505e-15,True,1.0,True,3,3,-1.4695675532556933,-0.8019415664200427,1.7763568394002505e-15,0.0,True,True,True,1.0,ok,True,True,True,True,True,True,53.77725287566241,False,game,1,0.8684137952048058,1.0,1.0,1.0,1.0,1.0,True,True,True,True,True,True,True,True,match,0
9.627528451790455e-05,4.897682577636482e-05,7.966312775118254e-05,0.00013717777985902975,0.00018332908435510667,0.00014154739186085798,0.9997665469356231,0.9997676940898685,0.9997787894803879,71,0.00433349609375,True,True,True,-0.3540661128363265,game,0.6412198564361488,0.641219856436149,44.87539108706923,44.87539108706923,0.7616876902931827,0.7616876902931827,-4.729845874153973e-05,-1.661215676672201e-05,4.6151304496076925e-05,4.369612001828228e-06,1.1471542454843942e-06,1.2242544764839991e-05,0.0,0.7451078250700505,0.4864595978453057,-0.2586482272247448,0.0,0.7451078250700505,0.0,-0.5561146524677305,-0.14663093460437615,-0.897302785920866,-0.43259384052878325,0.34118813345313015,0.2859629059243822,0.033323738699691796,0.010838483732038943,0.5581353376200257,0.42759705543950666,1.3451564118443908,0.04303197036319162,1.0039682783912554,-0.24293093556121548,0.34118813345313015,0.2859629059243822,0.033323738699691796,0.010838483732038943,0.5581353376200257,0.42759705543950666,-0.6758643920610226,-0.6758643920610226,-0.18940479421571865,-4.237225326164662e-08,-0.18940479421571865,-0.18940479421571865,-0.18940479421571865,0.0,0.2900050652494546,0.2900050652494546,0.03135683802470801,-5.926563400038276e-07,0.03135683802470801,0.03135683802470801,0.03135683802470801,0.0,a_to_b,-0.6758643920610261,-0.18940479421572043,0.2900050652494528,0.03135683802470801,fire,1,-0.9658694573104771,-0.9658694573104771,-0.22076163224042666,5.50284086742181e-07,-0.22076163224042666,-0.22076163224042666,-0.22076163224042666,0.0,,,,,,,,,0.8228768400600549,0.5682998197136186,0.32296468508653825,True,True,0.0,0.0,0.0,True,5.50284086742181e-07,0.0,True,0.0,True,0.0,0.0,True,True,8,game,match-lex-0,-1.7763568394002505e-15,True,1.0,True,3,3,-0.9658694573104789,-0.22076163224042844,1.7763568394002505e-15,1.7763568394002505e-15,True,True,True,1.0,ok,True,True,True,True,True,True,58.915736277418574,False,game,1,0.8133385491355805,1.0,1.0,1.0,1.0,1.0,True,True,True,True,True,True,True,True,match,0
9.627528451790455e-05,7.731690310304789e-05,8.028886653932136e-05,0.00013717777985902975,0.00017783842747715506,0.00016204700579184778,0.9997665469356231,0.9997448446694197,0.9997576641276689,177,0.01080322265625,True,True,True,-0.3540661128363265,game,0.64117410466438,0.64117410466438,59.27457539016849,59.27457539016849,0.8034856356072723,0.8034856356072723,-1.8958381414856666e-05,-1.5986417978583188e-05,4.066064761812531e-05,2.4869225932818036e-05,-2.1702266203349474e-05,-8.882807954191385e-06,0.0,0.130707337379258,0.03771836246186844,-0.092988974917386,0.0,0.130707337379258,0.0,-0.29647666723548305,-0.4358549614911622,-0.6600418302666373,-0.7366644985122104,0.3635651630311507,0.3008095370210313,0.028291874799245137,0.02725353433366276,0.45131880833305427,0.3489043929265999,0.8129833343019737,0.30593209787251396,0.4494181712708194,0.005122560851466673,0.3635651630311507,0.3008095370210313,0.028291874799245137,0.02725353433366276,0.45131880833305427,0.3489043929265999,-0.21929903440815934,-0.21929903440815934,-0.18158067194628913,5.108747291870941e-07,-0.18158067194628913,-0.18158067194628913,-0.18158067194628913,0.0,0.2595976794751582,0.2595976794751582,0.16660870455777044,-1.1504928565386763e-08,0.16660870455777044,0.16660870455777044,0.16660870455777044,0.0,a_to_b,-0.21929903440815934,-0.1815806719462909,0.2595976794751582,0.1666087045577722,fire,1,-0.47889671388331756,-0.47889671388331756,-0.34818937650405957,5.223796577524809e-07,-0.34818937650405957,-0.34818937650405957,-0.34818937650405957,0.0,,,,,,,,,0.8789120867905599,0.4773441637619554,0.22785745067760435,True,True,0.0,0.0,0.0,True,5.223796577524809e-07,0.0,True,0.0,True,0.0,0.0,True,True,12,game,match-lex-0,-1.7763568394002505e-15,True,1.0,True,3,3,-0.47889671388331756,-0.3481893765040631,0.0,3.552713678800501e-15,True,True,True,1.0,ok,True,True,True,True,True,True,73.77179225533874,False,game,1,0.8603673575085485,1.0,1.0,1.0,1.0,1.0,True,True,True,True,True,True,True,True,match,0
2.2363882427365143e-05,1.0507771709178401e-05,1.44354291650283e-05,0.00021941305678935843,0.0002395435426905905,0.00013585028789925955,0.9997582230607832,0.9997499486856002,0.9998497142829357,56,0.00341796875,True,True,True,-2.283508791493487,fire,0.5823193672648868,0.5823193672648868,33.78729837091847,33.78729837091847,0.6282823417744595,0.6282823417744595,-1.1856110718186741e-05,-7.928453262336843e-06,2.0130485901232077e-05,-8.356276889009889e-05,-8.274375183026095e-06,9.149122215246219e-05,0.0,0.8847521492340107,0.3175703973804005,-0.5671817518536084,0.0,0.8847521492340107,0.0,-0.8693207919445456,0.9431188775301873,-1.2928117983157499,-0.3860367983739472,0.4234910063712043,1.3291556759041399,0.41959663320117996,0.8533431314598204,0.49852062459617924,0.5110977504757004,0.5272159648634558,0.4403264093394128,0.10372495849225061,-0.8888292665647199,0.4234910063712043,1.3291556759041399,0.41959663320117996,0.8533431314598204,0.49852062459617924,0.5110977504757004,-0.7553321197661305,-0.7553321197661305,-0.43776172238572997,-3.020010108656379e-07,-0.43776172238572997,-0.43776172238572997,-0.43776172238572997,0.0,0.08777914955083332,0.08777914955083332,-0.47940260230277687,-3.95558430454912e-07,-0.47940260230277687,-0.47940260230277687,-0.47940260230277687,0.0,b_to_a,-0.7553321197661305,-0.43776172238572997,0.08777914955083155,-0.47940260230277687,game,1,-0.8431112693169638,-0.8431112693169638,0.0416408799170469,9.35574195892741e-08,0.0416408799170469,0.0416408799170469,0.0416408799170469,0.0,,,,,,,,,0.8446077904968688,0.5370980490788145,0.2884743143242759,True,True,0.0,0.0,0.0,True,9.35574195892741e-08,0.0,True,0.0,True,0.0,0.0,True,True,4,fire,match-lex-0,0.0,True,1.0,True,3,3,-0.843111269316962,0.0416408799170469,-1.7763568394002505e-15,0.0,True,True,True,1.0,ok,True,True,True,True,True,True,53.77725287566241,False,fire,1,0.8017518213410936,1.0,0.0,1.0,0.0,1.0,True,True,True,True,True,True,True,True,match,0
2.2363882427365143e-05,1.6983559958033138e-05,1.468153327419911e-05,0.00021941305678935843,0.00022187402170575283,0.00013162231880317344,0.9997582230607832,0.9997611424183362,0.9998536961479226,75,0.00457763671875,True,True,True,-2.283508791493487,fire,0.6412198564361488,0.6412198564361488,44.87539108706923,44.87539108706923,0.7616876902931827,0.7616876902931827,-5.380322469332005e-06,-7.682349153166032e-06,2.460964916394399e-06,-8.779073798618499e-05,2.919357553032853e-06,9.547308713941938e-05,0.0,0.3765178000711309,-0.1456553506550442,-0.5221731507261769,0.0,0.3765178000711309,0.0,0.08190548533068931,0.6068460887773961,-0.7939871048273517,-0.20957734687735652,0.8758925901580348,0.8164234356547766,0.5246273999783748,0.5404833260232708,0.649006089405096,0.4494255731905534,0.4442303373059291,0.029699653044239938,-0.4316622528521119,-0.7867237826105118,0.8758925901580348,0.8164234356547766,0.5246273999783748,0.5404833260232708,0.649006089405096,0.4494255731905534,-0.2752014510645324,-0.2752014510645324,-0.4208568017195784,-1.325822440279012e-06,-0.4208568017195784,-0.4208568017195784,-0.4208568017195784,0.0,0.011153693589841751,0.011153693589841751,-0.5110194571363351,-1.0796406026969407e-06,-0.5110194571363351,-0.5110194571363351,-0.5110194571363351,0.0,b_to_a,-0.2752014510645324,-0.4208568017195766,0.011153693589841751,-0.5110194571363351,game,1,-0.28635514465437417,-0.28635514465437417,0.09016265541675672,-2.4618183758207124e-07,0.09016265541675672,0.09016265541675672,0.09016265541675672,0.0,,,,,,,,,0.7900926931406461,0.6130336999787105,0.375810317309596,True,True,0.0,0.0,0.0,True,2.4618183758207124e-07,0.0,True,0.0,True,0.0,0.0,True,True,8,fire,match-lex-0,0.0,True,1.0,True,3,3,-0.28635514465437417,0.0901626554167585,0.0,-1.7763568394002505e-15,True,True,True,1.0,ok,True,True,True,True,True,True,58.915736277418574,False,fire,1,0.79762801422444,1.0,0.0,1.0,0.0,1.0,True,True,True,True,True,True,True,True,match,0
2.2363882427365143e-05,1.9844997062680027e-05,2.6067318393865092e-05,0.00021941305678935843,0.00021018876587731877,0.00013597563949386936,0.9997582230607832,0.99976996623706,0.9998379570421123,178,0.0108642578125,True,True,True,-2.283508791493487,fire,0.64117410466438,0.64117410466438,59.27457539016849,59.27457539016849,0.8034856356072723,0.8034856356072723,-2.5188853646851154e-06,3.7034359664999496e-06,-9.224290912039661e-06,-8.343741729548908e-05,1.1743176276834966e-05,7.973398132909981e-05,0.0,0.708260686439834,0.2727304226708753,-0.43553026376895865,0.0,0.708260686439834,0.0,-0.5580139304912461,1.0854948481691489,-0.5949324557444928,0.5206054768336816,0.036918525253241796,0.5648893713354823,0.4770849753308419,0.4849823186479599,0.4746963555778668,0.43991823019946336,-0.5934832757208595,0.08342240364570586,-0.6304018009741057,-0.4814669676897605,0.036918525253241796,0.5648893713354823,0.4770849753308419,0.4849823186479599,0.4746963555778668,0.43991823019946336,-0.11949532770120541,-0.11949532770120541,0.15323509496966992,-1.4933509095982345e-06,0.15323509496966992,0.15323509496966992,0.15323509496966992,0.0,-0.0429500453243552,-0.0429500453243552,-0.47848030909331385,-6.542072235049545e-07,-0.47848030909331385,-0.47848030909331385,-0.47848030909331385,0.0,b_to_a,-0.11949532770120541,0.15323509496966992,-0.0429500453243552,-0.47848030909331385,game,1,-0.07654528237685021,-0.07654528237685021,0.6317154040629838,-8.391436860932799e-07,0.6317154040629838,0.6317154040629838,0.6317154040629838,0.0,,,,,,,,,0.8750860815071946,0.4839755356376335,0.23423231909573772,True,True,0.0,0.0,0.0,True,8.391436860932799e-07,0.0,True,0.0,True,0.0,0.0,True,True,12,fire,match-lex-0,0.0,True,1.0,True,3,3,-0.07654528237685021,0.6317154040629838,0.0,0.0,True,True,True,1.0,ok,True,True,True,True,True,True,73.77179225533874,False,fire,1,0.8722631143883007,1.0,0.0,1.0,0.0,1.0,True,True,True,True,True,True,True,True,match,0
0.00010247863022331354,5.9834814340686636e-05,7.245784314508042e-05,0.00018504962898167226,0.00019179521796944078,0.00012070324605034029,0.999712471740795,0.9997483699676899,0.9998068389108046,49,0.00299072265625,True,True,True,-0.5909697626514578,game,0.5177118641027852,0.5177118641027852,24.889568167747306,24.889568167747306,0.5834434237499679,0.5834434237499679,-4.26438158826269e-05,-3.0020787078233115e-05,6.745588987768528e-06,-6.434638293133197e-05,3.589822689487043e-05,9.436717000954609e-05,0.0,0.6545104561880049,0.19141724771225554,-0.46309320847575286,0.0,0.6545104561880049,0.0,0.2692384949203692,0.356388722482996,-0.6041925972449054,-0.32538184370131695,0.8734310921653012,0.6817705661843227,0.014274028292524572,0.017003284350397427,0.35860025826169045,0.3252824305495984,1.2448282573239364,0.09125847959916022,0.37139716515866183,-0.5905120865851519,0.8734310921653012,0.6817705661843227,0.014274028292524572,0.017003284350397427,0.35860025826169045,0.3252824305495984,-0.5380666200501789,-0.5380666200501789,-0.34664937233792337,-2.971356529712921e-07,-0.34664937233792337,-0.34664937233792337,-0.34664937233792337,0.0,0.03580417589056495,0.03580417589056495,-0.42728903258518436,-6.934711169748198e-07,-0.42728903258518436,-0.42728903258518436,-0.42728903258518436,0.0,a_to_b,-0.5380666200501789,-0.34664937233792337,0.035804175890566725,-0.42728903258518613,fire,1,-0.5738707959407439,-0.5738707959407439,0.08063966024726099,3.963354640035277e-07,0.08063966024726099,0.08063966024726099,0.08063966024726099,0.0,,,,,,,,,0.8892715348837134,0.4587377556641564,0.2104403284717923,True,True,0.0,0.0,0.0,True,3.963354640035277e-07,0.0,True,0.0,True,0.0,0.0,True,True,4,game,match-lex-1,0.0,True,1.0,True,3,3,-0.5738707959407456,0.08063966024726277,1.7763568394002505e-15,-1.7763568394002505e-15,True,True,True,1.0,ok,True,True,True,True,True,True,42.65978011676693,False,game,1,0.8539984399496326,1.0,0.0,1.0,0.0,1.0,True,True,True,True,True,True,True,True,match,0
0.00010247863022331354,7.482822929747356e-05,0.0001291103392526247,0.00018504962898167226,0.00021898041201812474,0.00021270528108188858,0.999712471740795,0.9997061913586843,0.9996581843796655,59,0.00360107421875,True,True,True,-0.5909697626514578,game,0.588659843359674,0.5886598433596739,33.4319262019106,33.431926201910606,0.7053747108402039,0.705374710840204,-2.765040092583998e-05,2.663170902931117e-05,3.393078303645249e-05,2.765565210021632e-05,-6.280382110701588e-06,-5.42873611295569e-05,0.0,0.5745469032956159,0.5454721709987389,-0.02907473229687696,0.0,0.5745469032956159,0.0,0.47322577084593664,1.1366550372679498,-0.41815643154171056,0.0581211083665405,0.8913822023876357,1.078533928901404,0.04293270220677388,0.033261681879635886,0.491526035074131,0.635475978716411,1.2748912325425756,1.267035629911451,0.38350903015492754,0.1885017010100416,0.8913822023876357,1.078533928901404,0.04293270220677388,0.033261681879635886,0.491526035074131,0.635475978716411,-0.3144590804069711,-0.3144590804069711,0.23101309059176778,1.2721367976809006e-06,0.23101309059176778,0.23101309059176778,0.23101309059176778,0.0,0.16835822910907616,0.16835822910907616,0.1392834968121992,-7.951026521624271e-07,0.1392834968121992,0.1392834968121992,0.1392834968121992,0.0,a_to_b,-0.3144590804069711,0.23101309059176778,0.16835822910907616,0.1392834968121992,fire,1,-0.4828173095160473,-0.4828173095160473,0.09172959377956857,2.0672394498433277e-06,0.09172959377956857,0.09172959377956857,0.09172959377956857,0.0,,,,,,,,,0.8207702253348667,0.5713278906909598,0.3264155586813884,True,True,0.0,0.0,0.0,True,2.0672394498433277e-06,0.0,True,0.0,True,0.0,0.0,True,True,8,game,match-lex-1,0.0,True,1.0,True,3,3,-0.4828173095160473,0.09172959377956857,0.0,0.0,True,True,True,1.0,ok,True,True,True,True,True,True,47.395980729289704,False,game,1,0.8118639647482523,1.0,0.0,1.0,0.0,1.0,True,True,True,True,True,True,True,True,match,0
0.00010247863022331354,6.895154017174654e-05,9.042357138406216e-05,0.00018504962898167226,0.00016529010156542915,0.00023790602316743208,0.999712471740795,0.9997657583582629,0.9996716704054485,178,0.0108642578125,True,True,True,-0.5909697626514578,game,0.6534950825545022,0.6534950825545022,50.18744877775006,50.18744877775006,0.7877883820592716,0.7877883820592716,-3.3527090051567e-05,-1.2055058839251375e-05,-1.975952741624311e-05,5.285639418575982e-05,5.328661746784036e-05,-4.080133534656305e-05,0.0,-0.09307257635251176,0.27110103730277757,0.36417361365528933,0.0,-0.09307257635251176,0.0,-0.3470642375733135,-0.21540888845024408,-0.5020959692836477,-0.06380208865183512,0.15503173171033424,-0.15160679979839742,0.005274350541162117,0.049893105619335014,0.3301392116112632,0.24980106455840134,0.048806690946589626,0.27900433393470436,-0.10622504076374462,0.43061113373311244,0.15503173171033424,-0.15160679979839742,0.005274350541162117,0.049893105619335014,0.3301392116112632,0.24980106455840134,-0.39625034971000694,-0.39625034971000694,-0.12514931240722937,1.1671620168129948e-06,-0.12514931240722937,-0.12514931240722937,-0.12514931240722937,0.0,-0.11292193247040849,-0.11292193247040849,0.25125168118488084,1.1813152553941109e-06,0.25125168118488084,0.25125168118488084,0.25125168118488084,0.0,a_to_b,-0.39625034971000694,-0.12514931240722937,-0.11292193247040849,0.25125168118488084,fire,1,-0.28332841723959845,-0.28332841723959845,-0.3764009935921102,-1.4153238581116057e-08,-0.3764009935921102,-0.3764009935921102,-0.3764009935921102,0.0,,,,,,,,,0.8954546832964076,0.44521085594724774,0.19821270625328424,True,True,0.0,0.0,0.0,True,1.4153238581116057e-08,0.0,True,0.0,True,0.0,0.0,True,True,12,game,match-lex-1,0.0,True,1.0,True,3,3,-0.28332841723959845,-0.3764009935921102,0.0,0.0,True,True,True,1.0,ok,True,True,True,True,True,True,63.7067643045973,False,game,1,0.8882577331954914,1.0,1.0,1.0,1.0,1.0,True,True,True,True,True,True,True,True,match,0
5.401657873339298e-05,3.427793041998382e-05,5.5743727172207063e-05,0.0004981381895941976,0.000616409678534105,0.00046473580242805567,0.9994478452316724,0.9993493123910459,0.9994795204703998,49,0.00299072265625,True,True,True,-2.221586514650035,fire,0.5177118641027852,0.5177118641027852,24.889568167747306,24.889568167747306,0.5834434237499679,0.5834434237499679,-1.9738648313409162e-05,1.7271484388140822e-06,0.00011827148893990742,-3.340238716614195e-05,-9.853284062655288e-05,3.1675238727379984e-05,0.0,0.7687058955595383,0.48626316782478973,-0.2824427277347503,0.0,0.7687058955595383,0.0,-1.187477210666807,-0.047415495024662135,-0.7892026568711561,0.2966249509731451,-0.39827455379562693,-0.3440404459977895,0.11716217232975878,0.39232791795729716,0.48142073566674193,0.5167135984803702,-0.24318511421660816,-0.6983112413441219,0.15508943957904364,-0.35427079534631467,-0.39827455379562693,-0.3440404459977895,0.11716217232975878,0.39232791795729716,0.48142073566674193,0.5167135984803702,-0.45478929393214074,-0.45478929393214074,0.031473873892648996,-1.3313563584915755e-07,0.031473873892648996,0.031473873892648996,0.031473873892648996,0.0,0.21303427735615266,0.21303427735615266,-0.06940845037859589,7.702545445908981e-07,-0.06940845037859589,-0.06940845037859589,-0.06940845037859589,0.0,b_to_a,-0.45478929393214074,0.031473873892648996,0.21303427735615266,-0.06940845037859766,game,1,-0.6678235712882934,-0.6678235712882934,0.10088232427124488,-9.033901804400557e-07,0.10088232427124488,0.10088232427124488,0.10088232427124488,0.0,,,,,,,,,0.879465449972608,0.4780736786979453,0.2285544422637923,True,True,0.0,0.0,0.0,True,9.033901804400557e-07,0.0,True,0.0,True,0.0,0.0,True,True,4,fire,match-lex-1,8.881784197001252e-16,True,1.0,True,3,3,-0.6678235712882934,0.10088232427124666,0.0,-1.7763568394002505e-15,True,True,True,1.0,ok,True,True,True,True,True,True,42.65978011676693,False,fire,1,0.834588730403147,1.0,0.0,1.0,0.0,1.0,True,True,True,True,True,True,True,True,match,0
5.401657873339298e-05,3.5269713876481736e-05,6.252643850977505e-05,0.0004981381895941976,0.0005359315551251213,0.0005831090132531795,0.9994478452316724,0.9994287987309984,0.999354364548237,51,0.00311279296875,True,True,True,-2.221586514650035,fire,0.588659843359674,0.588659843359674,33.4319262019106,33.4319262019106,0.7053747108402039,0.7053747108402039,-1.8746864856911245e-05,8.509859776382064e-06,3.779336553092372e-05,8.497082365898192e-05,-1.904650067396929e-05,-9.34806834353985e-05,0.0,0.4881971532861975,0.5725648516140662,0.08436769832786961,0.0,0.4881971532861975,0.0,0.01178097146083168,-1.2093075312790424,-0.5099568890817014,0.32087965332236834,0.5217378605425314,-1.5301871846013935,0.2593979750222182,0.022779914790852583,0.33617202616446523,1.0795585932523988,0.3683829287350431,-1.771218999150447,-0.15335493180749005,-0.24103181454903755,0.5217378605425314,-1.5301871846013935,0.2593979750222182,0.022779914790852583,0.33617202616446523,1.0795585932523988,-0.4262663811880216,-0.4262663811880216,0.14629847042604638,-5.7961543120654824e-08,0.14629847042604638,0.14629847042604638,0.14629847042604638,0.0,0.07312892957829398,0.07312892957829398,0.15749662790616448,5.284809212469099e-07,0.15749662790616448,0.15749662790616448,0.15749662790616448,0.0,b_to_a,-0.42626638118801985,0.14629847042604638,0.07312892957829398,0.1574966279061636,game,1,-0.4993953107663156,-0.4993953107663156,-0.011198157480118098,-5.864424643675648e-07,-0.011198157480118098,-0.011198157480118098,-0.011198157480118098,0.0,,,,,,,,,0.7925745289166573,0.610187994071303,0.3723293881087698,True,True,0.0,0.0,0.0,True,5.864424643675648e-07,0.0,True,0.0,True,0.0,0.0,True,True,8,fire,match-lex-1,8.881784197001252e-16,True,1.0,True,3,3,-0.4993953107663138,-0.01119815748011721,-1.7763568394002505e-15,-8.881784197001252e-16,True,True,True,1.0,ok,True,True,True,True,True,True,47.395980729289704,False,fire,1,0.7701296632179745,1.0,1.0,1.0,1.0,1.0,True,True,True,True,True,True,True,True,match,0
5.401657873339298e-05,4.803917259294435e-05,4.778073397570925e-05,0.0004981381895941976,0.0003825978826267379,0.00041111748853774434,0.9994478452316724,0.9995693629447803,0.9995411017774866,176,0.0107421875,True,True,True,-2.221586514650035,fire,0.6534950825545022,0.6534950825545022,50.18744877775006,50.18744877775006,0.7877883820592716,0.7877883820592716,-5.977406140448631e-06,-6.23584475768373e-06,-0.00011554030696745972,-8.702070105645328e-05,0.00012151771310786597,9.325654581415765e-05,0.0,-0.0772887814355876,-0.005394270421742675,0.07189451101384581,0.0,-0.0772887814355876,0.0,1.1882917345626938,-0.11695902215942144,-0.07333252489993569,-0.08727257581607972,1.2616242594626552,-0.0296864463433284,0.32179872987816377,0.0883440265174938,0.533819130643606,0.3489102475175309,0.8931958003806413,-0.14049393066662486,-0.3684284590819882,-0.11080748432328313,1.2616242594626552,-0.0296864463433284,0.32179872987816377,0.0883440265174938,0.533819130643606,0.3489102475175309,-0.11727423925738734,-0.11727423925738734,-0.12266850967913001,5.738170969493694e-07,-0.12266850967913001,-0.12266850967913001,-0.12266850967913001,0.0,-0.2638930048553263,-0.2638930048553263,-0.19199849384148138,5.796977298189177e-07,-0.19199849384148138,-0.19199849384148138,-0.19199849384148138,0.0,b_to_a,-0.11727423925738734,-0.12266850967913001,-0.2638930048553272,-0.19199849384148138,game,1,0.14661876559793896,0.14661876559793896,0.06932998416235137,-5.880632869548208e-09,0.06932998416235137,0.06932998416235137,0.06932998416235137,0.0,,,,,,,,,0.8826700258298509,0.47001883709002384,0.22091770721946163,True,True,0.0,0.0,0.0,True,5.880632869548208e-09,0.0,True,0.0,True,0.0,0.0,True,True,12,fire,match-lex-1,8.881784197001252e-16,True,1.0,True,3,3,0.14661876559793985,0.06932998416235137,-8.881784197001252e-16,0.0,True,True,True,1.0,ok,True,True,True,True,True,True,63.7067643045973,False,fire,1,0.8777627131304038,1.0,1.0,1.0,1.0,1.0,True,True,True,True,True,True,True,True,match,0
5.041007520694082e-06,1.0547559423068969e-05,3.227849738761203e-06,0.00015315941074879838,8.051302595880248e-05,4.1435305614528895e-05,0.9998417995817305,0.9999089394146181,0.9999553368446468,62,0.0037841796875,True,True,True,-3.4138733123053875,game,0.5718277771676266,0.5718277771676266,30.184309455575853,30.184309455575853,0.6212011865911222,0.6212011865911222,5.506551902374887e-06,-1.8131577819328792e-06,-7.26463847899959e-05,-0.00011172410513426948,6.713983288764158e-05,0.00011353726291629673,0.0,-0.5197926244048467,-1.1840782988601433,-0.6642856744552947,0.0,-0.5197926244048467,0.0,0.6270059502952758,0.7521411554647379,0.336510041131147,-0.47131673921042605,0.2904959091641359,1.223457894675171,0.1446526179860594,0.15003963773512838,1.2139354061557261,0.7616887641052684,0.13361662334617463,0.4934795797392155,-0.15687928581795418,-0.7299783149359484,0.2904959091641359,1.223457894675171,0.1446526179860594,0.15003963773512838,1.2139354061557261,0.7616887641052684,0.7382885318493351,0.7382885318493351,-0.4457897670108082,2.434256924033207e-06,-0.4457897670108082,-0.4457897670108082,-0.4457897670108082,0.0,-0.6430602948229538,-0.6430602948229538,-1.3073459692782503,2.935166007134171e-06,-1.3073459692782503,-1.3073459692782503,-1.3073459692782503,0.0,a_to_b,0.7382885318493351,-0.4457897670108082,-0.6430602948229538,-1.3073459692782485,fire,1,1.3813488266722889,1.3813488266722889,0.8615562022674421,-5.009090831009644e-07,0.8615562022674421,0.8615562022674421,0.8615562022674421,0.0,,,,,,,,,0.8901976019021816,0.4576135903579281,0.2094101980802786,True,True,0.0,0.0,0.0,True,5.009090831009644e-07,0.0,True,0.0,True,0.0,0.0,True,True,4,game,match-lex-2,0.0,True,1.0,True,3,3,1.3813488266722889,0.8615562022674403,0.0,1.7763568394002505e-15,True,True,True,1.0,ok,True,True,True,True,True,True,48.590231485573966,False,game,1,0.847047068734271,1.0,1.0,1.0,1.0,1.0,True,True,True,True,True,True,True,True,match,0
5.041007520694082e-06,1.9817891158720253e-05,1.294008785772076e-05,0.00015315941074879838,0.00036981413418342,0.0003284363080189451,0.9998417995817305,0.9996103679746579,0.9996586236041234,57,0.00347900390625,True,True,True,-3.4138733123053875,game,0.6839209716335746,0.6839209716335746,49.561691701962964,49.561691701962964,0.7340531133788669,0.7340531133788669,1.4776883638026171e-05,7.899080337026677e-06,0.00021665472343462163,0.0001752768972701467,-0.00023143160707261856,-0.00018317597760708626,0.0,-0.3075974373459385,-0.42625504490742117,-0.11865760756148447,0.0,-0.3075974373459385,0.0,0.7733754906522314,-0.42098553530721894,1.4278579099642528,0.577241770598933,-0.654482419312032,-0.9982273059061839,0.18426384461452758,0.28302479855340773,0.8788958435309047,0.7125755815546152,0.13455008726311313,-0.8722549837111959,0.7890325065751345,0.12597232219495602,-0.654482419312032,-0.9982273059061839,0.18426384461452758,0.28302479855340773,0.8788958435309047,0.7125755815546152,1.368979156575488,1.368979156575488,0.9427241116680634,2.820344445098044e-06,0.9427241116680634,0.9427241116680634,0.9427241116680634,0.0,0.8815212600684674,0.8815212600684674,0.7628636525069812,3.859466929156952e-06,0.7628636525069812,0.7628636525069812,0.7628636525069812,0.0,a_to_b,1.3689791565754863,0.9427241116680651,0.8815212600684674,0.762863652506983,fire,1,0.48745789650702065,0.48745789650702065,0.17986045916108218,-1.0391224840589075e-06,0.17986045916108218,0.17986045916108218,0.17986045916108218,0.0,,,,,,,,,0.8017831398892726,0.5987218693977654,0.3584678768951635,True,True,0.0,0.0,0.0,True,1.0391224840589075e-06,0.0,True,0.0,True,0.0,0.0,True,True,8,game,match-lex-2,0.0,True,1.0,True,3,3,0.4874578965070189,0.17986045916108218,1.7763568394002505e-15,0.0,True,True,True,1.0,ok,True,True,True,True,True,True,67.51785504161833,False,game,1,0.7653952256062897,1.0,1.0,1.0,1.0,1.0,True,True,True,True,True,True,True,True,match,0
5.041007520694082e-06,1.0658449776920602e-05,8.822793634089597e-06,0.00015315941074879838,0.0001623493099288085,0.00013006051538631892,0.9998417995817305,0.9998269922402944,0.9998611166909795,172,0.010498046875,True,True,True,-3.4138733123053875,game,0.6161899366272052,0.6161899366272052,49.66631681349922,49.66631681349922,0.7027734038143291,0.7027734038143291,5.617442256226519e-06,3.7817861133955143e-06,9.189899180010123e-06,-2.309889536247946e-05,-1.480734143610718e-05,1.9317109249072928e-05,0.0,0.03273597747781842,-0.18901442543213243,-0.22175040290995085,0.0,0.03273597747781842,0.0,0.041102304000871115,0.17689419453690292,0.1379954623202,0.30248609707706997,-0.09689315831933598,-0.1255919025401866,0.0433157551204785,0.017240496730737367,0.562445938803358,0.37509219900563606,0.14483957850819884,-0.47202151169122253,0.24173273682752772,-0.3464296091510555,-0.09689315831933598,-0.1255919025401866,0.0433157551204785,0.017240496730737367,0.562445938803358,0.37509219900563606,0.7487470168541019,0.7487470168541019,0.5597325914219695,8.033082785630086e-07,0.5597325914219695,0.5597325914219695,0.5597325914219695,0.0,0.05827096871436055,0.05827096871436055,-0.1634794341955903,1.5341511279132192e-06,-0.1634794341955903,-0.1634794341955903,-0.1634794341955903,0.0,a_to_b,0.7487470168541019,0.5597325914219695,0.05827096871435877,-0.16347943419559208,fire,1,0.6904760481397414,0.6904760481397414,0.7232120256175598,-7.308428493502106e-07,0.7232120256175598,0.7232120256175598,0.7232120256175598,0.0,,,,,,,,,0.8739555581374113,0.4869419075689236,0.23711242134686591,True,True,0.0,0.0,0.0,True,7.308428493502106e-07,0.0,True,0.0,True,0.0,0.0,True,True,12,game,match-lex-2,0.0,True,1.0,True,3,3,0.6904760481397432,0.7232120256175616,-1.7763568394002505e-15,-1.7763568394002505e-15,True,True,True,1.0,ok,True,True,True,True,True,True,70.67187879326882,False,game,1,0.8437771064518005,1.0,1.0,1.0,1.0,1.0,True,True,True,True,True,True,True,True,match,0
3.638361342228845e-06,6.815512019624557e-06,4.722705294276589e-06,0.0003433099746467719,0.0003498935830328448,0.0005890158031803055,0.999653051664011,0.9996432909049475,0.9994062614915254,68,0.004150390625,True,True,True,-4.547100355651152,fire,0.5718277771676266,0.5718277771676266,30.184309455575853,30.184309455575853,0.6212011865911222,0.6212011865911222,3.177150677395712e-06,1.084343952047744e-06,6.583608386072912e-06,0.0002457058285335336,-9.760759063448532e-06,-0.0002467901724855226,0.0,-0.8876433566702513,-0.36681940262552537,0.5208239540447259,0.0,-0.8876433566702513,0.0,-0.504310245105474,-0.49772163896441324,0.0778759818552821,0.4459115760417607,-0.5821862269607649,-0.9436332150061908,0.016465580088990392,0.15168556758190024,0.5126023027738725,0.5194587535724148,0.26503436543044323,-0.33833692582098074,0.8472205923911993,0.6052962891851923,-0.5821862269607649,-0.9436332150061908,0.016465580088990392,0.15168556758190024,0.5126023027738725,0.5194587535724148,0.6276677940186133,0.6276677940186133,0.2608483913930879,-5.361435349016119e-07,0.2608483913930879,0.2608483913930879,0.2608483913930879,0.0,0.018995304542078983,0.018995304542078983,0.5398192585868049,4.94077879054089e-07,0.5398192585868049,0.5398192585868049,0.5398192585868049,0.0,b_to_a,0.6276677940186133,0.2608483913930879,0.01899530454207987,0.5398192585868058,game,1,0.6086724894765343,0.6086724894765343,-0.278970867193717,-1.0302214139557009e-06,-0.278970867193717,-0.278970867193717,-0.278970867193717,0.0,,,,,,,,,0.8523933482664127,0.5260351472368765,0.276712976128529,True,True,0.0,0.0,0.0,True,1.0302214139557009e-06,0.0,True,0.0,True,0.0,0.0,True,True,4,fire,match-lex-2,0.0,True,1.0,True,3,3,0.6086724894765334,-0.2789708671937179,8.881784197001252e-16,8.881784197001252e-16,True,True,True,1.0,ok,True,True,True,True,True,True,48.590231485573966,False,fire,1,0.795057527897671,1.0,0.0,1.0,0.0,1.0,True,True,True,True,True,True,True,True,match,0
3.638361342228845e-06,1.2008513165102579e-05,7.4506949019677535e-06,0.0003433099746467719,0.0003475189099073245,0.00022991885871467854,0.999653051664011,0.9996404725769276,0.9997626304463834,47,0.00286865234375,True,True,True,-4.547100355651152,fire,0.6839209716335746,0.6839209716335746,49.561691701962964,49.561691701962964,0.7340531133788669,0.7340531133788669,8.370151822873734e-06,3.8123335597389085e-06,4.208935260552609e-06,-0.00011339111593209336,-1.2579087083408602e-05,0.00010957878237238816,0.0,-0.06421590317086512,-0.477308525212905,-0.4130926220420399,0.0,-0.06421590317086512,0.0,1.3922740167595675,1.405062656111176,1.1192581243012611,1.2468136840497621,0.27301589245830726,0.1582489720613829,0.04596107662831461,0.030558926441837216,0.6514978490806063,0.38574504089342293,0.851709214958758,-0.17908322778036379,0.5786933225004507,-0.33733219984177865,0.27301589245830726,0.1582489720613829,0.04596107662831461,0.030558926441837216,0.6514978490806063,0.38574504089342293,1.1940824291058725,1.1940824291058725,0.7167739038929675,-6.909768028862118e-07,0.7167739038929675,0.7167739038929675,0.7167739038929675,0.0,0.012185325292106697,0.012185325292106697,-0.4009072967499332,6.513104722216667e-09,-0.4009072967499332,-0.4009072967499332,-0.4009072967499332,0.0,b_to_a,1.1940824291058725,0.7167739038929675,0.012185325292106697,-0.4009072967499332,game,1,1.1818971038137658,1.1818971038137658,1.1176812006429007,-6.974899076084284e-07,1.1176812006429007,1.1176812006429007,1.1176812006429007,0.0,,,,,,,,,0.7902870033153407,0.6144424409183382,0.3775395132016942,True,True,0.0,0.0,0.0,True,6.974899076084284e-07,0.0,True,0.0,True,0.0,0.0,True,True,8,fire,match-lex-2,0.0,True,1.0,True,3,3,1.1818971038137658,1.1176812006429007,0.0,0.0,True,True,True,1.0,ok,True,True,True,True,True,True,67.51785504161833,False,fire,1,0.7445370217761483,1.0,1.0,1.0,1.0,1.0,True,True,True,True,True,True,True,True,match,0
3.638361342228845e-06,9.137271297627708e-06,8.256038771195124e-06,0.0003433099746467719,0.00024341620110232738,0.0001982656700462821,0.999653051664011,0.9997474465276001,0.9997934782911825,131,0.00799560546875,True,True,True,-4.547100355651152,fire,0.6161899366272052,0.616189936627205,49.66631681349922,49.66631681349923,0.7027734038143291,0.7027734038143291,5.498909955398863e-06,4.617677428966279e-06,-9.989377354444452e-05,-0.0001450443046004898,9.439486358908677e-05,0.00014042662717150822,0.0,0.1037479498122682,-0.10141689092365525,-0.20516484073592167,0.0,0.1037479498122682,0.0,1.8329691017573841,1.8387402082957136,1.560041815815726,1.738539510245591,0.2729272859416767,0.10020069805012,0.06741694715093692,0.03880897764393689,0.6742977500584223,0.3597401791934902,0.16306539136918374,-0.3177971956673229,-0.1098618945724752,-0.41799789371744644,0.2729272859416767,0.10020069805012,0.06741694715093692,0.03880897764393689,0.6742977500584223,0.3597401791934902,0.920828396194743,0.920828396194743,0.8194115052710895,-8.675293567961262e-07,0.8194115052710895,0.8194115052710895,0.8194115052710895,0.0,-0.34386101525686996,-0.34386101525686996,-0.5490258559927916,-5.982615807198499e-07,-0.5490258559927916,-0.5490258559927916,-0.5490258559927916,0.0,b_to_a,0.920828396194743,0.8194115052710877,-0.34386101525686996,-0.5490258559927916,game,1,1.264689411451613,1.264689411451613,1.3684373612638812,-2.692677760762763e-07,1.3684373612638812,1.3684373612638812,1.3684373612638812,0.0,,,,,,,,,0.8822302098851535,0.4714753485912758,0.2222890043292689,True,True,0.0,0.0,0.0,True,2.692677760762763e-07,0.0,True,0.0,True,0.0,0.0,True,True,12,fire,match-lex-2,0.0,True,1.0,True,3,3,1.264689411451613,1.3684373612638794,0.0,1.7763568394002505e-15,True,True,True,1.0,ok,True,True,True,True,True,True,70.67187879326882,False,fire,1,0.8573475339182959,1.0,1.0,1.0,1.0,1.0,True,True,True,True,True,True,True,True,match,0
8.911206677365517e-06,4.4274965750724615e-06,6.418459307105782e-06,0.0001442967599554107,0.00014420445284073273,0.0002592805331748187,0.9998467920333672,0.9998513680505843,0.999734301007518,44,0.002685546875,True,True,True,-2.784562350124901,game,0.5705630071134841,0.570563007113484,32.34035845702635,32.34035845702635,0.6507461133883354,0.6507461133883354,-4.483710102293056e-06,-2.4927473702597354e-06,-9.230711467796615e-08,0.00011498377321940802,4.576017217039485e-06,-0.00011249102584920401,0.0,-0.21533472273955567,0.3713437884677422,0.5866785112072961,0.0,-0.21533472273955567,0.0,-0.980910948077927,-0.11303020109044759,-0.23030500792471287,0.26243197171047505,-0.7506059401532994,-0.37546217280098304,0.005855564803903527,0.0022672988142175233,0.9134893712297985,0.6881762940753905,-0.423106684714341,-0.016081087145627393,0.3274992554388714,0.35938108565529525,-0.7506059401532994,-0.37546217280098304,0.005855564803903527,0.0022672988142175233,0.9134893712297985,0.6881762940753905,-0.6994753447547151,-0.6994753447547151,-0.3281315562869729,1.5330987324091438e-07,-0.3281315562869729,-0.3281315562869729,-0.3281315562869729,0.0,-0.0006399080054677597,-0.0006399080054677597,0.5860386032018301,-1.7714618074649024e-06,0.5860386032018301,0.5860386032018301,0.5860386032018301,0.0,a_to_b,-0.6994753447547151,-0.3281315562869729,-0.0006399080054677597,0.5860386032018283,fire,1,-0.6988354367492473,-0.6988354367492473,-0.914170159488803,1.924771680705817e-06,-0.914170159488803,-0.914170159488803,-0.914170159488803,0.0,,,,,,,,,0.8739926665097955,0.4900982817833107,0.24019632580695968,True,True,0.0,0.0,0.0,True,1.924771680705817e-06,0.0,True,0.0,True,0.0,0.0,True,True,4,game,match-lex-3,0.0,True,1.0,True,3,3,-0.6988354367492473,-0.9141701594888012,0.0,-1.7763568394002505e-15,True,True,True,1.0,ok,True,True,True,True,True,True,49.69735168856415,False,game,1,0.8102784065685232,1.0,1.0,1.0,1.0,1.0,True,True,True,True,True,True,True,True,match,0
8.911206677365517e-06,1.1967488466688902e-05,7.97293032769873e-06,0.0001442967599554107,0.00024332698503187723,0.00019634152351059883,0.9998467920333672,0.9997447055265015,0.9997956855461617,55,0.00335693359375,True,True,True,-2.784562350124901,game,0.5604011539477759,0.5604011539477759,32.38920945911177,32.38920945911177,0.6809793527778419,0.6809793527778419,3.0562817893233842e-06,-9.382763496667882e-07,9.903022507646653e-05,5.204476355518813e-05,-0.0001020865068657173,-5.1106487205521134e-05,0.0,-0.19159103717591996,-0.40614158361275265,-0.2145505464368309,0.0,-0.19159103717591996,0.0,-0.5030070867763659,0.07085979008953736,-0.10740829492740467,0.3431574590007447,-0.3955987918490429,-0.27229766891129614,0.007739953765740624,0.0023264241214154173,0.8927677378711623,0.6699330633689292,0.0298832264469322,0.1378505965558805,0.4254820182958934,0.4101482654670878,-0.3955987918490429,-0.27229766891129614,0.007739953765740624,0.0023264241214154173,0.8927677378711623,0.6699330633689292,0.2948840166933486,0.2948840166933486,-0.11125756691940225,-8.129198150186312e-07,-0.11125756691940225,-0.11125756691940225,-0.11125756691940225,0.0,0.5225341442276292,0.5225341442276292,0.3079835977907983,-1.1059259517054443e-06,0.3079835977907983,0.3079835977907983,0.3079835977907983,0.0,a_to_b,0.2948840166933486,-0.11125756691940403,0.5225341442276292,0.3079835977907983,fire,1,-0.2276501275342806,-0.2276501275342806,-0.41924116471020056,2.930061366868131e-07,-0.41924116471020056,-0.41924116471020056,-0.41924116471020056,0.0,,,,,,,,,0.800973373801895,0.5998181866714056,0.3597818570617819,True,True,0.0,0.0,0.0,True,2.930061366868131e-07,0.0,True,0.0,True,0.0,0.0,True,True,8,game,match-lex-3,0.0,True,1.0,True,3,3,-0.2276501275342806,-0.41924116471020234,0.0,1.7763568394002505e-15,True,True,True,1.0,ok,True,True,True,True,True,True,47.562689422212486,False,game,1,0.7643645961471723,1.0,1.0,1.0,1.0,1.0,True,True,True,True,True,True,True,True,match,0
8.911206677365517e-06,6.752790329134613e-06,1.075794733497698e-05,0.0001442967599554107,0.00016545527549322183,0.0001552775864585215,0.9998467920333672,0.9998277919341776,0.9998339644662065,167,0.01019287109375,True,True,True,-2.784562350124901,game,0.6349078805585455,0.6349078805585455,46.00640233399729,46.00640233399729,0.7590209139110771,0.7590209139110771,-2.1584163482309045e-06,1.846740657611462e-06,2.1158515537811134e-05,1.0980826503110804e-05,-1.9000099189647734e-05,-1.2827567160700326e-05,0.0,0.5291754908524844,0.4656889668506512,-0.06348652400183141,0.0,0.5291754908524844,0.0,-0.09771303851103141,0.0951911007662467,-0.23484728357996332,0.07650763132157579,0.1371342450689248,0.018683469444585654,0.002545829095413174,0.001761697799186751,0.5629441052714342,0.45402472346513345,0.3298790843224886,-0.0043858838605626005,0.19274483925355845,-0.02306935330523352,0.1371342450689248,0.018683469444585654,0.002545829095413174,0.001761697799186751,0.5629441052714342,0.45402472346513345,-0.27735386031176645,-0.27735386031176645,0.18833510653888652,-7.140938880212389e-07,0.18833510653888652,0.18833510653888652,0.18833510653888652,0.0,0.13682890758812327,0.13682890758812327,0.07334238358629186,-7.741135252814502e-07,0.07334238358629186,0.07334238358629186,0.07334238358629186,0.0,a_to_b,-0.2773538603117647,0.18833510653888652,0.13682890758812327,0.07334238358629186,fire,1,-0.4141827678998897,-0.4141827678998897,0.11499272295259466,6.001963726021131e-08,0.11499272295259466,0.11499272295259466,0.11499272295259466,0.0,,,,,,,,,0.8873347711551705,0.46135225248226175,0.21284590087046013,True,True,0.0,0.0,0.0,True,6.001963726021131e-08,0.0,True,0.0,True,0.0,0.0,True,True,12,game,match-lex-3,0.0,True,1.0,True,3,3,-0.41418276789988795,0.11499272295259466,-1.7763568394002505e-15,0.0,True,True,True,1.0,ok,True,True,True,True,True,True,60.61282566897381,False,game,1,0.8728815026161953,1.0,0.0,1.0,0.0,1.0,True,True,True,True,True,True,True,True,match,0
8.516757113851974e-06,1.0489100296279217e-05,1.0786882513770271e-05,0.001635412567769769,0.0023102531994013313,0.0016701623753830343,0.9983560706751163,0.9976792577003023,0.9983190507421031,75,0.00457763671875,True,True,True,-5.257614738580637,fire,0.5705630071134841,0.570563007113484,32.34035845702635,32.34035845702635,0.6507461133883354,0.6507461133883354,1.9723431824272433e-06,2.2701253999182972e-06,0.0006748406316315623,3.474980761326526e-05,-0.0006768129748140339,-3.701993301319373e-05,0.0,0.35243043907860994,0.027994162891555874,-0.32443627618705406,0.0,0.35243043907860994,0.0,-0.13357340203244394,0.6176209577644514,0.9903333184913539,1.3266416908515701,-1.1239067205238165,-0.7090207330871188,0.0936008572806635,0.14316821473020533,0.6356148168283309,0.581274040831468,-0.8295831029174465,-0.7028699934494469,0.2943236176063504,0.006150739637671876,-1.1239067205238165,-0.7090207330871188,0.0936008572806635,0.14316821473020533,0.6356148168283309,0.581274040831468,0.20830100303075305,0.20830100303075305,0.23629516592230893,-1.3082086827154171e-06,0.23629516592230893,0.23629516592230893,0.23629516592230893,0.0,0.3454620211119268,0.3454620211119268,0.021025744924872747,6.067042166435499e-07,0.021025744924872747,0.021025744924872747,0.021025744924872747,0.0,b_to_a,0.20830100303075305,0.23629516592230893,0.3454620211119268,0.021025744924872747,game,1,-0.13716101808117376,-0.13716101808117376,0.21526942099743618,-1.914912899358967e-06,0.21526942099743618,0.21526942099743618,0.21526942099743618,0.0,,,,,,,,,0.8536090132009938,0.5219307728666573,0.27241173166519267,True,True,0.0,0.0,0.0,True,1.914912899358967e-06,0.0,True,0.0,True,0.0,0.0,True,True,4,fire,match-lex-3,8.881784197001252e-16,True,1.0,True,3,3,-0.13716101808117376,0.21526942099743618,0.0,0.0,True,True,True,1.0,ok,True,True,True,True,True,True,49.69735168856415,False,fire,1,0.8210501575213472,1.0,0.0,1.0,0.0,1.0,True,True,True,True,True,True,True,True,match,0
8.516757113851974e-06,1.899398264867681e-05,1.247397544270505e-05,0.001635412567769769,0.0020083555029563127,0.0012481720707366618,0.9983560706751163,0.997972650514395,0.9987393539538206,57,0.00347900390625,True,True,True,-5.257614738580637,fire,0.5604011539477759,0.560401153947776,32.38920945911177,32.38920945911177,0.6809793527778419,0.6809793527778419,1.0477225534824836e-05,3.957218328853077e-06,0.0003729429351865437,-0.00038724049703310723,-0.0003834201607213483,0.0003832832787042939,0.0,0.05515837494743181,-0.4204777168807823,-0.47563609182821587,0.0,0.05515837494743181,0.0,0.6484120079335858,1.4862669295540636,0.8480513668726601,1.543563182707537,-0.19963935893908058,-0.05729625315345288,0.07364865195636754,0.2782844912029074,0.5143955501049523,0.41674812926213084,0.17161201995239495,-0.39368616415915625,0.3712513788914684,-0.3363899110056856,-0.19963935893908058,-0.05729625315345288,0.07364865195636754,0.2782844912029074,0.5143955501049523,0.41674812926213084,0.8020865783573594,0.8020865783573594,0.38160886147657536,-1.5118814946646353e-06,0.38160886147657536,0.38160886147657536,0.38160886147657536,0.0,0.20542112191863282,0.20542112191863282,-0.27021496990958305,6.968105115134904e-08,-0.27021496990958305,-0.27021496990958305,-0.27021496990958305,0.0,b_to_a,0.8020865783573594,0.38160886147657713,0.20542112191863282,-0.27021496990958305,game,1,0.5966654564387266,0.5966654564387266,0.6518238313861584,-1.5815625458159843e-06,0.6518238313861584,0.6518238313861584,0.6518238313861584,0.0,,,,,,,,,0.795188670340967,0.6075541253220001,0.36912201519578863,True,True,0.0,0.0,0.0,True,1.5815625458159843e-06,0.0,True,0.0,True,0.0,0.0,True,True,8,fire,match-lex-3,8.881784197001252e-16,True,1.0,True,3,3,0.5966654564387266,0.6518238313861602,0.0,-1.7763568394002505e-15,True,True,True,1.0,ok,True,True,True,True,True,True,47.562689422212486,False,fire,1,0.7571487356088374,1.0,1.0,1.0,1.0,1.0,True,True,True,True,True,True,True,True,match,0
8.516757113851974e-06,1.5126074977995127e-05,1.1270819838152453e-05,0.001635412567769769,0.002977938495042705,0.0018373336528702767,0.9983560706751163,0.9970069354299793,0.9981513955272915,169,0.01031494140625,True,True,True,-5.257614738580637,fire,0.6349078805585455,0.6349078805585455,46.00640233399729,46.00640233399729,0.7590209139110771,0.7590209139110771,6.609317864143153e-06,2.7540627243004793e-06,0.001342525927272936,0.00020192108510050768,-0.001349135245137023,-0.00020467514782485097,0.0,0.18871285825023332,-0.29420300373307917,-0.48291586198331427,0.0,0.18871285825023332,0.0,0.44738017162077526,1.74929051168776,0.5973580189834742,1.4641737987414682,-0.14997784736270248,0.2851167129463086,0.07080078109990373,0.22488862267865703,0.5028987814041999,0.395622211082128,-0.053281339604030364,0.13437639703331605,0.09669650775866856,-0.15074031591297654,-0.14997784736270248,0.2851167129463086,0.07080078109990373,0.22488862267865703,0.5028987814041999,0.395622211082128,0.574384426369674,0.574384426369674,0.28018142263659307,-1.6176443136117769e-06,0.28018142263659307,0.28018142263659307,0.28018142263659307,0.0,0.5993361733945077,0.5993361733945077,0.11642031141119347,-5.20162983796979e-07,0.11642031141119347,0.11642031141119347,0.11642031141119347,0.0,b_to_a,0.5743844263696722,0.28018142263659307,0.5993361733945077,0.11642031141119347,game,1,-0.024951747024833715,-0.024951747024833715,0.1637611112253996,-1.0974813298147978e-06,0.1637611112253996,0.1637611112253996,0.1637611112253996,0.0,,,,,,,,,0.878800532789574,0.47767704330224414,0.22817535769797795,True,True,0.0,0.0,0.0,True,1.0974813298147978e-06,0.0,True,0.0,True,0.0,0.0,True,True,12,fire,match-lex-3,8.881784197001252e-16,True,1.0,True,3,3,-0.02495174702483549,0.1637611112253996,1.7763568394002505e-15,0.0,True,True,True,1.0,ok,True,True,True,True,True,True,60.61282566897381,False,fire,1,0.8572196586363227,1.0,0.0,1.0,0.0,1.0,True,True,True,True,True,True,True,True,match,0
7.16623587622873e-06,8.246986612983228e-05,4.87989627282249e-05,0.0003427528157032986,0.00014323081563801676,0.00010342049366569427,0.9996500809484204,0.9997742993182321,0.999847780543606,129,0.00787353515625,True,True,True,-3.8676289990786863,baseball,0.5709294781727554,0.5709294781727554,39.35633005766728,39.35633005766728,0.6905438635988519,0.6905438635988519,7.530363025360356e-05,4.163272685199617e-05,-0.00019952200006528186,-0.00023933232203760435,0.00012421836981169054,0.00019769959518556313,0.0,-0.19906962650529714,-0.5247239105209349,-0.3256542840156378,0.0,-0.19906962650529714,0.0,0.7104333883103875,0.07145312068501752,1.1624159081202556,0.38024761230617443,-0.45198251980985304,-0.3087944916211356,0.3559806624558809,0.17911510096752148,0.9669618131231313,0.8349027515594457,-1.8626988713634773,-1.9206279909091784,-1.4107163515536119,-1.6118334992880214,-0.45198251980985304,-0.3087944916211356,0.3559806624558809,0.17911510096752148,0.9669618131231313,0.8349027515594457,2.443052433219826,2.443052433219826,1.918328522698891,-4.582972223943216e-09,1.918328522698891,1.918328522698891,1.918328522698891,0.0,-0.8725521090650705,-0.8725521090650705,-1.1982063930807083,-2.023876531254132e-06,-1.1982063930807083,-1.1982063930807083,-1.1982063930807083,0.0,a_to_b,2.443052433219826,1.918328522698891,-0.8725521090650705,-1.1982063930807083,container,1,3.3156045422848965,3.3156045422848965,3.1165349157795994,2.0192935590301886e-06,3.1165349157795994,3.1165349157795994,3.1165349157795994,0.0,,,,,,,,,0.8487359581988503,0.5294062832675752,0.28027101276319405,True,True,0.0,0.0,0.0,True,2.0192935590301886e-06,0.0,True,0.0,True,0.0,0.0,True,True,4,baseball,pitcher-lex-0,1.7763568394002505e-15,True,1.0,True,3,3,3.3156045422848965,3.1165349157795994,0.0,0.0,True,True,True,1.0,ok,True,True,True,True,True,True,56.9932369720253,False,baseball,1,0.8237611808642021,1.0,1.0,1.0,1.0,1.0,True,True,True,True,True,True,True,True,pitcher,0
7.16623587622873e-06,2.5428930616594502e-05,7.976764327144097e-06,0.0003427528157032986,7.326379162316943e-05,5.407708092965643e-05,0.9996500809484204,0.9999013072777602,0.9999379461547432,89,0.00543212890625,True,True,True,-3.8676289990786863,baseball,0.5284258471768694,0.5284258471768694,37.247315022707305,37.247315022707305,0.6363080994443318,0.6363080994443318,1.826269474036577e-05,8.105284509153671e-07,-0.0002694890240801292,-0.00028867573477364217,0.00025122632933971545,0.00028786520632273493,0.0,-0.8556986117283145,-1.1593546700622657,-0.3036560583339494,0.0,-0.8556986117283145,0.0,1.5831683845818718,0.5038528253221859,1.054229534618809,0.6220788819074272,0.5289388499630903,-0.11822605658521113,0.1443152912300701,0.16745545247491533,0.8513847869026446,0.8166684391397195,-1.7827675599442507,-2.0121209582597235,-2.3117064099073144,-1.8938949016744857,0.5289388499630903,-0.11822605658521113,0.1443152912300701,0.16745545247491533,0.8513847869026446,0.8166684391397195,1.266506992143558,1.266506992143558,0.10715232208129244,3.142993723059817e-07,0.10715232208129244,0.10715232208129244,0.10715232208129244,0.0,-1.5429430217244242,-1.5429430217244242,-1.8465990800583754,-2.096938333195908e-06,-1.8465990800583754,-1.8465990800583754,-1.8465990800583754,0.0,a_to_b,1.266506992143558,0.10715232208129244,-1.5429430217244278,-1.8465990800583771,container,1,2.8094500138679823,2.8094500138679823,1.9537514021396678,2.4112377055018896e-06,1.9537514021396678,1.9537514021396678,1.9537514021396678,0.0,,,,,,,,,0.7712112022025012,0.6387386058822251,0.4079870066443772,True,True,0.0,0.0,0.0,True,2.4112377055018896e-06,0.0,True,0.0,True,0.0,0.0,True,True,8,baseball,pitcher-lex-0,1.7763568394002505e-15,True,1.0,True,3,3,2.809450013867986,1.9537514021396696,-3.552713678800501e-15,-1.7763568394002505e-15,True,True,True,1.0,ok,True,True,True,True,True,True,58.53660365982177,False,baseball,1,0.7187352548837016,1.0,1.0,1.0,1.0,1.0,True,True,True,True,True,True,True,True,pitcher,0
7.16623587622873e-06,2.153429872166988e-05,1.4782182487894765e-05,0.0003427528157032986,6.204107883734041e-05,6.775455163270657e-05,0.9996500809484204,0.999916424622441,0.9999174632658795,206,0.0125732421875,True,True,True,-3.8676289990786863,baseball,0.6217740052211445,0.6217740052211445,51.096495066311434,51.09649506631143,0.7473532526678055,0.7473532526678054,1.4368062845441152e-05,7.6159466116660356e-06,-0.00028071173686595823,-0.00027499826407059204,0.0002663436740205638,0.00026738231745904173,0.0,-0.46431929656029425,-0.3762243838270223,0.08809491273327374,0.0,-0.46431929656029425,0.0,0.9633028257740213,0.7701121745843889,0.8841917476428769,0.8413721140622314,0.07911107813115947,-0.07125993947783726,0.23561387581948148,0.0666867820287191,0.7960159941607023,0.610095354067435,-2.150880480130475,-1.7710347620945885,-2.2299915582616183,-1.6997748226167477,0.07911107813115947,-0.07125993947783726,0.23561387581948148,0.0666867820287191,0.7960159941607023,0.610095354067435,1.100266419026056,1.100266419026056,0.7240420351990338,2.0884286122679896e-07,0.7240420351990338,0.7240420351990338,0.7240420351990338,0.0,-1.7092128059033787,-1.7092128059033787,-1.6211178931701067,-4.3997694376685104e-07,-1.6211178931701067,-1.6211178931701067,-1.6211178931701067,0.0,a_to_b,1.100266419026056,0.7240420351990338,-1.7092128059033822,-1.6211178931701085,container,1,2.8094792249294347,2.8094792249294347,2.3451599283691404,6.4881980499365e-07,2.3451599283691404,2.3451599283691404,2.3451599283691404,0.0,,,,,,,,,0.8835538495069593,0.4695802221356042,0.22050558502092707,True,True,0.0,0.0,0.0,True,6.4881980499365e-07,0.0,True,0.0,True,0.0,0.0,True,True,12,baseball,pitcher-lex-0,1.7763568394002505e-15,True,1.0,True,3,3,2.8094792249294382,2.345159928369142,-3.552713678800501e-15,-1.7763568394002505e-15,True,True,True,1.0,ok,True,True,True,True,True,True,68.36993735414109,False,baseball,1,0.8493049079248406,1.0,1.0,1.0,1.0,1.0,True,True,True,True,True,True,True,True,pitcher,0
0.0001524666108659925,0.0002401742572815555,0.00027031333981866594,0.004195591821115937,0.002345313178044257,0.0017847454838998628,0.9956519415680181,0.9974145125646743,0.9979449411762815,120,0.00732421875,True,True,True,-3.31484405975553,container,0.5709294781727554,0.5709294781727554,39.35633005766728,39.35633005766728,0.6905438635988519,0.6905438635988519,8.7707646415563e-05,0.00011784672895267343,-0.0018502786430716796,-0.002410846337216074,0.0017625709966562209,0.0022929996082634574,0.0,0.39136019745037665,0.11821707207927723,-0.2731431253711003,0.0,0.39136019745037665,0.0,0.45524856907947786,-0.1539532291960395,0.46607788827456353,0.37072572189251396,-0.010829319195075016,-0.5246789510885499,0.5398933366068741,0.17494210198180887,1.2835163883270124,0.6787807053960545,-0.7324738740495622,-0.6326597276518395,-0.7216445548544765,-0.10798077656328608,-0.010829319195075016,-0.5246789510885499,0.5398933366068741,0.17494210198180887,1.2835163883270124,0.6787807053960545,0.4544191049512687,0.4544191049512687,0.5726361770305459,-8.565686044903487e-07,0.5726361770305459,0.5726361770305459,0.5726361770305459,0.0,-0.5816154633219917,-0.5816154633219917,-0.8547585886930911,4.9932573631394916e-08,-0.8547585886930911,-0.8547585886930911,-0.8547585886930911,0.0,b_to_a,0.4544191049512669,0.5726361770305441,-0.5816154633219917,-0.854758588693092,baseball,1,1.0360345682732603,1.0360345682732603,1.427394765723637,-9.065011781217436e-07,1.427394765723637,1.427394765723637,1.427394765723637,0.0,,,,,,,,,0.8358672829730772,0.5523158975661051,0.3050528507042594,True,True,0.0,0.0,0.0,True,9.065011781217436e-07,0.0,True,0.0,True,0.0,0.0,True,True,4,container,pitcher-lex-0,-8.881784197001252e-16,True,1.0,True,3,3,1.0360345682732586,1.427394765723636,1.7763568394002505e-15,8.881784197001252e-16,True,True,True,1.0,ok,True,True,True,True,True,True,56.9932369720253,False,container,1,0.774818405431759,1.0,1.0,1.0,1.0,1.0,True,True,True,True,True,True,True,True,pitcher,0
0.0001524666108659925,0.00042134174692202444,0.0009191443250289195,0.004195591821115937,0.002094532979189231,0.0041279320601648834,0.9956519415680181,0.9974841252738887,0.9949529236148061,84,0.005126953125,True,True,True,-3.31484405975553,container,0.5284258471768694,0.5284258471768694,37.247315022707305,37.247315022707305,0.6363080994443318,0.6363080994443318,0.0002688751360560319,0.0007666777141629269,-0.0021010588419267057,-6.765976095105333e-05,0.0018321837058706825,-0.0006990179532119223,0.0,0.10155293810369592,0.7799989009587973,0.6784459628551023,0.0,0.10155293810369592,0.0,1.2572614323013092,1.846623213411938,1.3115675226538919,1.8996112074701683,-0.05430609035258982,-0.052987994058209864,0.0639972974997852,0.0664418812583102,0.6457734224660748,0.484157508010436,-0.6825963245207376,0.15522135131925197,-0.6282902341681549,0.20820934537748315,-0.05430609035258982,-0.052987994058209864,0.0639972974997852,0.0664418812583102,0.6457734224660748,0.484157508010436,1.0164986278653707,1.0164986278653707,1.796497528824169,-2.257746416489681e-07,1.796497528824169,1.796497528824169,1.796497528824169,0.0,-0.6947038008125102,-0.6947038008125102,-0.016257837957407872,-2.091093733724847e-07,-0.016257837957407872,-0.016257837957407872,-0.016257837957407872,0.0,b_to_a,1.0164986278653698,1.7964975288241671,-0.6947038008125102,-0.016257837957407872,baseball,1,1.7112024286778809,1.7112024286778809,1.8127553667815768,-1.6665268276483403e-08,1.8127553667815768,1.8127553667815768,1.8127553667815768,0.0,,,,,,,,,0.7771340684182925,0.6304979020506387,0.39752760449026636,True,True,0.0,0.0,0.0,True,1.6665268276483403e-08,0.0,True,0.0,True,0.0,0.0,True,True,8,container,pitcher-lex-0,-8.881784197001252e-16,True,1.0,True,3,3,1.71120242867788,1.812755366781575,8.881784197001252e-16,1.7763568394002505e-15,True,True,True,1.0,ok,True,True,True,True,True,True,58.53660365982177,False,container,1,0.7388592100039844,1.0,1.0,1.0,1.0,1.0,True,True,True,True,True,True,True,True,pitcher,0
0.0001524666108659925,0.0012248896066539088,0.0009832106281865574,0.004195591821115937,0.004120876463981176,0.004544954360240851,0.9956519415680181,0.9946542339293649,0.9944718350115727,187,0.01141357421875,True,True,True,-3.31484405975553,container,0.6217740052211445,0.6217740052211445,51.096495066311434,51.09649506631143,0.7473532526678055,0.7473532526678054,0.0010724229957879163,0.0008307440173205649,-7.47153571347605e-05,0.0003493625391249146,-0.0009977076386531447,-0.0011801065564454039,0.0,-0.3177344450314319,-0.2197826339163802,0.0979518111150508,0.0,-0.3177344450314319,0.0,2.5653407868024285,2.3016477651507454,2.4414856045980162,2.192718006900769,0.12385518220441227,0.10892975824995332,0.11764286383869055,0.06785934569002783,0.6674437232442234,0.5016170429539004,-0.44495550531367023,0.16292739874489115,-0.5688106875180825,0.053997640494914734,0.12385518220441227,0.10892975824995332,0.11764286383869055,0.06785934569002783,0.6674437232442234,0.5016170429539004,2.0836603749663816,2.0836603749663816,1.8638777410500005,-2.437584818437699e-07,1.8638777410500005,1.8638777410500005,1.8638777410500005,0.0,-0.017968532995054964,-0.017968532995054964,0.07998327811999584,-9.976686321522266e-08,0.07998327811999584,0.07998327811999584,0.07998327811999584,0.0,b_to_a,2.08366037496638,1.8638777410499996,-0.017968532995054964,0.07998327811999584,baseball,1,2.1016289079614365,2.1016289079614365,1.7838944629300046,-1.4399161862854726e-07,1.7838944629300046,1.7838944629300046,1.7838944629300046,0.0,,,,,,,,,0.8870757912841906,0.46266571209972424,0.21405956115274832,True,True,0.0,0.0,0.0,True,1.4399161862854726e-07,0.0,True,0.0,True,0.0,0.0,True,True,12,container,pitcher-lex-0,-8.881784197001252e-16,True,1.0,True,3,3,2.1016289079614348,1.7838944629300038,1.7763568394002505e-15,8.881784197001252e-16,True,True,True,1.0,ok,True,True,True,True,True,True,68.36993735414109,False,container,1,0.8560432175072338,1.0,1.0,1.0,1.0,1.0,True,True,True,True,True,True,True,True,pitcher,0
0.0006629862967770749,0.0007897778388148395,0.001098483449829906,0.0014162356824325938,0.0007840166455566397,0.0005152113885052649,0.9979207780207904,0.9984262055156286,0.9983863051616648,125,0.00762939453125,True,True,True,-0.7590033813384993,baseball,0.5797500408247284,0.5797500408247284,41.86709972501592,41.86709972501592,0.7196739126215929,0.7196739126215929,0.00012679154203776462,0.0004354971530528312,-0.0006322190368759541,-0.0009010242939273289,0.0005054274948381732,0.00046552714087444436,0.0,0.749787108473627,0.3299341363350745,-0.41985297213855244,0.0,0.749787108473627,0.0,2.2007319372026988,0.9745581070420946,-0.7026718034203423,0.21251086372601513,2.903403740623034,0.7620472433160757,0.1755564736220256,0.960025896529221,2.2123140741541136,1.3203381906472393,2.213685494340817,0.49193740087402116,-0.6897182462822204,-0.2701098424420554,2.903403740623034,0.7620472433160757,0.1755564736220256,0.960025896529221,2.2123140741541136,1.3203381906472393,0.17499736776109742,0.17499736776109742,0.504931504096171,-1.5182640460409402e-06,0.504931504096171,0.504931504096171,0.504931504096171,0.0,-0.5913274510971975,-0.5913274510971975,-1.0111804232357509,-3.478847281357389e-07,-1.0111804232357509,-1.0111804232357509,-1.0111804232357509,0.0,a_to_b,0.17499736776109653,0.504931504096171,-0.5913274510971984,-1.0111804232357509,container,1,0.766324818858295,0.766324818858295,1.516111927331922,-1.1703793179052013e-06,1.516111927331922,1.516111927331922,1.516111927331922,0.0,,,,,,,,,0.8462688573920025,0.5336086827083457,0.28473822626174183,True,True,0.0,0.0,0.0,True,1.1703793179052013e-06,0.0,True,0.0,True,0.0,0.0,True,True,4,baseball,pitcher-lex-1,0.0,True,1.0,True,3,3,0.766324818858295,1.516111927331922,0.0,0.0,True,True,True,1.0,ok,True,True,True,True,True,True,58.175097069316436,False,baseball,1,0.8161158268095227,1.0,1.0,1.0,1.0,1.0,True,True,True,True,True,True,True,True,pitcher,0
0.0006629862967770749,0.00034960023389705335,0.0007181785555007002,0.0014162356824325938,0.001965638735136759,0.0012703307341173455,0.9979207780207904,0.9976847610309661,0.998011490710382,110,0.0067138671875,True,True,True,-0.7590033813384993,baseball,0.5465708466249009,0.5465708466249007,42.25982534427692,42.25982534427692,0.7359367068137727,0.7359367068137727,-0.0003133860628800215,5.519225872362534e-05,0.0005494030527041654,-0.00014590494831524825,-0.00023601698982422814,9.071268959159884e-05,0.0,1.1564678712690482,0.7199279098496429,-0.4365399614194052,0.0,1.1564678712690482,0.0,-1.0924336141509552,1.6119123680839331,-0.027412194003170853,0.5961923886255622,-1.0650214201477812,1.0157199794583907,0.09084872737122439,0.16754086869761609,0.43795975435895607,1.4925924015132432,-0.18106478250580516,1.943662887906572,0.8839566376419814,0.9279429084482054,-1.0650214201477812,1.0157199794583907,0.09084872737122439,0.16754086869761609,0.43795975435895607,1.4925924015132432,-0.6399640086379943,-0.6399640086379943,0.07996390121164865,4.758352307732139e-07,0.07996390121164865,0.07996390121164865,0.07996390121164865,0.0,0.3278148247337658,0.3278148247337658,-0.10872513668563943,1.2837465224180278e-07,-0.10872513668563943,-0.10872513668563943,-0.10872513668563943,0.0,a_to_b,-0.6399640086379952,0.07996390121164776,0.3278148247337658,-0.10872513668563943,container,1,-0.9677788333717601,-0.9677788333717601,0.18868903789728808,3.474605785314111e-07,0.18868903789728808,0.18868903789728808,0.18868903789728808,0.0,,,,,,,,,0.7929868514574966,0.6100253786543877,0.3721309626024367,True,True,0.0,0.0,0.0,True,3.474605785314111e-07,0.0,True,0.0,True,0.0,0.0,True,True,8,baseball,pitcher-lex-1,0.0,True,1.0,True,3,3,-0.967778833371761,0.1886890378972872,8.881784197001252e-16,8.881784197001252e-16,True,True,True,1.0,ok,True,True,True,True,True,True,57.42317913077093,False,baseball,1,0.7620173634586266,1.0,0.0,1.0,0.0,1.0,True,True,True,True,True,True,True,True,pitcher,0
0.0006629862967770749,0.00022499197410662489,0.0005242438979238953,0.0014162356824325938,0.0020043823425114665,0.0015791755303100408,0.9979207780207904,0.9977706256833819,0.997896580571766,218,0.0133056640625,True,True,True,-0.7590033813384993,baseball,0.6440154759614068,0.6440154759614068,60.80664144636921,60.80664144636921,0.7935480340442783,0.7935480340442783,-0.00043799432267044996,-0.00013874239885317962,0.0005881466600788727,0.00016293984787744704,-0.00015015233740844902,-2.4197449024376816e-05,0.0,1.0843253592681972,0.8458922991531548,-0.23843306011504062,0.0,1.0843253592681972,0.0,-1.2931490759200213,-0.8413571557615608,-0.302227469591303,0.42392671542347315,-0.9909216063287118,-1.2652838711850478,0.046405396117878146,0.3171775362366061,0.4992453542115749,0.4464091693146617,-0.31351973091497953,-0.4866068634591185,0.677401875413743,0.7786770077259213,-0.9909216063287118,-1.2652838711850478,0.046405396117878146,0.3171775362366061,0.4992453542115749,0.4464091693146617,-1.0806895905300813,-1.0806895905300813,-0.23479729137692473,-1.5560332222719353e-07,-0.23479729137692473,-0.23479729137692473,-0.23479729137692473,0.0,0.34733353088353436,0.34733353088353436,0.10890047076849374,-1.3497113293681196e-07,0.10890047076849374,0.10890047076849374,0.10890047076849374,0.0,a_to_b,-1.0806895905300804,-0.23479729137692562,0.34733353088353436,0.10890047076849374,container,1,-1.4280231214136156,-1.4280231214136156,-0.3436977621454185,-2.0632189290381575e-08,-0.3436977621454185,-0.3436977621454185,-0.3436977621454185,0.0,,,,,,,,,0.8740571860863149,0.4874596050257733,0.23761686653188674,True,True,0.0,0.0,0.0,True,2.0632189290381575e-08,0.0,True,0.0,True,0.0,0.0,True,True,12,baseball,pitcher-lex-1,0.0,True,1.0,True,3,3,-1.4280231214136148,-0.34369776214541936,-8.881784197001252e-16,8.881784197001252e-16,True,True,True,1.0,ok,True,True,True,True,True,True,76.62628957250536,False,baseball,1,0.8341468981768665,1.0,1.0,1.0,1.0,1.0,True,True,True,True,True,True,True,True,pitcher,0
0.00016763240073384812,0.00022439863553809253,0.0004394466385454723,0.01059110795486157,0.012295633933229659,0.008023477843830971,0.9892412596444046,0.9874799674312322,0.9915370755176236,103,0.00628662109375,True,True,True,-4.145996564702387,container,0.5797500408247284,0.5797500408247284,41.86709972501592,41.86709972501592,0.7196739126215929,0.7196739126215929,5.676623480424441e-05,0.00027181423781162423,0.001704525978368088,-0.002567630111030599,-0.0017612922131723385,0.0022958158732190315,0.0,1.098964462951617,0.672092202610207,-0.42687226034140924,0.0,1.098964462951617,0.0,-0.4019759598607955,0.0560077836684556,0.054166069123626315,0.07797821211816647,-0.4561420289844378,-0.021970428449687773,0.04989327187809446,0.2179301464262672,0.38248146557659685,0.4951538742693656,0.24500652139732537,0.10368404560269795,0.7011485503817472,0.12565447405240882,-0.4561420289844378,-0.021970428449687773,0.04989327187809446,0.2179301464262672,0.38248146557659685,0.4951538742693656,0.2916506019755385,0.2916506019755385,0.9637428045857455,1.1840247715610985e-07,0.9637428045857455,0.9637428045857455,0.9637428045857455,0.0,0.1492294577004012,0.1492294577004012,-0.27764280264100893,-8.835159341913368e-07,-0.27764280264100893,-0.27764280264100893,-0.27764280264100893,0.0,b_to_a,0.2916506019755367,0.9637428045857437,0.14922945770040208,-0.27764280264100716,baseball,1,0.1424211442751373,0.1424211442751373,1.2413856072267544,1.0019184113474466e-06,1.2413856072267544,1.2413856072267544,1.2413856072267544,0.0,,,,,,,,,0.8632163198543319,0.5074465035770236,0.2575019539925528,True,True,0.0,0.0,0.0,True,1.0019184113474466e-06,0.0,True,0.0,True,0.0,0.0,True,True,4,container,pitcher-lex-1,-1.7763568394002505e-15,True,1.0,True,3,3,0.14242114427513464,1.2413856072267508,2.6645352591003757e-15,3.552713678800501e-15,True,True,True,1.0,ok,True,True,True,True,True,True,58.175097069316436,False,container,1,0.8117928927475118,1.0,1.0,1.0,1.0,1.0,True,True,True,True,True,True,True,True,pitcher,0
0.00016763240073384812,0.00014689816662970286,0.00016585031816325924,0.01059110795486157,0.007716623523109389,0.007892337187690602,0.9892412596444046,0.9921364783102609,0.9919418124941461,86,0.0052490234375,True,True,True,-4.145996564702387,container,0.5465708466249009,0.5465708466249009,42.25982534427692,42.25982534427692,0.7359367068137727,0.7359367068137727,-2.0734234104145257e-05,-1.7820825705888797e-06,-0.002874484431752182,-0.0026987707671709688,0.0028952186658562917,0.0027005528497415776,0.0,0.09883066945659014,0.12134608106573452,0.022515411609144387,0.0,0.09883066945659014,0.0,-0.3096316507853061,-0.4834115228030349,-0.25848285215672284,-0.21680693163066955,-0.05114879862857791,-0.26660459117238133,0.011960306896302435,0.03184379523870612,0.31234726366329835,0.3290522325188153,0.2468087217549062,-0.5421392900531341,0.29795752038348944,-0.27553469888076876,-0.05114879862857791,-0.26660459117238133,0.011960306896302435,0.03184379523870612,0.31234726366329835,0.3290522325188153,-0.13203388845963104,-0.13203388845963104,-0.01068780739389652,-1.4233985883294054e-06,-0.01068780739389652,-0.01068780739389652,-0.01068780739389652,0.0,-0.31663787599422744,-0.31663787599422744,-0.29412246438508305,-2.996900878571296e-07,-0.29412246438508305,-0.29412246438508305,-0.29412246438508305,0.0,b_to_a,-0.13203388845963282,-0.010687807393898296,-0.31663787599422655,-0.29412246438508216,baseball,1,0.1846039875345964,0.1846039875345964,0.28343465699118653,-1.1237085004722758e-06,0.28343465699118653,0.28343465699118653,0.28343465699118653,0.0,,,,,,,,,0.7840464927600451,0.621817223392436,0.38665665930748755,True,True,0.0,0.0,0.0,True,1.1237085004722758e-06,0.0,True,0.0,True,0.0,0.0,True,True,8,container,pitcher-lex-1,-1.7763568394002505e-15,True,1.0,True,3,3,0.18460398753459373,0.28343465699118386,2.6645352591003757e-15,2.6645352591003757e-15,True,True,True,1.0,ok,True,True,True,True,True,True,57.42317913077093,False,container,1,0.7468233532253821,1.0,1.0,1.0,1.0,1.0,True,True,True,True,True,True,True,True,pitcher,0
0.00016763240073384812,0.00015964720829176194,0.00016833583129899859,0.01059110795486157,0.008697061865315556,0.007305375352495332,0.9892412596444046,0.9911432909263926,0.9925262888162056,198,0.0120849609375,True,True,True,-4.145996564702387,container,0.6440154759614068,0.6440154759614068,60.80664144636921,60.80664144636921,0.7935480340442783,0.7935480340442783,-7.985192442086178e-06,7.03430565150465e-07,-0.0018940460895460146,-0.003285732602366239,0.0019020312819880703,0.0032850291718010682,0.0,0.2273693724694814,0.05299454731728659,-0.17437482515219482,0.0,0.2273693724694814,0.0,-0.7676727245985813,-0.6818191978218842,-0.2420020459908745,-0.3727472045293059,-0.525670678607689,-0.30907199329259427,0.020091717832172187,0.026043763091825753,0.4215088783852693,0.3413258246492494,-0.28372383830885717,-0.6985660341010735,0.2419468402988496,-0.38949404080849526,-0.525670678607689,-0.30907199329259427,0.020091717832172187,0.026043763091825753,0.4215088783852693,0.3413258246492494,-0.04880705858488099,-0.04880705858488099,0.004187488732405598,1.3274190457934765e-07,0.004187488732405598,0.004187488732405598,0.004187488732405598,0.0,-0.19702952489394576,-0.19702952489394576,-0.3714043500461406,-1.2736732584173183e-06,-0.3714043500461406,-0.3714043500461406,-0.3714043500461406,0.0,b_to_a,-0.04880705858488277,0.004187488732403821,-0.19702952489394487,-0.3714043500461397,baseball,1,0.14822246630906477,0.14822246630906477,0.3755918387785462,1.406415162996666e-06,0.3755918387785462,0.3755918387785462,0.3755918387785462,0.0,,,,,,,,,0.8842303190317421,0.46745392919982065,0.21851317592435432,True,True,0.0,0.0,0.0,True,1.406415162996666e-06,0.0,True,0.0,True,0.0,0.0,True,True,12,container,pitcher-lex-1,-1.7763568394002505e-15,True,1.0,True,3,3,0.1482224663090621,0.3755918387785435,2.6645352591003757e-15,2.6645352591003757e-15,True,True,True,1.0,ok,True,True,True,True,True,True,76.62628957250536,False,container,1,0.8648284371814632,1.0,1.0,1.0,1.0,1.0,True,True,True,True,True,True,True,True,pitcher,0
0.0003366600291034062,0.0006168767252614427,0.0008055655536565288,0.0019302386106729952,0.0005884048760728979,0.0003209232938033901,0.9977331013602236,0.9987947183986656,0.9988735111525401,128,0.0078125,True,True,True,-1.7463253012917166,baseball,0.5855565752856958,0.585556575285696,36.48668673642991,36.4866867364299,0.744149914426634,0.7441499144266339,0.00028021669615803656,0.0004689055245531226,-0.0013418337346000973,-0.001609315316869605,0.0010616170384419865,0.0011404097923164436,0.0,0.8730885161469946,0.26687537491093405,-0.6062131412360614,0.0,0.8730885161469946,0.0,-0.4329302207682799,-0.3655930564392591,-1.1565210222707556,-0.8931487321846099,0.7235908015024961,0.5275556757453685,0.21884129784825912,0.6368694108585449,0.9237936970255611,1.124794340504712,-0.06913122964514429,-1.4107026737562212,-0.7927220311476209,-1.938258349501572,0.7235908015024961,0.5275556757453685,0.21884129784825912,0.6368694108585449,0.9237936970255611,1.124794340504712,0.6055956015218324,0.6055956015218324,0.8724709764327674,-4.9731474049963253e-08,0.8724709764327674,0.8724709764327674,0.8724709764327674,0.0,-1.1879836310336112,-1.1879836310336112,-1.7941967722696708,2.2409858591032616e-07,-1.7941967722696708,-1.7941967722696708,-1.7941967722696708,0.0,a_to_b,0.6055956015218324,0.8724709764327665,-1.1879836310336112,-1.7941967722696726,container,1,1.7935792325554436,1.7935792325554436,2.666667748702438,-2.738300599602894e-07,2.666667748702438,2.666667748702438,2.666667748702438,0.0,,,,,,,,,0.8778018310896033,0.47957951015212585,0.22999650655775805,True,True,0.0,0.0,0.0,True,2.738300599602894e-07,0.0,True,0.0,True,0.0,0.0,True,True,4,baseball,pitcher-lex-2,8.881784197001252e-16,True,1.0,True,3,3,1.7935792325554436,2.666667748702439,0.0,-8.881784197001252e-16,True,True,True,1.0,ok,True,True,True,True,True,True,49.03136589694138,False,baseball,1,0.8547245430769252,1.0,1.0,1.0,1.0,1.0,True,True,True,True,True,True,True,True,pitcher,0
0.0003366600291034062,0.0007134445095926702,0.0002488718979569331,0.0019302386106729952,0.001021300280318176,0.001583126473033495,0.9977331013602236,0.9982652552100891,0.9981680016290095,102,0.0062255859375,True,True,True,-1.7463253012917166,baseball,0.5905548462804304,0.5905548462804304,44.148269551863756,44.148269551863756,0.7521355872285294,0.7521355872285294,0.000376784480489264,-8.778813114647307e-05,-0.0009089383303548192,-0.00034711213763950017,0.000532153849865491,0.00043490026878589827,0.0,-1.4914914358865943,-1.0531663637276534,0.4383250721589409,0.0,-1.4914914358865943,0.0,-0.44883460324603064,-1.0172572014230248,-0.6879335797133432,-1.4451500614265242,0.2390989764673428,0.42789286000351723,0.19530756824429985,0.2707122942061383,0.7975728788558464,0.7152630795897809,-0.8867576306287202,0.7293942874544364,-1.1258566070960327,0.30150142745093866,0.2390989764673428,0.42789286000351723,0.19530756824429985,0.2707122942061383,0.7975728788558464,0.7152630795897809,0.7510310563344866,0.7510310563344866,-0.30213530739316674,-9.578274173804857e-09,-0.30213530739316674,-0.30213530739316674,-0.30213530739316674,0.0,-0.6365670276741815,-0.6365670276741815,-0.1982419555152406,-6.798764617954589e-07,-0.1982419555152406,-0.1982419555152406,-0.1982419555152406,0.0,a_to_b,0.7510310563344857,-0.30213530739316763,-0.6365670276741824,-0.19824195551524149,container,1,1.3875980840086681,1.3875980840086681,-0.10389335187792614,6.70298187621654e-07,-0.10389335187792614,-0.10389335187792614,-0.10389335187792614,0.0,,,,,,,,,0.8110707689294071,0.5864847021545297,0.3439643058612942,True,True,0.0,0.0,0.0,True,6.70298187621654e-07,0.0,True,0.0,True,0.0,0.0,True,True,8,baseball,pitcher-lex-2,8.881784197001252e-16,True,1.0,True,3,3,1.3875980840086681,-0.10389335187792614,0.0,0.0,True,True,True,1.0,ok,True,True,True,True,True,True,58.697222018893406,False,baseball,1,0.7686432062721609,1.0,0.0,1.0,0.0,1.0,True,True,True,True,True,True,True,True,pitcher,0
0.0003366600291034062,0.00033566263498674176,0.000427786131152334,0.0019302386106729952,0.0005891074176293351,0.0004871539865719375,0.9977331013602236,0.999075229947384,0.9990850598822757,221,0.01348876953125,True,True,True,-1.7463253012917166,baseball,0.6730600167705616,0.6730600167705616,64.64855208919373,64.64855208919373,0.8789230410992446,0.8789230410992446,-9.973941166644112e-07,9.112610204892781e-05,-0.00134113119304366,-0.0014430846241010576,0.0013421285871603184,0.0013519585220520547,0.0,0.4325450567209206,0.24251678410875943,-0.19002827261216115,0.0,0.4325450567209206,0.0,-0.25095216136604126,-0.3609547978914369,-0.6699528739165999,-0.257029294768893,0.41900071255057725,-0.10392550312252524,0.9016872215695992,0.30048800813744436,0.828817824011712,0.8257956427077219,-1.1377135197935253,-1.4241645611948623,-1.556714232344083,-1.3202390580723193,0.41900071255057725,-0.10392550312252524,0.9016872215695992,0.30048800813744436,0.828817824011712,0.8257956427077219,-0.0029670124231166994,-0.0029670124231166994,0.23954977168564184,8.480892077500357e-07,0.23954977168564184,0.23954977168564184,0.23954977168564184,0.0,-1.1867903668213282,-1.1867903668213282,-1.3768186394334903,3.6729144170521977e-07,-1.3768186394334903,-1.3768186394334903,-1.3768186394334903,0.0,a_to_b,-0.0029670124231175876,0.23954977168564184,-1.186790366821329,-1.3768186394334903,container,1,1.1838233543982115,1.1838233543982115,1.616368411119132,4.807977660448159e-07,1.616368411119132,1.616368411119132,1.616368411119132,0.0,,,,,,,,,0.8719357156081504,0.4901180140621763,0.24021566770825548,True,True,0.0,0.0,0.0,True,4.807977660448159e-07,0.0,True,0.0,True,0.0,0.0,True,True,12,baseball,pitcher-lex-2,8.881784197001252e-16,True,1.0,True,3,3,1.1838233543982115,1.616368411119132,0.0,0.0,True,True,True,1.0,ok,True,True,True,True,True,True,73.55428071192625,False,baseball,1,0.8498549578912169,1.0,1.0,1.0,1.0,1.0,True,True,True,True,True,True,True,True,pitcher,0
0.00013142961714039845,0.0002116743257552096,0.0003690603182768381,0.004060901535323478,0.0031294974989386744,0.003256041949660542,0.9958076688475361,0.9966588281753062,0.9963748977320626,109,0.00665283203125,True,True,True,-3.4306888035218392,container,0.5855565752856958,0.585556575285696,36.48668673642991,36.4866867364299,0.744149914426634,0.7441499144266339,8.024470861481116e-05,0.00023763070113643964,-0.0009314040363848034,-0.0008048595856629359,0.0008511593277700236,0.0005672288845264273,0.0,0.5162713169402053,0.5559112006063742,0.039639883666168885,0.0,0.5162713169402053,0.0,-2.9878207565329755,-2.2467217846661596,0.39782350127414645,1.0125916832551702,-3.3856442578071437,-3.259313467921345,0.01630244431838993,0.05000673059084128,2.4321979095067383,2.453374596937613,-3.6947248767422964,-3.6864321054864395,-0.3090806189351767,-0.4271186375651119,-3.3856442578071437,-3.259313467921345,0.01630244431838993,0.05000673059084128,2.4321979095067383,2.453374596937613,0.4765774167810619,0.4765774167810619,1.0324886173874361,-1.215252591890703e-07,1.0324886173874361,1.0324886173874361,1.0324886173874361,0.0,-0.2605325538053469,-0.2605325538053469,-0.22089267013917802,9.558458913261347e-08,-0.22089267013917802,-0.22089267013917802,-0.22089267013917802,0.0,b_to_a,0.4765774167810637,1.032488617387438,-0.2605325538053469,-0.22089267013917802,baseball,1,0.7371099705864088,0.7371099705864088,1.2533812875266142,-2.1710984832168378e-07,1.2533812875266142,1.2533812875266142,1.2533812875266142,0.0,,,,,,,,,0.8718144269788435,0.49086269830759727,0.24094618858982056,True,True,0.0,0.0,0.0,True,2.1710984832168378e-07,0.0,True,0.0,True,0.0,0.0,True,True,4,container,pitcher-lex-2,8.881784197001252e-16,True,1.0,True,3,3,0.7371099705864106,1.253381287526616,-1.7763568394002505e-15,-1.7763568394002505e-15,True,True,True,1.0,ok,True,True,True,True,True,True,49.03136589694138,False,container,1,0.8400877240573099,1.0,1.0,1.0,1.0,1.0,True,True,True,True,True,True,True,True,pitcher,0
0.00013142961714039845,0.00030785566355874056,0.000286889822056363,0.004060901535323478,0.004415098460083611,0.005077131841359719,0.9958076688475361,0.9952770458763577,0.9946359783365839,97,0.00592041015625,True,True,True,-3.4306888035218392,container,0.5905548462804304,0.5905548462804304,44.148269551863756,44.148269551863756,0.7521355872285294,0.7521355872285294,0.0001764260464183421,0.00015546020491596455,0.00035419692476013325,0.0010162303060362414,-0.0005306229711784516,-0.001171690510952228,0.0,-0.21024917046175062,-0.07053280154639907,0.13971636891535244,0.0,-0.21024917046175062,0.0,-0.3061345521646599,0.040217938241504214,0.6985501813554489,0.19493670502347094,-1.0046847335201043,-0.1547187667819756,0.08774283573056488,0.11655861577431018,0.48001144258222783,0.30538375700128156,-0.640358778448836,0.18799231263578342,0.36432595507127097,0.34271107941774837,-1.0046847335201043,-0.1547187667819756,0.08774283573056488,0.11655861577431018,0.48001144258222783,0.30538375700128156,0.8511595708662174,0.8511595708662174,0.7806267693198183,-4.2458334092998484e-07,0.7806267693198183,0.7806267693198183,0.7806267693198183,0.0,0.08362513307309083,0.08362513307309083,0.22334150198844238,-6.959482874435707e-07,0.22334150198844238,0.22334150198844238,0.22334150198844238,0.0,b_to_a,0.8511595708662174,0.7806267693198183,0.08362513307309083,0.22334150198844327,baseball,1,0.7675344377931266,0.7675344377931266,0.557285267331376,2.713649465135859e-07,0.557285267331376,0.557285267331376,0.557285267331376,0.0,,,,,,,,,0.8078582260417289,0.5894028427592772,0.34739571105272454,True,True,0.0,0.0,0.0,True,2.713649465135859e-07,0.0,True,0.0,True,0.0,0.0,True,True,8,container,pitcher-lex-2,8.881784197001252e-16,True,1.0,True,3,3,0.7675344377931266,0.5572852673313751,0.0,8.881784197001252e-16,True,True,True,1.0,ok,True,True,True,True,True,True,58.697222018893406,False,container,1,0.8023242910932146,1.0,1.0,1.0,1.0,1.0,True,True,True,True,True,True,True,True,pitcher,0
0.00013142961714039845,0.0005130118910028026,0.0004260558664446707,0.004060901535323478,0.007269507893162764,0.01067694778404464,0.9958076688475361,0.9922174802158344,0.9888969963495108,200,0.01220703125,True,True,True,-3.4306888035218392,container,0.6730600167705616,0.6730600167705617,64.64855208919373,64.64855208919373,0.8789230410992446,0.8789230410992446,0.0003815822738624042,0.0002946262493042722,0.003208606357839286,0.006616046248721163,-0.003590188631701685,-0.00691067249802535,0.0,-0.570126950180522,-0.1857285446849053,0.38439840549561755,0.0,-0.570126950180522,0.0,0.8002208004280078,2.2419591696671572,0.8157039119240785,0.6157652920765297,-0.015483111496081392,1.6261938775906195,0.35757698924281833,0.2031937079601508,0.49170470835553626,1.3927823741867063,0.9303480381281952,2.7716906713496803,0.9458311496242633,1.145496793759051,-0.015483111496081392,1.6261938775906195,0.35757698924281833,0.2031937079601508,0.49170470835553626,1.3927823741867063,1.3618275467856762,1.3618275467856762,1.1760990021007718,-8.423695341264192e-07,1.1760990021007718,1.1760990021007718,1.1760990021007718,0.0,0.5822835971815996,0.5822835971815996,0.9666820026772172,-9.486799434910154e-07,0.9666820026772172,0.9666820026772172,0.9666820026772172,0.0,b_to_a,1.361827546785677,1.1760990021007718,0.5822835971815996,0.9666820026772172,baseball,1,0.7795439496040766,0.7795439496040766,0.20941699942355463,1.0631040936459613e-07,0.20941699942355463,0.20941699942355463,0.20941699942355463,0.0,,,,,,,,,0.8873354338961821,0.4611502672139731,0.2126595689515222,True,True,0.0,0.0,0.0,True,1.0631040936459613e-07,0.0,True,0.0,True,0.0,0.0,True,True,12,container,pitcher-lex-2,8.881784197001252e-16,True,1.0,True,3,3,0.7795439496040775,0.20941699942355463,-8.881784197001252e-16,0.0,True,True,True,1.0,ok,True,True,True,True,True,True,73.55428071192625,False,container,1,0.8824629397453801,1.0,1.0,1.0,1.0,1.0,True,True,True,True,True,True,True,True,pitcher,0
0.00014124887189971742,0.00038081565994903477,0.0007234986677224058,0.0005122347867901879,0.0005653891377792846,0.00020389108839510237,0.9993465163413101,0.9990537952022717,0.9990726102438825,109,0.00665283203125,True,True,True,-1.2882597044349584,baseball,0.5898292761481031,0.589829276148103,35.636524656358965,35.636524656358965,0.6833081862702115,0.6833081862702115,0.00023956678804931735,0.0005822497958226884,5.3154350989096755e-05,-0.0003083436983950855,-0.0002927211390384432,-0.00027390609742761196,0.0,1.6617115413918082,0.6417832787483189,-1.0199282626434893,0.0,1.6617115413918082,0.0,-0.04411981737476722,0.3855788980706798,0.680920379021055,2.4093285562458906,-0.7250401963958311,-2.0237496581752232,0.11586836175944656,0.32390756010463123,1.1116746571268992,0.923365288232849,-0.43376998193144267,-2.2227217763523637,0.2912702144643795,-0.19897211817715288,-0.7250401963958311,-2.0237496581752232,0.11586836175944656,0.32390756010463123,1.1116746571268992,0.923365288232849,0.9917920424434072,0.9917920424434072,1.633575321191726,-8.885389899404572e-07,1.633575321191726,1.633575321191726,1.633575321191726,0.0,0.09873114562770446,0.09873114562770446,-0.9211971170157849,-1.1399729693550853e-07,-0.9211971170157849,-0.9211971170157849,-0.9211971170157849,0.0,a_to_b,0.9917920424434072,1.633575321191726,0.09873114562770446,-0.9211971170157849,container,1,0.8930608968157028,0.8930608968157028,2.554772438207511,-7.745416930049487e-07,2.554772438207511,2.554772438207511,2.554772438207511,0.0,,,,,,,,,0.8564033685294075,0.5203410668215678,0.27075482582101357,True,True,0.0,0.0,0.0,True,7.745416930049487e-07,0.0,True,0.0,True,0.0,0.0,True,True,4,baseball,pitcher-lex-3,0.0,True,1.0,True,3,3,0.8930608968157028,2.554772438207511,0.0,0.0,True,True,True,1.0,ok,True,True,True,True,True,True,52.15293095034961,False,baseball,1,0.7917384209184298,1.0,1.0,1.0,1.0,1.0,True,True,True,True,True,True,True,True,pitcher,0
0.00014124887189971742,0.00047476645065358617,0.00040426325495333945,0.0005122347867901879,0.00030266290252722297,0.00012693072065617854,0.9993465163413101,0.9992225706468192,0.9994688060243905,90,0.0054931640625,True,True,True,-1.2882597044349584,baseball,0.5481320676952756,0.5481320676952756,37.87328159470852,37.87328159470852,0.7438994044047389,0.7438994044047389,0.00033351757875386875,0.000263014383053622,-0.0002095718842629649,-0.00038530406613400934,-0.0001239456944909234,0.0001222896830803677,0.0,0.7082215089357842,-0.16075671336455422,-0.8689782223003384,0.0,0.7082215089357842,0.0,-0.5588996655119303,-0.15774644254046422,0.011326251169288426,0.7149897296621983,-0.5702259166812027,-0.8727361722026643,0.2729916649007353,0.6124860599764338,0.7641853973498555,0.7080723428942789,-0.5824845679413606,-1.2354192232211574,-0.012258651260141917,-0.36268305101849485,-0.5702259166812027,-0.8727361722026643,0.2729916649007353,0.6124860599764338,0.7641853973498555,0.7080723428942789,1.2122996168404594,1.2122996168404594,1.0515429034759052,-3.5579625290438344e-07,1.0515429034759052,1.0515429034759052,1.0515429034759052,0.0,-0.5261634346071595,-0.5261634346071595,-1.395141656907498,1.057132609005862e-06,-1.395141656907498,-1.395141656907498,-1.395141656907498,0.0,a_to_b,1.2122996168404594,1.0515429034759052,-0.5261634346071595,-1.395141656907498,container,1,1.738463051447619,1.738463051447619,2.446684560383403,-1.4129288619102454e-06,2.446684560383403,2.446684560383403,2.446684560383403,0.0,,,,,,,,,0.769159804702907,0.6400285301042501,0.40963651934741563,True,True,0.0,0.0,0.0,True,1.4129288619102454e-06,0.0,True,0.0,True,0.0,0.0,True,True,8,baseball,pitcher-lex-3,0.0,True,1.0,True,3,3,1.738463051447619,2.446684560383403,0.0,0.0,True,True,True,1.0,ok,True,True,True,True,True,True,50.91183212468675,False,baseball,1,0.7338989975931605,1.0,1.0,1.0,1.0,1.0,True,True,True,True,True,True,True,True,pitcher,0
0.00014124887189971742,0.00027791982947682935,0.00044362162149090133,0.0005122347867901879,0.0002877068131459331,0.00019297271922363943,0.9993465163413101,0.9994343733573773,0.9993634056592854,207,0.01263427734375,True,True,True,-1.2882597044349584,baseball,0.6307403077728023,0.6307403077728023,53.118865223577565,53.118865223577565,0.8368371432778147,0.8368371432778147,0.00013667095757711193,0.0003023727495911839,-0.00022452797364425477,-0.00031926206756654845,8.785701606717211e-05,1.688931797527715e-05,0.0,0.8670324302883756,0.4676393063274267,-0.39939312396094984,0.0,0.8670324302883756,0.0,-0.6229388807133933,0.03701452838686947,0.25128593927003884,0.8722673860712185,-0.8742248199834499,-0.835252857684349,0.3944723578332678,0.6859287312779632,0.7365569602555646,0.766832490424216,-1.4020705844251005,-1.6272015657934187,-0.5278457644416683,-0.7919487081090697,-0.8742248199834499,-0.835252857684349,0.3944723578332678,0.6859287312779632,0.7365569602555646,0.766832490424216,0.6768093054793543,0.6768093054793543,1.14444861180678,-7.58491196961586e-07,1.14444861180678,1.14444861180678,1.14444861180678,0.0,-0.576841136176979,-0.576841136176979,-0.9762342601379288,3.5159074585067174e-07,-0.9762342601379288,-0.9762342601379288,-0.9762342601379288,0.0,a_to_b,0.6768093054793543,1.144448611806781,-0.576841136176979,-0.9762342601379288,container,1,1.2536504416563332,1.2536504416563332,2.120682871944709,-1.1100819428122577e-06,2.120682871944709,2.120682871944709,2.120682871944709,0.0,,,,,,,,,0.8852767602252332,0.4658905704798274,0.21705402366202245,True,True,0.0,0.0,0.0,True,1.1100819428122577e-06,0.0,True,0.0,True,0.0,0.0,True,True,12,baseball,pitcher-lex-3,0.0,True,1.0,True,3,3,1.2536504416563332,2.1206828719447097,0.0,-8.881784197001252e-16,True,True,True,1.0,ok,True,True,True,True,True,True,63.47574991176398,False,baseball,1,0.8575465266000037,1.0,1.0,1.0,1.0,1.0,True,True,True,True,True,True,True,True,pitcher,0
8.121014747875665e-05,0.0002693745940658316,0.0001471644140306449,0.0006644863222110642,0.0007512684431345773,0.0006127441563380848,0.9992543035303102,0.9989793569627996,0.9992400914296313,95,0.00579833984375,True,True,True,-2.1019740860515466,container,0.5898292761481031,0.589829276148103,35.636524656358965,35.636524656358965,0.6833081862702115,0.6833081862702115,0.00018816444658707493,6.595426655188824e-05,8.678212092351316e-05,-5.1742165872979435e-05,-0.0002749465675105922,-1.4212100678867579e-05,0.0,-0.4007369794551323,-0.6045525293499665,-0.20381554989483153,0.0,-0.4007369794551323,0.0,-2.068498585354238,-0.797068766342031,-0.3875132075212466,-0.005242126426242777,-1.6809853778330002,-0.791826639915783,0.16515160426458503,0.12178360183407552,1.3141520097152428,0.9577837237436296,-2.0149659197361327,-0.9839973538135709,-0.3339805419031414,-0.19217071389778262,-1.6809853778330002,-0.791826639915783,0.16515160426458503,0.12178360183407552,1.3141520097152428,0.9577837237436296,1.1990627455988196,1.1990627455988196,0.5945102162488549,6.308513889052847e-08,0.5945102162488549,0.5945102162488549,0.5945102162488549,0.0,0.12274874111621159,0.12274874111621159,-0.08106680877862082,-1.272871514856888e-06,-0.08106680877862082,-0.08106680877862082,-0.08106680877862082,0.0,b_to_a,1.1990627455988196,0.5945102162488531,0.12274874111620981,-0.08106680877862171,baseball,1,1.076314004482608,1.076314004482608,0.6755770250274757,1.3359566537474166e-06,0.6755770250274757,0.6755770250274757,0.6755770250274757,0.0,,,,,,,,,0.8357382260409089,0.5533312982189328,0.30617552558865646,True,True,0.0,0.0,0.0,True,1.3359566537474166e-06,0.0,True,0.0,True,0.0,0.0,True,True,4,container,pitcher-lex-3,1.7763568394002505e-15,True,1.0,True,3,3,1.0763140044826098,0.6755770250274749,-1.7763568394002505e-15,8.881784197001252e-16,True,True,True,1.0,ok,True,True,True,True,True,True,52.15293095034961,False,container,1,0.7676654116825851,1.0,1.0,1.0,1.0,1.0,True,True,True,True,True,True,True,True,pitcher,0
8.121014747875665e-05,0.00012004040344616948,0.0004801665798959438,0.0006644863222110642,0.0005240411932583512,0.0003132857970057345,0.9992543035303102,0.9993559184032955,0.9992065476230984,62,0.0037841796875,True,True,True,-2.1019740860515466,container,0.5481320676952756,0.5481320676952756,37.87328159470852,37.87328159470853,0.7438994044047389,0.743899404404739,3.8830255967412826e-05,0.00039895643241718713,-0.00014044512895271298,-0.0003512005252053297,0.00010161487298532279,-4.775590721184386e-05,0.0,1.9007591345661634,1.3863047036492437,-0.5144544309169197,0.0,1.9007591345661634,0.0,-0.31391264634400784,1.3558298567100255,-0.02637220746923674,1.198544838275696,-0.2875404388747853,0.15728501843433307,0.04876503240355455,0.274131301870446,0.6650172121833685,0.7412726124077658,0.050247813201153235,-0.18470271049051057,0.3377882520759261,-0.3419877289248401,-0.2875404388747853,0.15728501843433307,0.04876503240355455,0.274131301870446,0.6650172121833685,0.7412726124077658,0.39078817318775094,0.39078817318775094,1.7770928768369956,3.0138321882589025e-07,1.7770928768369956,1.7770928768369956,1.7770928768369956,0.0,-0.23744400004176391,-0.23744400004176391,-0.7518984309586827,-1.3797139200022457e-06,-0.7518984309586827,-0.7518984309586827,-0.7518984309586827,0.0,b_to_a,0.3907881731877527,1.7770928768369965,-0.2374440000417648,-0.7518984309586845,baseball,1,0.6282321732295149,0.6282321732295149,2.5289913077956783,1.681097138828136e-06,2.5289913077956783,2.5289913077956783,2.5289913077956783,0.0,,,,,,,,,0.7449571179773687,0.6686491919470751,0.44709174189148665,True,True,0.0,0.0,0.0,True,1.681097138828136e-06,0.0,True,0.0,True,0.0,0.0,True,True,8,container,pitcher-lex-3,1.7763568394002505e-15,True,1.0,True,3,3,0.6282321732295175,2.528991307795681,-2.6645352591003757e-15,-2.6645352591003757e-15,True,True,True,1.0,ok,True,True,True,True,True,True,50.91183212468675,False,container,1,0.6996487355671048,1.0,1.0,1.0,1.0,1.0,True,True,True,True,True,True,True,True,pitcher,0
8.121014747875665e-05,0.00038189683451571305,0.00033034238878539886,0.0006644863222110642,0.0004981740824073796,0.0003619957830945981,0.9992543035303102,0.9991199290830769,0.99930766182812,209,0.01275634765625,True,True,True,-2.1019740860515466,container,0.6307403077728023,0.6307403077728023,53.118865223577565,53.118865223577565,0.8368371432778147,0.8368371432778147,0.0003006866870369564,0.0002491322413066422,-0.00016631223980368456,-0.0003024905391164661,-0.0001343744472332986,5.33582978098357e-05,0.0,0.17429616910158252,-0.14502084705919138,-0.3193170161607739,0.0,0.17429616910158252,0.0,0.2650196675871612,0.5876666187381101,0.09733440866163257,0.45564853374254,0.16768525892553043,0.13201808499557544,0.1402664876821273,0.14759234502283045,0.9447881975222651,0.7474648649148105,0.39975912589606466,0.023721807052661248,0.232073866970536,-0.10829627794290886,0.16768525892553043,0.13201808499557544,0.1402664876821273,0.14759234502283045,0.9447881975222651,0.7474648649148105,1.5481102971093321,1.5481102971093321,1.4030894500501407,-1.7401211405143613e-06,1.4030894500501407,1.4030894500501407,1.4030894500501407,0.0,-0.2880647153526681,-0.2880647153526681,-0.607381731513442,-4.695551929501107e-07,-0.607381731513442,-0.607381731513442,-0.607381731513442,0.0,b_to_a,1.5481102971093321,1.4030894500501407,-0.28806471535267075,-0.6073817315134447,baseball,1,1.8361750124620002,1.8361750124620002,2.0104711815635827,-1.2705659475642506e-06,2.0104711815635827,2.0104711815635827,2.0104711815635827,0.0,,,,,,,,,0.880772669552933,0.47402142658875795,0.22469631286524488,True,True,0.0,0.0,0.0,True,1.2705659475642506e-06,0.0,True,0.0,True,0.0,0.0,True,True,12,container,pitcher-lex-3,1.7763568394002505e-15,True,1.0,True,3,3,1.8361750124620029,2.0104711815635854,-2.6645352591003757e-15,-2.6645352591003757e-15,True,True,True,1.0,ok,True,True,True,True,True,True,63.47574991176398,False,container,1,0.8593995954491763,1.0,1.0,1.0,1.0,1.0,True,True,True,True,True,True,True,True,pitcher,0
2.057872608186728e-05,1.2262784967267792e-05,1.2200794709268919e-05,0.0005957441301583181,0.00035821850144151894,0.0003748364455951979,0.9993836771437599,0.9996295187135913,0.9996129627596955,154,0.0093994140625,True,True,True,-3.365553435363678,spy,0.5977896524390198,0.5977896524390198,35.531577899777446,35.531577899777446,0.8173587175552055,0.8173587175552055,-8.315941114599489e-06,-8.377931372598362e-06,-0.00023752562871679915,-0.00022090768456312017,0.0002458415698314287,0.00022928561593560381,0.0,-0.05041462013110731,-0.005067973820686689,0.045346646310420624,0.0,-0.05041462013110731,0.0,-0.23202931528874338,0.005199665026355049,-0.712095091805871,-0.4894104161350672,0.4800657765171259,0.49461008116142224,0.022574287855365107,0.01835465902387065,0.4838916978408227,0.43862064443896154,0.6978824510754471,0.3321346446749871,0.21781667455831943,-0.16247543648643514,0.4800657765171259,0.49461008116142224,0.022574287855365107,0.01835465902387065,0.4838916978408227,0.43862064443896154,-0.5176887641636867,-0.5176887641636867,-0.5227567379843716,1.5025899049447844e-06,-0.5227567379843716,-0.5227567379843716,-0.5227567379843716,0.0,-0.5086681236281585,-0.5086681236281585,-0.4633214773177361,1.7543681920528797e-06,-0.4633214773177361,-0.4633214773177361,-0.4633214773177361,0.0,a_to_b,-0.5176887641636849,-0.5227567379843716,-0.5086681236281567,-0.4633214773177361,animal,1,-0.009020640535528202,-0.009020640535528202,-0.059435260666635514,-2.5177828710809536e-07,-0.059435260666635514,-0.059435260666635514,-0.059435260666635514,0.0,,,,,,,,,0.8597831527161054,0.5127101852592045,0.26287173406853365,True,True,0.0,0.0,0.0,True,2.5177828710809536e-07,0.0,True,0.0,True,0.0,0.0,True,True,4,spy,mole-lex-0,0.0,True,1.0,True,3,3,-0.009020640535528202,-0.059435260666635514,0.0,0.0,True,True,True,1.0,ok,True,True,True,True,True,True,43.471216659994326,False,spy,1,0.8139704496417396,1.0,1.0,1.0,1.0,1.0,True,True,True,True,True,True,True,True,mole,0
2.057872608186728e-05,2.802495122061755e-05,3.681534998991553e-05,0.0005957441301583181,0.0006034450203559073,0.00033024476824161794,0.9993836771437599,0.9993685300284235,0.9996329398817685,106,0.0064697265625,True,True,True,-3.365553435363678,spy,0.43981522920634397,0.43981522920634397,31.196674301831862,31.196674301831862,0.698734156262485,0.698734156262485,7.44622513875027e-06,1.6236623908048247e-05,7.70089019758917e-06,-0.00026549936191670015,-1.5147115336344719e-05,0.00024926273800862653,0.0,0.8756404827127664,0.2728196491060153,-0.6028208336067511,0.0,0.8756404827127664,0.0,0.46177150019739166,0.40681282479303604,0.4443997707135594,0.5977949935387592,0.017371729483812715,-0.19098216874574447,0.01216961438824211,0.028745044730069683,0.35631413421036584,0.4430190442612614,0.28746805740413706,-0.13020767692355228,0.2700963279203048,0.06077449182217087,0.017371729483812715,-0.19098216874574447,0.01216961438824211,0.028745044730069683,0.35631413421036584,0.4430190442612614,0.30883740068391674,0.30883740068391674,0.581657049789932,-1.1697673283350696e-06,0.581657049789932,0.581657049789932,0.581657049789932,0.0,0.01284367200205061,0.01284367200205061,-0.5899771616047005,-8.343563528967479e-08,-0.5899771616047005,-0.5899771616047005,-0.5899771616047005,0.0,a_to_b,0.30883740068391674,0.581657049789932,0.01284367200205061,-0.5899771616047005,animal,1,0.29599372868186613,0.29599372868186613,1.1716342113946325,-1.0863316930453948e-06,1.1716342113946325,1.1716342113946325,1.1716342113946325,0.0,,,,,,,,,0.7703871896521821,0.6376570999591952,0.40660657712837983,True,True,0.0,0.0,0.0,True,1.0863316930453948e-06,0.0,True,0.0,True,0.0,0.0,True,True,8,spy,mole-lex-0,0.0,True,1.0,True,3,3,0.29599372868186613,1.1716342113946325,0.0,0.0,True,True,True,1.0,ok,True,True,True,True,True,True,44.64741564760802,False,spy,1,0.7805360372994088,1.0,1.0,1.0,1.0,1.0,True,True,True,True,True,True,True,True,mole,0
2.057872608186728e-05,2.9286622595990168e-05,3.217333936106019e-05,0.0005957441301583181,0.0007318295453545013,0.0005058750974120244,0.9993836771437599,0.9992388838320495,0.9994619515632269,278,0.0169677734375,True,True,True,-3.365553435363678,spy,0.7175044496381782,0.7175044496381779,69.92253112790252,69.92253112790252,0.856446388883469,0.856446388883469,8.707896514122887e-06,1.1594613279192906e-05,0.0001360854151961832,-8.986903274629365e-05,-0.00014479331171035614,7.827441946706148e-05,0.0,0.46326512391521213,0.09400729436538491,-0.36925782954982456,0.0,0.46326512391521213,0.0,-0.18758208596274883,-0.3182197549453303,0.2061703894700173,-0.07348655041404406,-0.39375247543279457,-0.24473320453129688,0.05164155034638742,0.13140510355112014,0.4569192617201059,0.6436533006057953,-0.10323461053606842,-0.12969120878734763,0.29051786489669773,0.11504199574393859,-0.39375247543279457,-0.24473320453129688,0.05164155034638742,0.13140510355112014,0.4569192617201059,0.6436533006057953,0.35287301736889276,0.35287301736889276,0.44688031173427945,1.17217051887053e-06,0.44688031173427945,0.44688031173427945,0.44688031173427945,0.0,0.20573636223754121,0.20573636223754121,-0.16352146731228423,1.739894774033246e-06,-0.16352146731228423,-0.16352146731228423,-0.16352146731228423,0.0,a_to_b,0.35287301736889276,0.44688031173427767,0.20573636223754121,-0.16352146731228334,animal,1,0.14713665513135155,0.14713665513135155,0.6104017790465637,-5.67724255162716e-07,0.6104017790465637,0.6104017790465637,0.6104017790465637,0.0,,,,,,,,,0.8985166760111928,0.4390796556985327,0.19279094404834457,True,True,0.0,0.0,0.0,True,5.67724255162716e-07,0.0,True,0.0,True,0.0,0.0,True,True,12,spy,mole-lex-0,0.0,True,1.0,True,3,3,0.14713665513135155,0.610401779046561,0.0,2.6645352591003757e-15,True,True,True,1.0,ok,True,True,True,True,True,True,81.64262472874576,False,spy,1,0.8874188780968629,1.0,1.0,1.0,1.0,1.0,True,True,True,True,True,True,True,True,mole,0
0.0002482725968660922,0.00031785036585101485,0.00035293162494962527,0.02594253367022013,0.025509826953569067,0.024903242229163226,0.9738091937329137,0.97417232268058,0.9747438261458872,187,0.01141357421875,True,True,True,-4.649111803937748,animal,0.5977896524390198,0.5977896524390197,35.531577899777446,35.53157789977745,0.8173587175552055,0.8173587175552056,6.957776898492264e-05,0.00010465902808353306,-0.00043270671665106286,-0.001039291441056904,0.0003631289476662136,0.000934632412973424,0.0,0.12875936040119207,0.10469361674546995,-0.024065743655721672,0.0,0.12875936040119207,0.0,0.4305394539936138,0.2807016502192994,0.31674011661940327,0.45661891455371695,0.11379933737419634,-0.17591726433442645,0.05338390403550153,0.05350047439753662,0.37960697848676417,0.2804369822528186,0.08307865032888984,-0.23492838233503832,-0.03072068704531894,-0.05901111800061987,0.11379933737419634,-0.17591726433442645,0.05338390403550153,0.05350047439753662,0.37960697848676417,0.2804369822528186,0.24705340097995965,0.24705340097995965,0.3517470177254296,-3.2370401470416255e-07,0.3517470177254296,0.3517470177254296,0.3517470177254296,0.0,-0.016820099718877657,-0.016820099718877657,-0.04088584337459977,3.051955115296323e-07,-0.04088584337459977,-0.04088584337459977,-0.04088584337459977,0.0,b_to_a,0.24705340097995965,0.3517470177254296,-0.0168200997188781,-0.04088584337459977,spy,1,0.2638735006988373,0.2638735006988373,0.3926328611000294,-6.288995262337949e-07,0.3926328611000294,0.3926328611000294,0.3926328611000294,0.0,,,,,,,,,0.8625566826289891,0.5065788477691984,0.2566221290071742,True,True,0.0,0.0,0.0,True,6.288995262337949e-07,0.0,True,0.0,True,0.0,0.0,True,True,4,animal,mole-lex-0,8.881784197001252e-16,True,1.0,True,3,3,0.26387350069883775,0.3926328611000294,-4.440892098500626e-16,0.0,True,True,True,1.0,ok,True,True,True,True,True,True,43.471216659994326,False,animal,1,0.8375334982772458,1.0,1.0,1.0,1.0,1.0,True,True,True,True,True,True,True,True,mole,0
0.0002482725968660922,0.00031361957237444814,0.0002950098396998062,0.02594253367022013,0.025163434535890965,0.02918118960376415,0.9738091937329137,0.9745229458917346,0.9705238005565361,108,0.006591796875,True,True,True,-4.649111803937748,animal,0.43981522920634397,0.43981522920634397,31.196674301831862,31.196674301831862,0.698734156262485,0.698734156262485,6.534697550835593e-05,4.6737242833714e-05,-0.0007790991343291642,0.00323865593354402,0.0007137521588208573,-0.00328539317637766,0.0,-0.20930436747889303,-0.06117198773887367,0.14813237974001936,0.0,-0.20930436747889303,0.0,0.14418916722446795,0.40315665093902986,0.3775259384793106,0.20478362409308914,-0.23333677125487284,0.19837302684594604,0.0362419347925506,0.13023382713398113,0.4843001059962205,0.36409760593352397,-0.27077694188490753,0.3259150164319422,-0.03744017063006444,0.12754198958600282,-0.23333677125487284,0.19837302684594604,0.0362419347925506,0.13023382713398113,0.4843001059962205,0.36409760593352397,0.23365337501740946,0.23365337501740946,0.1724813872785358,2.1400318672704088e-07,0.1724813872785358,0.1724813872785358,0.1724813872785358,0.0,-0.030491918073520807,-0.030491918073520807,0.11764046166649855,2.059529613518407e-08,0.11764046166649855,0.11764046166649855,0.11764046166649855,0.0,b_to_a,0.23365337501740946,0.1724813872785358,-0.030491918073520363,0.117640461666499,spy,1,0.26414529309093027,0.26414529309093027,0.05484092561203724,1.934078905918568e-07,0.05484092561203724,0.05484092561203724,0.05484092561203724,0.0,,,,,,,,,0.7968225718180086,0.6042135081809519,0.3650739634683412,True,True,0.0,0.0,0.0,True,1.934078905918568e-07,0.0,True,0.0,True,0.0,0.0,True,True,8,animal,mole-lex-0,8.881784197001252e-16,True,1.0,True,3,3,0.2641452930909298,0.054840925612036795,4.440892098500626e-16,4.440892098500626e-16,True,True,True,1.0,ok,True,True,True,True,True,True,44.64741564760802,False,animal,1,0.7964049272230491,1.0,1.0,1.0,1.0,1.0,True,True,True,True,True,True,True,True,mole,0
0.0002482725968660922,0.0003986775435455899,0.0003579351386842221,0.02594253367022013,0.024599396727692967,0.025049487559800167,0.9738091937329137,0.9750019257287614,0.9745925773015156,242,0.0147705078125,True,True,True,-4.649111803937748,animal,0.7175044496381782,0.7175044496381782,69.92253112790252,69.92253112790252,0.856446388883469,0.856446388883469,0.00015040494667949768,0.00010966254181812987,-0.0013431369425271622,-0.0008930461104199629,0.0011927319958476845,0.0007833835686018586,0.0,-0.125932586738851,-0.10780113548492576,0.018131451253925235,0.0,-0.125932586738851,0.0,0.6082058039956166,0.4159071811460784,0.5521462430815962,0.3069426099151151,0.05605956091404707,0.10896457123096326,0.03091943145105403,0.04600615890370839,0.35468175310099304,0.37442131482990165,0.01381356394018951,0.08530417745178553,-0.042245996973830025,-0.023660393779175948,0.05605956091404707,0.10896457123096326,0.03091943145105403,0.04600615890370839,0.35468175310099304,0.37442131482990165,0.4736256051917831,0.4736256051917831,0.36582446970685645,2.1182478882053601e-07,0.36582446970685645,0.36582446970685645,0.36582446970685645,0.0,-0.05316192900212524,-0.05316192900212524,-0.035030477748200894,5.990680884693234e-07,-0.035030477748200894,-0.035030477748200894,-0.035030477748200894,0.0,b_to_a,0.4736256051917831,0.36582446970685734,-0.05316192900212613,-0.035030477748200894,spy,1,0.5267875341939083,0.5267875341939083,0.40085494745505734,-3.8724329964878734e-07,0.40085494745505734,0.40085494745505734,0.40085494745505734,0.0,,,,,,,,,0.8978600346294038,0.44029634672209095,0.19386087293682297,True,True,0.0,0.0,0.0,True,3.8724329964878734e-07,0.0,True,0.0,True,0.0,0.0,True,True,12,animal,mole-lex-0,8.881784197001252e-16,True,1.0,True,3,3,0.5267875341939092,0.40085494745505823,-8.881784197001252e-16,-8.881784197001252e-16,True,True,True,1.0,ok,True,True,True,True,True,True,81.64262472874576,False,animal,1,0.8941837972135025,1.0,1.0,1.0,1.0,1.0,True,True,True,True,True,True,True,True,mole,0
0.0014908434320387914,0.000698049380468655,0.0007093554879610691,0.0022942419205728517,0.0018202091769103142,0.0015846421526105486,0.9962149146473884,0.997481741442621,0.9977060023594284,172,0.010498046875,True,True,True,-0.43106044953653644,spy,0.5988801835749198,0.5988801835749198,37.1023885043121,37.1023885043121,0.9265118246702776,0.9265118246702776,-0.0007927940515701364,-0.0007814879440777223,-0.00047403274366253747,-0.0007095997679623031,0.0012668267952326007,0.0014910877120399846,0.0,0.15465976465372755,0.016066948416392002,-0.13859281623733466,0.0,0.15465976465372755,0.0,-0.4021094082862433,-0.5655743195329546,-0.7675216480186258,-0.7434727604948073,0.36541223973241443,0.17789844096187934,0.050052711898718294,0.03240009508264515,0.5258377503282555,0.3541335676093843,0.15360272289237287,-0.1962675381437471,-0.2118095168400096,-0.3741659791055998,0.36541223973241443,0.17789844096187934,0.050052711898718294,0.03240009508264515,0.5258377503282555,0.3541335676093843,-0.758807454640861,-0.758807454640861,-0.7427405062244681,-9.81156264678873e-07,-0.7427405062244681,-0.7427405062244681,-0.7427405062244681,0.0,-0.23145104425958607,-0.23145104425958607,-0.37004386049692073,-1.4882938437210669e-08,-0.37004386049692073,-0.37004386049692073,-0.37004386049692073,0.0,a_to_b,-0.758807454640861,-0.742740506224469,-0.23145104425958607,-0.37004386049692073,animal,1,-0.5273564103812749,-0.5273564103812749,-0.37269664572754735,-9.662733262416623e-07,-0.37269664572754735,-0.37269664572754735,-0.37269664572754735,0.0,,,,,,,,,0.848986603697731,0.5303334219435362,0.2812535384303467,True,True,0.0,0.0,0.0,True,9.662733262416623e-07,0.0,True,0.0,True,0.0,0.0,True,True,4,spy,mole-lex-1,8.881784197001252e-16,True,1.0,True,3,3,-0.5273564103812749,-0.37269664572754824,0.0,8.881784197001252e-16,True,True,True,1.0,ok,True,True,True,True,True,True,40.04524013227345,False,spy,1,0.8039112036600552,1.0,1.0,1.0,1.0,1.0,True,True,True,True,True,True,True,True,mole,0
0.0014908434320387914,0.0008051371550310256,0.0012485168688145408,0.0022942419205728517,0.0015728363759665027,0.0025780954668182497,0.9962149146473884,0.9976220264690024,0.9961733876643672,115,0.00701904296875,True,True,True,-0.43106044953653644,spy,0.44499735150638847,0.44499735150638847,28.32583454060158,28.32583454060158,0.8096061837932803,0.8096061837932803,-0.0006857062770077658,-0.00024232656322425061,-0.000721405544606349,0.000283853546245398,0.0014071118216140155,-4.152698302117841e-05,0.0,-0.05547135781204826,0.4386989790674507,0.4941703368794981,0.0,-0.05547135781204826,0.0,-0.47301222459129555,-0.10722419677464856,-0.6241273013189099,-0.17457358147780155,0.1511150767276419,0.0673493847031601,0.03924718034194865,0.012998362804761835,0.3892107540499921,0.2799776694253903,-0.2161573957194438,0.18967517986114757,-0.3672724724470582,0.12232579515799458,0.1511150767276419,0.0673493847031601,0.03924718034194865,0.012998362804761835,0.3892107540499921,0.2799776694253903,-0.6160846587317241,-0.6160846587317241,-0.17738567966427432,-6.9860079587869e-07,-0.17738567966427432,-0.17738567966427432,-0.17738567966427432,0.0,-0.3775218728113172,-0.3775218728113172,0.11664846406818086,-3.1144348344724904e-07,0.11664846406818086,0.11664846406818086,0.11664846406818086,0.0,a_to_b,-0.6160846587317241,-0.17738567966427343,-0.3775218728113172,0.11664846406818086,animal,1,-0.23856278592040692,-0.23856278592040692,-0.2940341437324552,-3.871573124314409e-07,-0.2940341437324552,-0.2940341437324552,-0.2940341437324552,0.0,,,,,,,,,0.8089392593607547,0.5879338936871733,0.34566626334616757,True,True,0.0,0.0,0.0,True,3.871573124314409e-07,0.0,True,0.0,True,0.0,0.0,True,True,8,spy,mole-lex-1,8.881784197001252e-16,True,1.0,True,3,3,-0.23856278592040692,-0.2940341437324543,0.0,-8.881784197001252e-16,True,True,True,1.0,ok,True,True,True,True,True,True,34.9871766145429,False,spy,1,0.8019400678863664,1.0,1.0,1.0,1.0,1.0,True,True,True,True,True,True,True,True,mole,0
0.0014908434320387914,0.0008963358231563413,0.0008120176323474118,0.0022942419205728517,0.0016340366914896882,0.00197448291175417,0.9962149146473884,0.9974696274853541,0.9972134994558984,247,0.01507568359375,True,True,True,-0.43106044953653644,spy,0.5714949054133831,0.5714949054133831,36.741790352494384,36.741790352494384,0.9032316486360955,0.9032316486360955,-0.0005945076088824501,-0.0006788257996913796,-0.0006602052290831635,-0.00031975900881868165,0.0012547128379656325,0.0009985848085100058,0.0,-0.2880461867863291,-0.09879309074433706,0.18925309604199203,0.0,-0.2880461867863291,0.0,-0.5853338164460204,-0.6026015395873134,-0.5158498281375028,-0.6097269004623378,-0.06948398830849811,0.007125360875043896,0.024161822401950382,0.017881788191187936,0.2989069907414072,0.3033364925096375,-0.4065782810292511,-0.12225681023234891,-0.33709429272073343,-0.12938217110737327,-0.06948398830849811,0.007125360875043896,0.024161822401950382,0.017881788191187936,0.2989069907414072,0.3033364925096375,-0.5087821551741616,-0.5087821551741616,-0.6075752459184987,5.038790540368154e-07,-0.6075752459184987,-0.6075752459184987,-0.6075752459184987,0.0,-0.33934901991462585,-0.33934901991462585,-0.15009592387263382,9.131615197333076e-08,-0.15009592387263382,-0.15009592387263382,-0.15009592387263382,0.0,a_to_b,-0.5087821551741607,-0.6075752459184978,-0.33934901991462585,-0.15009592387263382,animal,1,-0.16943313525953574,-0.16943313525953574,-0.45747932204586483,4.1256290206348467e-07,-0.45747932204586483,-0.45747932204586483,-0.45747932204586483,0.0,,,,,,,,,0.9062369029687949,0.42334300642487804,0.17921930108885706,True,True,0.0,0.0,0.0,True,4.1256290206348467e-07,0.0,True,0.0,True,0.0,0.0,True,True,12,spy,mole-lex-1,8.881784197001252e-16,True,1.0,True,3,3,-0.16943313525953485,-0.45747932204586395,-8.881784197001252e-16,-8.881784197001252e-16,True,True,True,1.0,ok,True,True,True,True,True,True,40.67814763574272,False,spy,1,0.8842226941179033,1.0,1.0,1.0,1.0,1.0,True,True,True,True,True,True,True,True,mole,0
7.357156735541423e-05,0.00013394072406015716,0.00010729848470208092,0.024199509451648626,0.03503049557542239,0.03059939018511856,0.975726918980996,0.9648355637005175,0.9692933113301794,211,0.01287841796875,True,True,True,-5.795829003355379,animal,0.5988801835749198,0.5988801835749198,37.1023885043121,37.1023885043121,0.9265118246702776,0.9265118246702776,6.0369156704742936e-05,3.3726917346666696e-05,0.010830986123773766,0.006399880733469934,-0.010891355280478465,-0.006433607650816575,0.0,-0.08654391274100881,-0.22178281685310886,-0.1352389041120996,0.0,-0.08654391274100881,0.0,-0.37872819566437244,-0.13804922178725576,0.6125363318689772,0.3915610192560752,-0.9912645275333603,-0.5296102410433399,0.055907311126861405,0.02657247131835953,0.6695265134885013,0.37014144447716024,-0.6299921272306399,-0.3059979001870765,0.3612724003027106,0.22361234085625448,-0.9912645275333603,-0.5296102410433399,0.055907311126861405,0.02657247131835953,0.6695265134885013,0.37014144447716024,0.5991387063309173,0.5991387063309173,0.3773558894778102,7.582140391093617e-07,0.3773558894778102,0.3773558894778102,0.3773558894778102,0.0,0.36988662191680266,0.36988662191680266,0.2346477178047044,1.9937268636027738e-07,0.2346477178047044,0.2346477178047044,0.2346477178047044,0.0,b_to_a,0.599138706330919,0.3773558894778102,0.36988662191680355,0.23464771780470395,spy,1,0.2292520844141146,0.2292520844141146,0.1427081716731058,5.588413527490843e-07,0.1427081716731058,0.1427081716731058,0.1427081716731058,0.0,,,,,,,,,0.8595110965870952,0.5118657845076198,0.26200658134960597,True,True,0.0,0.0,0.0,True,5.588413527490843e-07,0.0,True,0.0,True,0.0,0.0,True,True,4,animal,mole-lex-1,0.0,True,1.0,True,3,3,0.2292520844141155,0.14270817167310623,-8.881784197001252e-16,-4.440892098500626e-16,True,True,True,1.0,ok,True,True,True,True,True,True,40.04524013227345,False,animal,1,0.8318360806709835,1.0,1.0,1.0,1.0,1.0,True,True,True,True,True,True,True,True,mole,0
7.357156735541423e-05,9.389962453146101e-05,8.328636891970052e-05,0.024199509451648626,0.023520123358880755,0.020556789946287447,0.975726918980996,0.9763859770165878,0.9793599236847929,131,0.00799560546875,True,True,True,-5.795829003355379,animal,0.44499735150638847,0.44499735150638847,28.32583454060158,28.32583454060158,0.8096061837932803,0.8096061837932803,2.0328057176046787e-05,9.714801564286295e-06,-0.0006793860927678703,-0.003642719505361179,0.0006590580355918529,0.003633004703796905,0.0,0.014723580244319301,-0.11994149024262413,-0.13466507048694343,0.0,0.014723580244319301,0.0,0.27698216651160656,0.08554026871071407,0.2503310466486237,0.1309109305765599,0.02665111986299351,-0.04537066186584582,0.02185856728434852,0.008372560848460529,0.2716200884361782,0.22769185578554255,-0.012405675991274734,-0.20747267441434758,-0.03905679585425714,-0.16210201254850176,0.02665111986299351,-0.04537066186584582,0.02185856728434852,0.008372560848460529,0.2716200884361782,0.22769185578554255,0.24396774961531875,0.24396774961531875,0.12402625937269462,2.794541860140498e-07,0.12402625937269462,0.12402625937269462,0.12402625937269462,0.0,-0.028475994497113355,-0.028475994497113355,-0.16314106498405678,3.564651978038569e-07,-0.16314106498405678,-0.16314106498405678,-0.16314106498405678,0.0,b_to_a,0.24396774961531875,0.12402625937269462,-0.02847599449711291,-0.16314106498405634,spy,1,0.2724437441124321,0.2724437441124321,0.2871673243567514,-7.701101178980707e-08,0.2871673243567514,0.2871673243567514,0.2871673243567514,0.0,,,,,,,,,0.8050783390021196,0.5931820899481958,0.3518649918353165,True,True,0.0,0.0,0.0,True,7.701101178980707e-08,0.0,True,0.0,True,0.0,0.0,True,True,8,animal,mole-lex-1,0.0,True,1.0,True,3,3,0.27244374411243166,0.28716732435675096,4.440892098500626e-16,4.440892098500626e-16,True,True,True,1.0,ok,True,True,True,True,True,True,34.9871766145429,False,animal,1,0.801062898088709,1.0,1.0,1.0,1.0,1.0,True,True,True,True,True,True,True,True,mole,0
7.357156735541423e-05,8.582129364170137e-05,7.174323751777416e-05,0.024199509451648626,0.026521549451817297,0.02810717223173579,0.975726918980996,0.9733926292545411,0.9718210845307464,257,0.01568603515625,True,True,True,-5.795829003355379,animal,0.5714949054133831,0.571494905413383,36.741790352494384,36.741790352494384,0.9032316486360955,0.9032316486360955,1.2249726286287145e-05,-1.8283298376400669e-06,0.0023220400001686715,0.003907662780087164,-0.0023342897264548856,-0.0039058344502495013,0.0,-0.2372407477099081,-0.17917355377064226,0.058067193939267625,0.0,-0.2372407477099081,0.0,0.22451501192694678,-0.03863804828089812,0.16017206019274965,-0.034973638684544284,0.06434295173421134,-0.0036644095963467294,0.022873470156149135,0.012173947741259374,0.23530185377344562,0.21864619123260873,0.15321565791954583,0.14492122079203895,0.08887270618534959,0.1485856303883919,0.06434295173421134,-0.0036644095963467294,0.022873470156149135,0.012173947741259374,0.23530185377344562,0.21864619123260873,0.15400851535423143,0.15400851535423143,-0.025165038416409047,9.992165423966526e-07,-0.025165038416409047,-0.025165038416409047,-0.025165038416409047,0.0,0.09162522703175036,0.09162522703175036,0.14969242097101798,6.058161350352975e-07,0.14969242097101798,0.14969242097101798,0.14969242097101798,0.0,b_to_a,0.1540085153542332,-0.025165038416409047,0.0916252270317508,0.14969242097101843,spy,1,0.06238328832248108,0.06238328832248108,-0.17485745938742703,3.9340040736135506e-07,-0.17485745938742703,-0.17485745938742703,-0.17485745938742703,0.0,,,,,,,,,0.9063362878276825,0.42278833556935147,0.178749976693505,True,True,0.0,0.0,0.0,True,3.9340040736135506e-07,0.0,True,0.0,True,0.0,0.0,True,True,12,animal,mole-lex-1,0.0,True,1.0,True,3,3,0.06238328832248241,-0.17485745938742747,-1.3322676295501878e-15,4.440892098500626e-16,True,True,True,1.0,ok,True,True,True,True,True,True,40.67814763574272,False,animal,1,0.8923561831511025,1.0,0.0,1.0,0.0,1.0,True,True,True,True,True,True,True,True,mole,0
0.0010957970776496544,0.001952407714120432,0.0017687911018265108,5.019244393256716e-05,5.1312768277894387e-05,3.954210962135011e-05,0.9988540104784178,0.9979962795176017,0.9981916667885522,188,0.011474609375,True,True,True,3.083372806139102,animal,0.5514882778664757,0.5514882778664757,44.37524832183635,44.37524832183635,0.8201331057559321,0.8201331057559321,0.0008566106364707776,0.0006729940241768564,1.1203243453272239e-06,-1.065033431121705e-05,-0.0008577309608160943,-0.0006623436898656188,0.0,0.16180642889027919,-0.09876701619816775,-0.26057344508844515,0.0,0.16180642889027919,0.0,0.520679442189973,0.17612572360655854,0.6253906744235369,0.22709748881511516,-0.10471123223357637,-0.05097176520856195,0.17875716275471254,0.09477116378700277,0.4579242375184543,0.47048006163684264,0.019322346840995763,-0.029153521855228348,0.1240335790745597,0.02181824335332827,-0.10471123223357637,-0.05097176520856195,0.17875716275471254,0.09477116378700277,0.4579242375184543,0.47048006163684264,0.5775813128654423,0.5775813128654423,0.4788142966672746,-9.027114442616835e-07,0.4788142966672746,0.4788142966672746,0.4788142966672746,0.0,0.02207511941665885,0.02207511941665885,-0.23849832567178808,-6.038261464169636e-07,-0.23849832567178808,-0.23849832567178808,-0.23849832567178808,0.0,a_to_b,0.5775813128654423,0.4788142966672746,0.02207511941665885,-0.2384983256717863,animal,1,0.5555061934487835,0.5555061934487835,0.7173126223390627,-2.9888529784471984e-07,0.7173126223390627,0.7173126223390627,0.7173126223390627,0.0,,,,,,,,,0.8450226526743769,0.5364406209464903,0.2877685398014621,True,True,0.0,0.0,0.0,True,2.9888529784471984e-07,0.0,True,0.0,True,0.0,0.0,True,True,4,spy,mole-lex-2,-8.881784197001252e-16,True,1.0,True,3,3,0.5555061934487835,0.7173126223390609,0.0,1.7763568394002505e-15,True,True,True,1.0,ok,True,True,True,True,True,True,54.10737355972827,False,spy,1,0.80222284736754,1.0,1.0,1.0,1.0,1.0,True,True,True,True,True,True,True,True,mole,0
0.0010957970776496544,0.001488210947707094,0.0012613773769060896,5.019244393256716e-05,3.3585389734307494e-05,5.094190463413655e-05,0.9988540104784178,0.9984782036625586,0.9986876807184597,121,0.00738525390625,True,True,True,3.083372806139102,animal,0.5565985412308219,0.5565985412308219,40.56741359735726,40.56741359735726,0.7314547255793671,0.7314547255793671,0.0003924138700574396,0.0001655802992564352,-1.660705419825967e-05,7.494607015693847e-07,-0.0003758068158592476,-0.00016632975995811705,0.0,-0.5819651276577051,-0.16537041211742576,0.41659471554028116,0.0,-0.5819651276577051,0.0,0.4598012425483571,0.09191427910826455,0.4658825624042757,0.1299316705162692,-0.006081319855919531,-0.03801739140799398,0.21781860213865045,0.2283328117725092,0.46304156969760196,0.42063658254316477,-0.5458323943516241,0.14736810520439647,-0.5397510744957046,0.1853854966124011,-0.006081319855919531,-0.03801739140799398,0.21781860213865045,0.2283328117725092,0.46304156969760196,0.42063658254316477,0.30609266904133126,0.30609266904133126,0.1407222569239055,-7.862234676636604e-07,0.1407222569239055,0.1407222569239055,0.1407222569239055,0.0,-0.40177335302956685,-0.40177335302956685,0.014821362510712532,-1.101211921650247e-08,0.014821362510712532,0.014821362510712532,0.014821362510712532,0.0,a_to_b,0.30609266904133126,0.1407222569239055,-0.4017733530295686,0.014821362510712532,animal,1,0.7078660220708981,0.7078660220708981,0.12590089441319297,-7.752113484471579e-07,0.12590089441319297,0.12590089441319297,0.12590089441319297,0.0,,,,,,,,,0.8014437275105151,0.598132984936384,0.3577630676689158,True,True,0.0,0.0,0.0,True,7.752113484471579e-07,0.0,True,0.0,True,0.0,0.0,True,True,8,spy,mole-lex-2,-8.881784197001252e-16,True,1.0,True,3,3,0.7078660220708999,0.12590089441319297,-1.7763568394002505e-15,0.0,True,True,True,1.0,ok,True,True,True,True,True,True,55.46127761390129,False,spy,1,0.8101106782352235,1.0,1.0,1.0,1.0,1.0,True,True,True,True,True,True,True,True,mole,0
0.0010957970776496544,0.0009505012889395039,0.0011368299293606676,5.019244393256716e-05,4.3201876921700695e-05,6.0021406387684646e-05,0.9988540104784178,0.9990062968341388,0.9988031486642516,250,0.0152587890625,True,True,True,3.083372806139102,animal,0.6941863203680756,0.6941863203680756,62.48011330408012,62.48011330408012,0.8339450037340242,0.8339450037340242,-0.0001452957887101505,4.103285171101322e-05,-6.990567010866467e-06,9.828962455117484e-06,0.00015228635572095417,-5.0861814166247576e-05,0.0,-0.14980794398234032,0.17900938617159134,0.3288173301539281,0.0,-0.14980794398234032,0.0,0.03365612949072272,0.29337132162975266,0.10074845629007712,0.2862618912465722,-0.06709232679935795,0.007109430383188453,0.14651063646548115,0.14245819528019954,0.5266709674899508,0.5062449204732294,-0.2581376553123409,0.4664674240280142,-0.1910453285129865,0.45935799364483465,-0.06709232679935795,0.007109430383188453,0.14651063646548115,0.14245819528019954,0.5266709674899508,0.5062449204732294,-0.14224778424378126,-0.14224778424378126,0.036761601927810084,-3.8142766634052805e-07,0.036761601927810084,0.036761601927810084,0.036761601927810084,0.0,-0.14998055452910108,-0.14998055452910108,0.17883677562483058,2.042678897140604e-07,0.17883677562483058,0.17883677562483058,0.17883677562483058,0.0,a_to_b,-0.14224778424378126,0.036761601927810084,-0.1499805545290993,0.1788367756248288,animal,1,0.007732770285319823,0.007732770285319823,-0.1420751736970205,-5.856955560545885e-07,-0.1420751736970205,-0.1420751736970205,-0.1420751736970205,0.0,,,,,,,,,0.8957128373624428,0.4447731304250113,0.19782313754806738,True,True,0.0,0.0,0.0,True,5.856955560545885e-07,0.0,True,0.0,True,0.0,0.0,True,True,12,spy,mole-lex-2,-8.881784197001252e-16,True,1.0,True,3,3,0.007732770285318047,-0.14207517369701872,1.7763568394002505e-15,-1.7763568394002505e-15,True,True,True,1.0,ok,True,True,True,True,True,True,74.92114350985108,False,spy,1,0.8845493001118175,1.0,0.0,1.0,0.0,1.0,True,True,True,True,True,True,True,True,mole,0
1.0760868040705977e-05,1.0365686695087303e-05,2.2347105909721658e-05,0.0005842818618752429,0.0003677673424659785,0.0007572235656513519,0.999404957270084,0.9996218669708389,0.9992204293284389,190,0.0115966796875,True,True,True,-3.9944672821844254,animal,0.5514882778664757,0.5514882778664757,44.37524832183635,44.37524832183635,0.8201331057559321,0.8201331057559321,-3.9518134561867417e-07,1.158623786901568e-05,-0.0002165145194092644,0.00017294170377610903,0.0002169097007548304,-0.00018452794164514064,0.0,0.04598780387449075,0.7681958281489525,0.7222080242744644,0.0,0.04598780387449075,0.0,1.6975171762910914,1.3334484066073315,0.4211383151396415,1.3888328432632235,1.2763788611514464,-0.05538443665589199,0.29130316427232517,0.02687100163711954,0.8192445293316135,0.48790571718049147,0.7816340989526172,0.20791011453322739,-0.4947447621988328,0.2632945511891194,1.2763788611514464,-0.05538443665589199,0.29130316427232517,0.02687100163711954,0.8192445293316135,0.48790571718049147,-0.037415229379595516,-0.037415229379595516,0.7307805987693605,8.016216597184211e-07,0.7307805987693605,0.7307805987693605,0.7307805987693605,0.0,-0.4629329899194783,-0.4629329899194783,0.259275034354987,1.0452841632258014e-06,0.259275034354987,0.259275034354987,0.259275034354987,0.0,b_to_a,-0.03741522937959374,0.7307805987693587,-0.4629329899194774,0.259275034354987,spy,1,0.4255177605398828,0.4255177605398828,0.4715055644143735,-2.436625035073803e-07,0.4715055644143735,0.4715055644143735,0.4715055644143735,0.0,,,,,,,,,0.8450002708148103,0.5355133668414492,0.28677456606587076,True,True,0.0,0.0,0.0,True,2.436625035073803e-07,0.0,True,0.0,True,0.0,0.0,True,True,4,animal,mole-lex-2,0.0,True,1.0,True,3,3,0.42551776053988366,0.47150556441437175,-8.881784197001252e-16,1.7763568394002505e-15,True,True,True,1.0,ok,True,True,True,True,True,True,54.10737355972827,False,animal,1,0.8167155798500104,1.0,1.0,1.0,1.0,1.0,True,True,True,True,True,True,True,True,mole,0
1.0760868040705977e-05,1.3538099552324256e-05,1.2396567681697326e-05,0.0005842818618752429,0.00044789889765308095,0.0010240288925093763,0.999404957270084,0.9995385630027946,0.9989635745398089,114,0.0069580078125,True,True,True,-3.9944672821844254,animal,0.5565985412308219,0.5565985412308219,40.56741359735726,40.56741359735726,0.7314547255793671,0.7314547255793671,2.777231511618279e-06,1.6356996409913485e-06,-0.00013638296422216196,0.00043974703063413335,0.0001336057327105955,-0.00044138273027516384,0.0,-0.9150207536525583,-0.08808826517502766,0.8269324884775342,0.0,-0.9150207536525583,0.0,2.0931898683148127,1.776833012805774,0.4863294567136407,-0.280065859231275,1.6068604116011862,2.0568988720370562,0.25644602176933906,0.06364763427743611,0.9519648198731099,1.0931898162714797,1.2786155749280859,2.6545939986039464,-0.3282448366730861,0.5976951265668964,1.6068604116011862,2.0568988720370562,0.25644602176933906,0.06364763427743611,0.9519648198731099,1.0931898162714797,0.22959167519892887,0.22959167519892887,0.141503410023903,1.6141207126452173e-07,0.141503410023903,0.141503410023903,0.141503410023903,0.0,-0.26581597452718064,-0.26581597452718064,0.5611165139503518,6.903941880409548e-07,0.5611165139503518,0.5611165139503518,0.5611165139503518,0.0,b_to_a,0.22959167519892887,0.1415034100239012,-0.26581597452718153,0.5611165139503527,spy,1,0.4954076497261095,0.4954076497261095,-0.4196131039264488,-5.28982116776433e-07,-0.4196131039264488,-0.4196131039264488,-0.4196131039264488,0.0,,,,,,,,,0.8021773452550605,0.5985663494955549,0.3582816747484419,True,True,0.0,0.0,0.0,True,5.28982116776433e-07,0.0,True,0.0,True,0.0,0.0,True,True,8,animal,mole-lex-2,0.0,True,1.0,True,3,3,0.4954076497261104,-0.41961310392645146,-8.881784197001252e-16,2.6645352591003757e-15,True,True,True,1.0,ok,True,True,True,True,True,True,55.46127761390129,False,animal,1,0.7601039808911426,1.0,0.0,1.0,0.0,1.0,True,True,True,True,True,True,True,True,mole,0
1.0760868040705977e-05,1.7651926400532388e-05,1.5014587246966757e-05,0.0005842818618752429,0.0006632306332393286,0.0009383449551302787,0.999404957270084,0.9993191174403601,0.9990466404576228,250,0.0152587890625,True,True,True,-3.9944672821844254,animal,0.6941863203680756,0.6941863203680756,62.48011330408012,62.48011330408012,0.8339450037340242,0.8339450037340242,6.8910583598264105e-06,4.2537192062607795e-06,7.894877136408569e-05,0.0003540630932550358,-8.583982972398818e-05,-0.0003583168124612346,0.0,-0.508817554853005,-0.161822710251613,0.34699484460139374,0.0,-0.508817554853005,0.0,1.1678679019278526,0.9025640574069342,0.858337425899391,0.533770021833261,0.30953047602847406,0.36879403557366786,0.054283254555058245,0.02065810658242616,0.6270581985029247,0.596506343507583,0.3011775754418924,0.873914149410929,-0.008352900586569234,0.5051201138372559,0.30953047602847406,0.36879403557366786,0.054283254555058245,0.02065810658242616,0.6270581985029247,0.596506343507583,0.49492869752174506,0.49492869752174506,0.33310598727013385,4.94651821725256e-07,0.33310598727013385,0.33310598727013385,0.33310598727013385,0.0,0.1267392862093537,0.1267392862093537,0.47373413081074744,-9.988081473011334e-09,0.47373413081074744,0.47373413081074744,0.47373413081074744,0.0,b_to_a,0.49492869752174506,0.3331059872701321,0.1267392862093537,0.47373413081074744,spy,1,0.36818941131239136,0.36818941131239136,-0.1406281435406136,5.046399031982673e-07,-0.1406281435406136,-0.1406281435406136,-0.1406281435406136,0.0,,,,,,,,,0.8865158983113446,0.46274908497675915,0.2141367156468313,True,True,0.0,0.0,0.0,True,5.046399031982673e-07,0.0,True,0.0,True,0.0,0.0,True,True,12,animal,mole-lex-2,0.0,True,1.0,True,3,3,0.36818941131239136,-0.14062814354061537,0.0,1.7763568394002505e-15,True,True,True,1.0,ok,True,True,True,True,True,True,74.92114350985108,False,animal,1,0.8796490500093754,1.0,0.0,1.0,0.0,1.0,True,True,True,True,True,True,True,True,mole,0
0.0006398780193767077,0.0005145988890239222,0.0006894190087200998,6.077724212286006e-05,4.3643595029118367e-05,3.405865844289615e-05,0.9992993447385005,0.999441757515947,0.999276522332837,243,0.01483154296875,True,True,True,2.3540621517524443,animal,0.5491058633580636,0.5491058633580637,45.6317585851929,45.6317585851929,0.8688076139731672,0.8688076139731672,-0.00012527913035278548,4.9540989343392085e-05,-1.7133647093741695e-05,-2.671858367996391e-05,0.00014241277744653225,-2.2822405663425194e-05,0.0,0.5404337360010043,0.29246148561535357,-0.24797225038565252,0.0,0.5404337360010043,0.0,-1.0416093509707665,-0.24519174161105362,-0.17504076803178847,0.13481597167933668,-0.866568582938978,-0.38000771329040717,0.045820159040610486,0.03588197250335612,0.5670487358992496,0.46396359823108285,-1.2611167013805034,-0.9791113865345746,-0.3945481184415254,-0.5991036732441835,-0.866568582938978,-0.38000771329040717,0.045820159040610486,0.03588197250335612,0.5670487358992496,0.46396359823108285,-0.21788982253095668,-0.21788982253095668,0.07457166308439689,8.639726516435076e-07,0.07457166308439689,0.07457166308439689,0.07457166308439689,0.0,-0.33115887492098217,-0.33115887492098217,-0.5791311253066329,4.3273688454803505e-07,-0.5791311253066329,-0.5791311253066329,-0.5791311253066329,0.0,a_to_b,-0.2178898225309549,0.07457166308439866,-0.3311588749209804,-0.5791311253066329,animal,1,0.1132690523900255,0.1132690523900255,0.6537027883910298,4.312357670954725e-07,0.6537027883910298,0.6537027883910298,0.6537027883910298,0.0,,,,,,,,,0.8333402481453935,0.5532146980506825,0.3060465021393138,True,True,0.0,0.0,0.0,True,4.312357670954725e-07,0.0,True,0.0,True,0.0,0.0,True,True,4,spy,mole-lex-3,8.881784197001252e-16,True,1.0,True,3,3,0.1132690523900255,0.6537027883910316,0.0,-1.7763568394002505e-15,True,True,True,1.0,ok,True,True,True,True,True,True,52.522282092479706,False,spy,1,0.8109243761270909,1.0,1.0,1.0,1.0,1.0,True,True,True,True,True,True,True,True,mole,0
0.0006398780193767077,0.00039085112731403296,0.0003900038634990867,6.077724212286006e-05,8.428565802934222e-05,8.012721502108e-05,0.9992993447385005,0.9995248632146566,0.9995298689214799,134,0.0081787109375,True,True,True,2.3540621517524443,animal,0.5780823605540072,0.5780823605540072,43.03179239351817,43.03179239351817,0.7969956125683112,0.7969956125683112,-0.0002490268920626747,-0.000249874155877621,2.350841590648216e-05,1.934997289821994e-05,0.00022551847615615017,0.00023052418297941912,0.0,0.048426067525925376,-0.002170093442230403,-0.05059616096815489,0.0,0.048426067525925376,0.0,-1.279083179757924,-1.3813671468046103,-0.42420583180909954,-0.4478146350950025,-0.854877347948829,-0.9335525117096175,0.07505934384635378,0.058666292791949105,0.5662256241951484,0.5342922015288637,-0.5275420390599912,-0.656691335648171,0.3273353088888342,0.2768611760614377,-0.854877347948829,-0.9335525117096175,0.07505934384635378,0.058666292791949105,0.5662256241951484,0.5342922015288637,-0.49295082453957306,-0.49295082453957306,-0.4951209179818026,7.302956266386218e-07,-0.4951209179818026,-0.4951209179818026,-0.4951209179818026,0.0,0.32699630868384943,0.32699630868384943,0.27640014771569454,3.790749616428002e-07,0.27640014771569454,0.27640014771569454,0.27640014771569454,0.0,a_to_b,-0.4929508245395713,-0.4951209179818017,0.32699630868384943,0.27640014771569454,animal,1,-0.8199471332234225,-0.8199471332234225,-0.7715210656974971,3.512206649958216e-07,-0.7715210656974971,-0.7715210656974971,-0.7715210656974971,0.0,,,,,,,,,0.7999906152561926,0.600067427676668,0.36008091775850015,True,True,0.0,0.0,0.0,True,3.512206649958216e-07,0.0,True,0.0,True,0.0,0.0,True,True,8,spy,mole-lex-3,8.881784197001252e-16,True,1.0,True,3,3,-0.8199471332234207,-0.7715210656974962,-1.7763568394002505e-15,-8.881784197001252e-16,True,True,True,1.0,ok,True,True,True,True,True,True,53.9925085093613,False,spy,1,0.7918725947781244,1.0,1.0,1.0,1.0,1.0,True,True,True,True,True,True,True,True,mole,0
0.0006398780193767077,0.0003035382634593494,0.00032869972632241774,6.077724212286006e-05,7.654906165327834e-05,0.00012072862243636361,0.9992993447385005,0.9996199126748874,0.9995505716512412,266,0.0162353515625,True,True,True,2.3540621517524443,animal,0.6708466019897873,0.6708466019897874,54.04615713861987,54.04615713861987,0.915396394273194,0.915396394273194,-0.0003363397559173583,-0.00031117829305428994,1.5771819530418275e-05,5.995138031350355e-05,0.0003205679363869063,0.00025122691274070963,0.0,-0.3759764014148974,0.07963697150981197,0.4556133729247094,0.0,-0.3759764014148974,0.0,-1.467197270261261,-1.030310838369564,-0.6772826910983616,-0.5954673374955446,-0.7899145791629181,-0.4348435008740168,0.0814563908577211,0.06333020151762178,0.5711801850239479,0.4625884859641422,-0.5557944677724809,0.2761904301332869,0.23412011139041944,0.7110339310073073,-0.7899145791629181,-0.4348435008740168,0.0814563908577211,0.06333020151762178,0.5711801850239479,0.4625884859641422,-0.7457698869102956,-0.7457698869102956,-0.6661329154004836,8.976373120361814e-07,-0.6661329154004836,-0.6661329154004836,-0.6661329154004836,0.0,0.23071645235818572,0.23071645235818572,0.6863298252828951,1.5387221381502059e-06,0.6863298252828951,0.6863298252828951,0.6863298252828951,0.0,a_to_b,-0.7457698869102947,-0.6661329154004827,0.23071645235818572,0.6863298252828951,animal,1,-0.9764863392684813,-0.9764863392684813,-1.3524627406833787,-6.410848261140245e-07,-1.3524627406833787,-1.3524627406833787,-1.3524627406833787,0.0,,,,,,,,,0.9090215187113738,0.41717712291539066,0.17403675188396536,True,True,0.0,0.0,0.0,True,6.410848261140245e-07,0.0,True,0.0,True,0.0,0.0,True,True,12,spy,mole-lex-3,8.881784197001252e-16,True,1.0,True,3,3,-0.9764863392684804,-1.3524627406833778,-8.881784197001252e-16,-8.881784197001252e-16,True,True,True,1.0,ok,True,True,True,True,True,True,59.04126067869364,False,spy,1,0.8901304265169421,1.0,1.0,1.0,1.0,1.0,True,True,True,True,True,True,True,True,mole,0
7.073643954223715e-06,8.317625479168688e-06,2.845361311729999e-05,0.010083457893753816,0.0047722018559945185,0.009857279428553373,0.9899094684622919,0.9952194805185264,0.9901142669583293,182,0.0111083984375,True,True,True,-7.262275769902875,animal,0.5491058633580636,0.5491058633580638,45.6317585851929,45.63175858519289,0.8688076139731672,0.868807613973167,1.2439815249449726e-06,2.1379969163076276e-05,-0.005311256037759298,-0.0002261784652004429,0.005310012056234492,0.00020479849603738387,0.0,0.5044959293057518,1.2298983363986302,0.7254024070928775,0.0,0.5044959293057518,0.0,0.35556041683154227,1.4553970434333454,0.2815521489149031,1.5668661024287935,0.07400826791663562,-0.11146905899546056,0.1918159396154878,0.03772454085466914,0.7113403435233719,0.612814953529074,-0.7052688518029235,-0.14417784078020546,-0.7792771197195627,-0.032708781784757335,0.07400826791663562,-0.11146905899546056,0.1918159396154878,0.03772454085466914,0.7113403435233719,0.612814953529074,0.16200105704939816,0.16200105704939816,1.3918993934480266,-6.084955810337078e-07,1.3918993934480266,1.3918993934480266,1.3918993934480266,0.0,-0.7480884454082739,-0.7480884454082739,-0.022686038315397283,8.455766966619649e-07,-0.022686038315397283,-0.022686038315397283,-0.022686038315397283,0.0,b_to_a,0.16200105704939816,1.3918993934480284,-0.7480884454082739,-0.022686038315396395,spy,1,0.9100895024576721,0.9100895024576721,1.4145854317634239,-1.4540722776956727e-06,1.4145854317634239,1.4145854317634239,1.4145854317634239,0.0,,,,,,,,,0.8380139107248886,0.5467989220079865,0.2989890611091023,True,True,0.0,0.0,0.0,True,1.4540722776956727e-06,0.0,True,0.0,True,0.0,0.0,True,True,4,animal,mole-lex-3,8.881784197001252e-16,True,1.0,True,3,3,0.9100895024576721,1.4145854317634248,0.0,-8.881784197001252e-16,True,True,True,1.0,ok,True,True,True,True,True,True,52.522282092479706,False,animal,1,0.8025685206505313,1.0,1.0,1.0,1.0,1.0,True,True,True,True,True,True,True,True,mole,0
7.073643954223715e-06,6.2824322502867716e-06,3.3207615206299695e-06,0.010083457893753816,0.0036484110814108232,0.005258918389822624,0.9899094684622919,0.9963453064863389,0.9947377608486567,117,0.00714111328125,True,True,True,-7.262275769902875,animal,0.5780823605540072,0.5780823605540072,43.03179239351817,43.03179239351817,0.7969956125683112,0.7969956125683112,-7.912117039369437e-07,-3.7528824335937458e-06,-0.006435046812342993,-0.004824539503931192,0.006435838024047014,0.004828292386364841,0.0,-1.0031966998295836,-0.6375630761895117,0.3656336236400719,0.0,-1.0031966998295836,0.0,0.09058126535898481,-0.7128340131811957,-0.17626062846243684,-0.8611586510890294,0.26684189382142165,0.14832463790781958,0.41319062172854415,0.23237490819990203,0.9046627259988365,0.8995504344305774,-0.7820812567817335,-0.5098251700257954,-1.048923150603156,-0.6581498079336301,0.26684189382142165,0.14832463790781958,0.41319062172854415,0.23237490819990203,0.9046627259988365,0.8995504344305774,-0.1186185514117426,-0.1186185514117426,-0.7561816276012543,1.047312281343693e-07,-0.7561816276012543,-0.7561816276012543,-0.7561816276012543,0.0,-1.0166044961783411,-1.0166044961783411,-0.6509708725382692,1.9279769301050464e-06,-0.6509708725382692,-0.6509708725382692,-0.6509708725382692,0.0,b_to_a,-0.1186185514117426,-0.7561816276012543,-1.0166044961783411,-0.6509708725382692,spy,1,0.8979859447665985,0.8979859447665985,-0.10521075506298505,-1.8232457019706771e-06,-0.10521075506298505,-0.10521075506298505,-0.10521075506298505,0.0,,,,,,,,,0.8113492885547664,0.5854348347557963,0.3427339457455531,True,True,0.0,0.0,0.0,True,1.8232457019706771e-06,0.0,True,0.0,True,0.0,0.0,True,True,8,animal,mole-lex-3,8.881784197001252e-16,True,1.0,True,3,3,0.8979859447665985,-0.10521075506298505,0.0,0.0,True,True,True,1.0,ok,True,True,True,True,True,True,53.9925085093613,False,animal,1,0.7793865949279847,1.0,0.0,1.0,0.0,1.0,True,True,True,True,True,True,True,True,mole,0
7.073643954223715e-06,5.806138280774535e-06,3.697527322865108e-06,0.010083457893753816,0.0023046276517122415,0.005148435602222155,0.9899094684622919,0.9976895662100069,0.994847866870455,236,0.014404296875,True,True,True,-7.262275769902875,animal,0.6708466019897873,0.6708466019897873,54.04615713861987,54.04615713861987,0.915396394273194,0.915396394273194,-1.2675056734491806e-06,-3.376116631358607e-06,-0.007778830242041575,-0.0049350222915316615,0.007780097747715042,0.004938398408163125,0.0,-1.2550251550249616,-0.4512513770669333,0.8037737779580274,0.0,-1.2550251550249616,0.0,-0.46721873203448183,-1.1383788561403279,-0.3406089254953386,-1.1919657890065238,-0.12660980653913256,0.053586932866203085,0.6454225478733878,0.19344170437718278,1.3793067320849293,0.7559012517437611,-1.6520268924616808,-0.6535244468248571,-1.5254170859225376,-0.7071113796910522,-0.12660980653913256,0.053586932866203085,0.6454225478733878,0.19344170437718278,1.3793067320849293,0.7559012517437611,-0.19746007571773028,-0.19746007571773028,-0.6487114527846636,-1.333543774961754e-06,-0.6487114527846636,-0.6487114527846636,-0.6487114527846636,0.0,-1.4759771248195888,-1.4759771248195888,-0.6722033468615605,9.070791824328239e-07,-0.6722033468615605,-0.6722033468615605,-0.6722033468615605,0.0,b_to_a,-0.19746007571773028,-0.6487114527846636,-1.4759771248195879,-0.6722033468615605,spy,1,1.2785170491018585,1.2785170491018585,0.02349189407689689,-2.240622957394578e-06,0.02349189407689689,0.02349189407689689,0.02349189407689689,0.0,,,,,,,,,0.9056639665217098,0.42440528749176243,0.18011984805096806,True,True,0.0,0.0,0.0,True,2.240622957394578e-06,0.0,True,0.0,True,0.0,0.0,True,True,12,animal,mole-lex-3,8.881784197001252e-16,True,1.0,True,3,3,1.2785170491018576,0.02349189407689689,8.881784197001252e-16,0.0,True,True,True,1.0,ok,True,True,True,True,True,True,59.04126067869364,False,animal,1,0.8870341971510031,1.0,1.0,1.0,1.0,1.0,True,True,True,True,True,True,True,True,mole,0
nan,nan,nan,nan,nan,nan,nan,nan,nan,122,0.0074462890625,True,True,True,-5.111081737645794,traffic,0.6655759763676874,0.6655759763676874,46.669005710862194,46.669005710862194,0.761402714220565,0.761402714220565,nan,nan,nan,nan,nan,nan,0.0,0.1369204608710497,nan,nan,0.0,0.1369204608710497,0.0,0.18664031443418239,-0.3591689523431274,-0.01452397365174285,-0.4011333577670335,0.20116428808589149,0.04196440542388302,0.28578626734751833,0.37536173272192264,0.953218422398593,0.8757949584160791,-3.630466686914307,-3.1978533239556217,-3.8316309750002313,-3.239817729379526,0.20116428808589149,0.04196440542388302,0.28578626734751833,0.37536173272192264,0.953218422398593,0.8757949584160791,-0.019767964165520624,-0.019767964165520624,-0.1505868418234506,-5.091714232463573e-07,-0.1505868418234506,-0.1505868418234506,-0.1505868418234506,0.0,-2.4180043049096582,-2.4180043049096582,-2.685743643438638,-3.099798364658568e-07,-2.685743643438638,-2.685743643438638,-2.685743643438638,0.0,a_to_b,nan,nan,nan,nan,music,1,2.3982363407441376,2.3982363407441376,2.5351568016151873,-1.9919158678050053e-07,2.5351568016151873,2.5351568016151873,2.5351568016151873,0.0,,,,,,,,,0.8654256199494456,0.501888883574878,0.2518924514560429,True,True,0.0,0.0,0.0,True,1.9919158678050053e-07,0.0,True,0.0,True,0.0,0.0,True,True,4,traffic,jam-lex-0,nan,False,0.0,False,2,3,nan,nan,nan,nan,False,True,False,0.0,multi_token_candidate,True,True,True,True,False,True,61.29345855909702,False,traffic,1,0.83620310943227,1.0,1.0,1.0,1.0,1.0,True,True,True,True,True,True,True,True,jam,0
nan,nan,nan,nan,nan,nan,nan,nan,nan,117,0.00714111328125,True,True,True,-5.111081737645794,traffic,0.665135607801638,0.665135607801638,53.25287110950743,53.25287110950743,0.8168644533922635,0.8168644533922635,nan,nan,nan,nan,nan,nan,0.0,0.309967574455019,nan,nan,0.0,0.309967574455019,0.0,0.9281610708147952,0.4657148655217149,0.49542926304168944,0.14826406366059075,0.4327318077730844,0.3174508018610922,0.8540994822194045,2.1241385441151506,1.0454396105363162,1.1344752482288056,-2.705465722237106,-3.2997625112910356,-3.1381975300102107,-3.617213313152159,0.4327318077730844,0.3174508018610922,0.8540994822194045,2.1241385441151506,1.0454396105363162,1.1344752482288056,0.2918646867446668,0.2918646867446668,-0.15867452602565102,-4.826985513517457e-07,-0.15867452602565102,-0.15867452602565102,-0.15867452602565102,0.0,-2.2896170587417686,-2.2896170587417686,-3.0501238459671054,3.577798297627055e-07,-3.0501238459671054,-3.0501238459671054,-3.0501238459671054,0.0,a_to_b,nan,nan,nan,nan,music,1,2.5814817454864354,2.5814817454864354,2.8914493199414544,-8.404783811144512e-07,2.8914493199414544,2.8914493199414544,2.8914493199414544,0.0,,,,,,,,,0.8036245235149706,0.5977946906987798,0.3573584922276564,True,True,0.0,0.0,0.0,True,8.404783811144512e-07,0.0,True,0.0,True,0.0,0.0,True,True,8,traffic,jam-lex-0,nan,False,0.0,False,2,3,nan,nan,nan,nan,False,True,False,0.0,multi_token_candidate,True,True,True,True,False,True,65.19180861446429,False,traffic,1,0.7473140713562471,1.0,1.0,1.0,1.0,1.0,True,True,True,True,True,True,True,True,jam,0
nan,nan,nan,nan,nan,nan,nan,nan,nan,253,0.01544189453125,True,True,True,-5.111081737645794,traffic,0.70507094733067,0.70507094733067,65.3864502284617,65.3864502284617,0.8353829023232657,0.8353829023232657,nan,nan,nan,nan,nan,nan,0.0,-0.039846040357350176,nan,nan,0.0,-0.039846040357350176,0.0,0.5654620486781976,1.1621227863799426,0.6641524325799111,1.2074545124219735,-0.09869038390175078,-0.045331726042054044,0.46853139022801993,0.6052206578129549,0.9335949966640544,0.9328977311157542,-3.3870988008962506,-3.043206008005754,-3.2884084169945362,-2.997874281963722,-0.09869038390175078,-0.045331726042054044,0.46853139022801993,0.6052206578129549,0.9335949966640544,0.9328977311157542,0.6143878411168444,0.6143878411168444,0.5441841839028037,-6.875269082939894e-07,0.5441841839028037,0.5441841839028037,0.5441841839028037,0.0,-2.6986641155034317,-2.6986641155034317,-2.7290217323601222,-8.358458902790744e-08,-2.7290217323601222,-2.7290217323601222,-2.7290217323601222,0.0,a_to_b,nan,nan,nan,nan,music,1,3.313051956620276,3.313051956620276,3.273205916262926,-6.03942319266082e-07,3.273205916262926,3.273205916262926,3.273205916262926,0.0,,,,,,,,,0.8770935464314962,0.4805881950328624,0.2309650132049479,True,True,0.0,0.0,0.0,True,6.03942319266082e-07,0.0,True,0.0,True,0.0,0.0,True,True,12,traffic,jam-lex-0,nan,False,0.0,False,2,3,nan,nan,nan,nan,False,True,False,0.0,multi_token_candidate,True,True,True,True,False,True,78.27123352251623,False,traffic,1,0.8610279808726048,1.0,1.0,1.0,1.0,1.0,True,True,True,True,True,True,True,True,jam,0
nan,nan,nan,nan,nan,nan,nan,nan,nan,116,0.007080078125,True,True,True,-11.725034451006916,music,0.6655759763676874,0.6655759763676874,46.669005710862194,46.669005710862194,0.761402714220565,0.761402714220565,nan,nan,nan,nan,nan,nan,0.0,-0.2301235621035964,nan,nan,0.0,-0.2301235621035964,0.0,2.3001132182333377,1.613258613470414,3.60460196417314,2.3129785375114658,-1.3044887459398211,-0.6997199240410588,0.3399255591437574,0.25276074160476786,1.881972789126124,1.7825685438810772,-2.162924265586181,-1.3930343774686698,-0.8584355196463769,-0.6933144534276152,-1.3044887459398211,-0.6997199240410588,0.3399255591437574,0.25276074160476786,1.881972789126124,1.7825685438810772,2.0438224872957633,2.0438224872957633,1.9151597459315806,1.0834891916999823e-06,1.9151597459315806,1.9151597459315806,1.9151597459315806,0.0,-0.5980610832921069,-0.5980610832921069,-0.4966002625526933,-8.095151216025442e-09,-0.4966002625526933,-0.4966002625526933,-0.4966002625526933,0.0,b_to_a,nan,nan,nan,nan,traffic,1,2.6418835705878703,2.6418835705878703,2.411760008484274,1.0915843429160077e-06,2.411760008484274,2.411760008484274,2.411760008484274,0.0,,,,,,,,,0.8331293235179894,0.5542623035561416,0.30720670114336807,True,True,0.0,0.0,0.0,True,1.0915843429160077e-06,0.0,True,0.0,True,0.0,0.0,True,True,4,music,jam-lex-0,nan,False,0.0,False,3,2,nan,nan,nan,nan,True,True,False,0.0,multi_token_candidate,True,True,False,True,False,True,61.29345855909702,False,music,1,0.7969192303268506,1.0,1.0,1.0,1.0,1.0,True,True,True,True,True,True,True,True,jam,0
nan,nan,nan,nan,nan,nan,nan,nan,nan,92,0.005615234375,True,True,True,-11.725034451006916,music,0.665135607801638,0.665135607801638,53.25287110950743,53.25287110950743,0.8168644533922635,0.8168644533922635,nan,nan,nan,nan,nan,nan,0.0,-0.0893204862367778,nan,nan,0.0,-0.0893204862367778,0.0,2.1418451021364593,0.6565203832045317,2.658052880889757,2.2941075979471854,-0.5162077787533264,-1.6375872147426875,0.17336476667436126,0.18177890947786632,1.1100624938565233,1.4254142727005519,-1.3451090516553066,-2.534538358826417,-0.8289012729020075,-0.8969511440837625,-0.5162077787533264,-1.6375872147426875,0.17336476667436126,0.18177890947786632,1.1100624938565233,1.4254142727005519,1.5161788370097735,1.5161788370097735,1.290101712781416,-9.145200614568694e-07,1.290101712781416,1.290101712781416,1.290101712781416,0.0,-0.7272898614292203,-0.7272898614292203,-0.8640464994208008,-4.210301067786304e-07,-0.8640464994208008,-0.8640464994208008,-0.8640464994208008,0.0,b_to_a,nan,nan,nan,nan,traffic,1,2.2434686984389938,2.2434686984389938,2.154148212202216,-4.93489954678239e-07,2.154148212202216,2.154148212202216,2.154148212202216,0.0,,,,,,,,,0.7933701706071592,0.609104829069326,0.37100869279558024,True,True,0.0,0.0,0.0,True,4.93489954678239e-07,0.0,True,0.0,True,0.0,0.0,True,True,8,music,jam-lex-0,nan,False,0.0,False,3,2,nan,nan,nan,nan,True,True,False,0.0,multi_token_candidate,True,True,False,True,False,True,65.19180861446429,False,music,1,0.7722770341686264,1.0,1.0,1.0,1.0,1.0,True,True,True,True,True,True,True,True,jam,0
nan,nan,nan,nan,nan,nan,nan,nan,nan,258,0.0157470703125,True,True,True,-11.725034451006916,music,0.70507094733067,0.70507094733067,65.3864502284617,65.3864502284617,0.8353829023232657,0.8353829023232657,nan,nan,nan,nan,nan,nan,0.0,0.14982086247533566,nan,nan,0.0,0.14982086247533566,0.0,1.4039649271566335,1.25017639117819,1.0458866138750906,0.8634756851601644,0.35807831328156325,0.3867007060180221,0.05065169084393606,0.01593552271525471,0.5475791871540493,0.3518440064441316,0.2079522648012393,0.21225645840454987,-0.15012604848030264,-0.17444424761347377,0.35807831328156325,0.3867007060180221,0.05065169084393606,0.01593552271525471,0.5475791871540493,0.3518440064441316,0.22656380325755165,0.22656380325755165,0.35716704574539726,-3.416530702793352e-07,0.35716704574539726,0.35716704574539726,0.35716704574539726,0.0,-0.12117316339830264,-0.12117316339830264,-0.14039078338579403,-9.338780393441937e-07,-0.14039078338579403,-0.14039078338579403,-0.14039078338579403,0.0,b_to_a,nan,nan,nan,nan,traffic,1,0.3477369666558552,0.3477369666558552,0.49755782913119084,5.922249695089477e-07,0.49755782913119084,0.49755782913119084,0.49755782913119084,0.0,,,,,,,,,0.8909959183521731,0.4544135862286313,0.2064917073491689,True,True,0.0,0.0,0.0,True,5.922249695089477e-07,0.0,True,0.0,True,0.0,0.0,True,True,12,music,jam-lex-0,nan,False,0.0,False,3,2,nan,nan,nan,nan,True,True,False,0.0,multi_token_candidate,True,True,False,True,False,True,78.27123352251623,False,music,1,0.8718795936687377,1.0,1.0,1.0,1.0,1.0,True,True,True,True,True,True,True,True,jam,0
nan,nan,nan,nan,nan,nan,nan,nan,nan,131,0.00799560546875,True,True,True,0.4584255123574934,music,0.5650331889496036,0.5650331889496036,35.184229872179266,35.184229872179266,0.749691908017776,0.749691908017776,nan,nan,nan,nan,nan,nan,0.0,-0.0746878205705297,nan,nan,0.0,-0.0746878205705297,0.0,-0.39719916324172644,-0.6840134479519513,-0.5689109776366177,-0.6195941086786956,0.17171181439490013,-0.06441933927325749,0.03986273373070229,0.0205495351093603,0.6343589493608288,0.5281579650662104,0.4934200208590891,0.5878994080148185,0.32170820646419784,0.6523187472880743,0.17171181439490013,-0.06441933927325749,0.03986273373070229,0.0205495351093603,0.6343589493608288,0.5281579650662104,-0.611579910236145,-0.611579910236145,-0.7983248667600069,-8.282962422612172e-07,-0.7983248667600069,-0.7983248667600069,-0.7983248667600069,0.0,0.5400945639368437,0.5400945639368437,0.4280374279835115,-1.1891423579157845e-06,0.4280374279835115,0.4280374279835115,0.4280374279835115,0.0,a_to_b,nan,nan,nan,nan,music,1,-1.1516744741729887,-1.1516744741729887,-1.2263622947435184,3.6084611565456726e-07,-1.2263622947435184,-1.2263622947435184,-1.2263622947435184,0.0,,,,,,,,,0.8473557762375304,0.5323595833308065,0.28340672596415634,True,True,0.0,0.0,0.0,True,3.6084611565456726e-07,0.0,True,0.0,True,0.0,0.0,True,True,4,traffic,jam-lex-1,nan,False,0.0,False,2,3,nan,nan,nan,nan,False,True,False,0.0,multi_token_candidate,True,True,True,True,False,True,46.931585489842334,False,traffic,1,0.8096922994029981,1.0,1.0,1.0,1.0,1.0,True,True,True,True,True,True,True,True,jam,0
nan,nan,nan,nan,nan,nan,nan,nan,nan,102,0.0062255859375,True,True,True,0.4584255123574934,music,0.5048596949114436,0.5048596949114437,32.52367180437891,32.5236718043789,0.7171301114788722,0.717130111478872,nan,nan,nan,nan,nan,nan,0.0,0.19208152394691602,nan,nan,0.0,0.19208152394691602,0.0,-0.8191960464933388,-1.0465987087385678,-0.5901002429218654,-0.5320258810430456,-0.22909580357145032,-0.5145728276955133,0.14167111530923948,0.019065821266764912,0.6023650402127255,0.5007739982068635,0.06791300700887071,-0.45255812921701377,0.2970088105803441,0.06201469847850838,-0.22909580357145032,-0.5145728276955133,0.14167111530923948,0.019065821266764912,0.6023650402127255,0.5007739982068635,-0.4649042978361422,-0.4649042978361422,-0.1495532559892574,2.605410323042179e-07,-0.1495532559892574,-0.1495532559892574,-0.1495532559892574,0.0,0.24264815217081903,0.24264815217081903,0.3659176700707878,-7.126097347764926e-07,0.3659176700707878,0.3659176700707878,0.3659176700707878,0.0,a_to_b,nan,nan,nan,nan,music,1,-0.7075524500069612,-0.7075524500069612,-0.5154709260600452,9.731507670807105e-07,-0.5154709260600452,-0.5154709260600452,-0.5154709260600452,0.0,,,,,,,,,0.7995139702537082,0.6008977724605946,0.3610781329481124,True,True,0.0,0.0,0.0,True,9.731507670807105e-07,0.0,True,0.0,True,0.0,0.0,True,True,8,traffic,jam-lex-1,nan,False,0.0,False,2,3,nan,nan,nan,nan,False,True,False,0.0,multi_token_candidate,True,True,True,True,False,True,45.352539635113494,False,traffic,1,0.7821726444981516,1.0,1.0,1.0,1.0,1.0,True,True,True,True,True,True,True,True,jam,0
nan,nan,nan,nan,nan,nan,nan,nan,nan,241,0.01470947265625,True,True,True,0.4584255123574934,music,0.5926718451056603,0.5926718451056603,48.620689570357655,48.620689570357655,0.8470116372704637,0.8470116372704637,nan,nan,nan,nan,nan,nan,0.0,-0.16977831987410852,nan,nan,0.0,-0.16977831987410852,0.0,-0.28788207047504244,0.11071387593572801,-0.07864071237492176,-0.286331608697612,-0.2092413581001189,0.397045484633356,0.10378993977899861,0.04610739143561397,0.6163564078962883,0.628720986548772,0.3269364856955086,0.8463725451598538,0.5361778437956293,0.44932706052651383,-0.2092413581001189,0.397045484633356,0.10378993977899861,0.04610739143561397,0.6163564078962883,0.628720986548772,-0.3157479749363752,-0.3157479749363752,-0.26141193029500975,-5.142190815377035e-07,-0.26141193029500975,-0.26141193029500975,-0.26141193029500975,0.0,0.33452431897618595,0.33452431897618595,0.5586386834916599,-6.996640333767346e-07,0.5586386834916599,0.5586386834916599,0.5586386834916599,0.0,a_to_b,nan,nan,nan,nan,music,1,-0.6502722939125611,-0.6502722939125611,-0.8200506137866697,1.854449518390311e-07,-0.8200506137866697,-0.8200506137866697,-0.8200506137866697,0.0,,,,,,,,,0.8946343226777069,0.44756928961540055,0.20031826900683727,True,True,0.0,0.0,0.0,True,1.854449518390311e-07,0.0,True,0.0,True,0.0,0.0,True,True,12,traffic,jam-lex-1,nan,False,0.0,False,2,3,nan,nan,nan,nan,False,True,False,0.0,multi_token_candidate,True,True,True,True,False,True,57.40262285774514,False,traffic,1,0.8683885550220163,1.0,1.0,1.0,1.0,1.0,True,True,True,True,True,True,True,True,jam,0
nan,nan,nan,nan,nan,nan,nan,nan,nan,111,0.00677490234375,True,True,True,-5.516903171604774,music,0.5650331889496036,0.5650331889496036,35.184229872179266,35.184229872179266,0.749691908017776,0.749691908017776,nan,nan,nan,nan,nan,nan,0.0,-0.20301772173182187,nan,nan,0.0,-0.20301772173182187,0.0,-0.2177301276244079,-0.45344786638608214,-1.6204494520640864,-1.092648782210805,1.4027193244396905,0.6392009158247376,0.047289827939109554,0.06853445908713902,0.598635614491319,0.3379345254618995,1.1695039297926169,0.919813291149735,-0.2332153946470621,0.2806123753250107,1.4027193244396905,0.6392009158247376,0.047289827939109554,0.06853445908713902,0.598635614491319,0.3379345254618995,-1.506726625637599,-1.506726625637599,-1.1903418511290678,4.7268946090639474e-07,-1.1903418511290678,-1.1903418511290678,-1.1903418511290678,0.0,-0.22017546989895553,-0.22017546989895553,0.29922702634139764,1.3883902862943387e-06,0.29922702634139764,0.29922702634139764,0.29922702634139764,0.0,b_to_a,nan,nan,nan,nan,traffic,1,-1.2865511557386435,-1.2865511557386435,-1.4895688774704654,-9.15700825387944e-07,-1.4895688774704654,-1.4895688774704654,-1.4895688774704654,0.0,,,,,,,,,0.8309881832197971,0.558626577372028,0.3120636529463942,True,True,0.0,0.0,0.0,True,9.15700825387944e-07,0.0,True,0.0,True,0.0,0.0,True,True,4,music,jam-lex-1,nan,False,0.0,False,3,2,nan,nan,nan,nan,True,True,False,0.0,multi_token_candidate,True,True,False,True,False,True,46.931585489842334,False,music,1,0.7799488493944463,1.0,1.0,1.0,1.0,1.0,True,True,True,True,True,True,True,True,jam,0
nan,nan,nan,nan,nan,nan,nan,nan,nan,87,0.00531005859375,True,True,True,-5.516903171604774,music,0.5048596949114436,0.5048596949114437,32.52367180437891,32.5236718043789,0.7171301114788722,0.717130111478872,nan,nan,nan,nan,nan,nan,0.0,0.8677053164208957,nan,nan,0.0,0.8677053164208957,0.0,0.8111674639868971,0.3803103950939377,-1.0116159410925807,-0.5681805745460675,1.8227834050794627,0.9484909696400159,0.3678893917439549,0.2400554153461947,0.7311894287932026,0.4370174600921139,1.0885756391038957,0.44752915061560294,-0.7342077659755839,-0.5009618190244032,1.8227834050794627,0.9484909696400159,0.3678893917439549,0.2400554153461947,0.7311894287932026,0.4370174600921139,-1.9146873111375822,-1.9146873111375822,-0.8455201021461285,-4.240999373905652e-07,-0.8455201021461285,-0.8455201021461285,-0.8455201021461285,0.0,-0.7126366745582482,-0.7126366745582482,-0.5111747819876902,3.4774777990520533e-07,-0.5111747819876902,-0.5111747819876902,-0.5111747819876902,0.0,b_to_a,nan,nan,nan,nan,traffic,1,-1.202050636579334,-1.202050636579334,-0.3343453201584383,-7.718477172957705e-07,-0.3343453201584383,-0.3343453201584383,-0.3343453201584383,0.0,,,,,,,,,0.7774160243969632,0.629271594894849,0.3959827401415158,True,True,0.0,0.0,0.0,True,7.718477172957705e-07,0.0,True,0.0,True,0.0,0.0,True,True,8,music,jam-lex-1,nan,False,0.0,False,3,2,nan,nan,nan,nan,True,True,False,0.0,multi_token_candidate,True,True,False,True,False,True,45.352539635113494,False,music,1,0.7584841694773871,1.0,1.0,1.0,1.0,1.0,True,True,True,True,True,True,True,True,jam,0
nan,nan,nan,nan,nan,nan,nan,nan,nan,209,0.01275634765625,True,True,True,-5.516903171604774,music,0.5926718451056603,0.5926718451056603,48.620689570357655,48.620689570357655,0.8470116372704637,0.8470116372704637,nan,nan,nan,nan,nan,nan,0.0,1.114156984562955,nan,nan,0.0,1.114156984562955,0.0,-0.09009186623167631,-0.8222541835322064,-1.0383554945939188,-0.42724904093294747,0.9482636283622412,-0.3950051425992527,0.10928110727010903,0.0593914402776362,0.4623289047086741,0.4778363167392713,0.43695829262579267,-0.5565732689596121,-0.5113053357364512,-0.16156812636035323,0.9482636283622412,-0.3950051425992527,0.10928110727010903,0.0593914402776362,0.4623289047086741,0.4778363167392713,-1.928425387626687,-1.928425387626687,-0.5700231163544878,-4.833861115827176e-07,-0.5700231163544878,-0.5700231163544878,-0.5700231163544878,0.0,-0.4210913459317398,-0.4210913459317398,-0.17684605922249563,-2.8661877138347336e-07,-0.17684605922249563,-0.17684605922249563,-0.17684605922249563,0.0,b_to_a,nan,nan,nan,nan,traffic,1,-1.5073340416949472,-1.5073340416949472,-0.39317705713199214,-1.9676734019924425e-07,-0.39317705713199214,-0.39317705713199214,-0.39317705713199214,0.0,,,,,,,,,0.8860045071957663,0.4646859810446748,0.2159330609794547,True,True,0.0,0.0,0.0,True,1.9676734019924425e-07,0.0,True,0.0,True,0.0,0.0,True,True,12,music,jam-lex-1,nan,False,0.0,False,3,2,nan,nan,nan,nan,True,True,False,0.0,multi_token_candidate,True,True,False,True,False,True,57.40262285774514,False,music,1,0.8553932715025245,1.0,1.0,1.0,1.0,1.0,True,True,True,True,True,True,True,True,jam,0
nan,nan,nan,nan,nan,nan,nan,nan,nan,121,0.00738525390625,True,True,True,-7.674276269652443,traffic,0.6770816726157676,0.6770816726157677,47.17705978833804,47.17705978833804,0.7892054136461443,0.7892054136461443,nan,nan,nan,nan,nan,nan,0.0,-1.6133396777821396,nan,nan,0.0,-1.6133396777821396,0.0,0.8278731147303677,0.665501889851619,0.14708021032363838,-0.3300157086763509,0.6807929044067755,0.9955175985280178,0.17073247072038045,0.21323332232498426,1.0379362480568248,1.129221856714049,-3.5376882236997744,-2.565517429920348,-4.218481128106505,-3.5610350284483188,0.6807929044067755,0.9955175985280178,0.17073247072038045,0.21323332232498426,1.0379362480568248,1.129221856714049,0.8084903011715294,0.8084903011715294,-0.3871214655044959,5.112218364189403e-07,-0.3871214655044959,-0.3871214655044959,-0.3871214655044959,0.0,-3.792868544742017,-3.792868544742017,-3.375140633635903,1.2203080066441885e-06,-3.375140633635903,-3.375140633635903,-3.375140633635903,0.0,a_to_b,nan,nan,nan,nan,music,1,4.601358845913547,4.601358845913547,2.988019168131407,-7.090861702252482e-07,2.988019168131407,2.988019168131407,2.988019168131407,0.0,,,,,,,,,0.8640101561513641,0.5043194813912679,0.25433813931076305,True,True,0.0,0.0,0.0,True,7.090861702252482e-07,0.0,True,0.0,True,0.0,0.0,True,True,4,traffic,jam-lex-2,nan,False,0.0,False,2,3,nan,nan,nan,nan,False,True,False,0.0,multi_token_candidate,True,True,True,True,False,True,59.77792216398911,False,traffic,1,0.8348264407698279,1.0,1.0,1.0,1.0,1.0,True,True,True,True,True,True,True,True,jam,0
nan,nan,nan,nan,nan,nan,nan,nan,nan,92,0.005615234375,True,True,True,-7.674276269652443,traffic,0.6354329908322431,0.6354329908322431,42.46936258233564,42.46936258233564,0.7511069161974098,0.7511069161974098,nan,nan,nan,nan,nan,nan,0.0,-1.6699271924503511,nan,nan,0.0,-1.6699271924503511,0.0,0.591751938584455,-0.01157110865948674,0.3222063523728522,0.7046425123673963,0.2695455862116205,-0.7162136210268741,0.07530760868326937,0.21974348156420173,1.1389994301994493,1.2206155437112045,-2.5516066758561493,-1.288183622938071,-2.821152262067752,-0.5719700019111889,0.2695455862116205,-0.7162136210268741,0.07530760868326937,0.21974348156420173,1.1389994301994493,1.2206155437112045,1.4986877651951538,1.4986877651951538,2.0123288590940316,7.238184274171999e-07,2.0123288590940316,2.0123288590940316,2.0123288590940316,0.0,-2.498628167072942,-2.498628167072942,-0.31505988072371327,1.028153628901407e-06,-0.31505988072371327,-0.31505988072371327,-0.31505988072371327,0.0,a_to_b,nan,nan,nan,nan,music,1,3.997315932268096,3.997315932268096,2.327388739817745,-3.043352014842071e-07,2.327388739817745,2.327388739817745,2.327388739817745,0.0,,,,,,,,,0.7831573857583525,0.6229127611439349,0.38802030799596915,True,True,0.0,0.0,0.0,True,3.043352014842071e-07,0.0,True,0.0,True,0.0,0.0,True,True,8,traffic,jam-lex-2,nan,False,0.0,False,2,3,nan,nan,nan,nan,False,True,False,0.0,multi_token_candidate,True,True,True,True,False,True,56.54236656126546,False,traffic,1,0.7463362116349246,1.0,1.0,1.0,1.0,1.0,True,True,True,True,True,True,True,True,jam,0
nan,nan,nan,nan,nan,nan,nan,nan,nan,231,0.01409912109375,True,True,True,-7.674276269652443,traffic,0.6633960413236326,0.663396041323633,55.60970175079086,55.60970175079086,0.8660628179698577,0.8660628179698577,nan,nan,nan,nan,nan,nan,0.0,-1.61256794953937,nan,nan,0.0,-1.61256794953937,0.0,0.45591904736829925,-0.2183689143009051,0.6943541041013361,-0.15052015746149827,-0.23843505673303866,-0.06784875683938196,0.07743972834385242,0.07912385549653947,1.1897498264508768,1.1587552374453305,-2.9951851205472764,-1.8414180643084812,-2.7567500638142413,-1.7735693074690744,-0.23843505673303866,-0.06784875683938196,0.07743972834385242,0.07912385549653947,1.1897498264508768,1.1587552374453305,1.3929663723332446,1.3929663723332446,0.538045907372128,2.653051911494231e-07,0.538045907372128,0.538045907372128,0.538045907372128,0.0,-2.432476867914003,-2.432476867914003,-1.6748293833357497,1.3043351607677778e-06,-1.6748293833357497,-1.6748293833357497,-1.6748293833357497,0.0,a_to_b,nan,nan,nan,nan,music,1,3.825443240247248,3.825443240247248,2.2128752907078777,-1.0390299696183547e-06,2.2128752907078777,2.2128752907078777,2.2128752907078777,0.0,,,,,,,,,0.8912641344538702,0.4545322324452752,0.20659955033168906,True,True,0.0,0.0,0.0,True,1.0390299696183547e-06,0.0,True,0.0,True,0.0,0.0,True,True,12,traffic,jam-lex-2,nan,False,0.0,False,2,3,nan,nan,nan,nan,False,True,False,0.0,multi_token_candidate,True,True,True,True,False,True,64.20977854833423,False,traffic,1,0.8604208581120518,1.0,1.0,1.0,1.0,1.0,True,True,True,True,True,True,True,True,jam,0
nan,nan,nan,nan,nan,nan,nan,nan,nan,127,0.00775146484375,True,True,True,-9.199428021380307,music,0.6770816726157676,0.6770816726157677,47.17705978833804,47.17705978833804,0.7892054136461443,0.7892054136461443,nan,nan,nan,nan,nan,nan,0.0,-0.39066453116607214,nan,nan,0.0,-0.39066453116607214,0.0,2.33041537130749,0.6164561310508194,0.4293651517830419,0.20729296398636698,1.9010502195244214,0.409163167064424,0.049340771160098315,0.05681122936048452,0.8558695472897496,0.4660027300906603,2.7172451801766524,1.2863329844462452,0.8161949606522025,0.877169817381791,1.9010502195244214,0.409163167064424,0.049340771160098315,0.05681122936048452,0.8558695472897496,0.4660027300906603,0.2304377927890311,0.2304377927890311,-0.09957775854463868,3.0798043582080936e-06,-0.09957775854463868,-0.09957775854463868,-0.09957775854463868,0.0,0.7559485819870169,0.7559485819870169,0.8165975618194183,4.096345298520987e-07,0.8165975618194183,0.8165975618194183,0.8165975618194183,0.0,b_to_a,nan,nan,nan,nan,traffic,1,-0.5255107891979858,-0.5255107891979858,-0.9161753203640579,2.6701698274678165e-06,-0.9161753203640579,-0.9161753203640579,-0.9161753203640579,0.0,,,,,,,,,0.8485216326856025,0.5299850037403424,0.2808841041896577,True,True,0.0,0.0,0.0,True,2.6701698274678165e-06,0.0,True,0.0,True,0.0,0.0,True,True,4,music,jam-lex-2,nan,False,0.0,False,3,2,nan,nan,nan,nan,True,True,False,0.0,multi_token_candidate,True,True,False,True,False,True,59.77792216398911,False,music,1,0.8189739538410594,1.0,1.0,1.0,1.0,1.0,True,True,True,True,True,True,True,True,jam,0
nan,nan,nan,nan,nan,nan,nan,nan,nan,91,0.00555419921875,True,True,True,-9.199428021380307,music,0.6354329908322431,0.6354329908322431,42.46936258233564,42.46936258233564,0.7511069161974098,0.7511069161974098,nan,nan,nan,nan,nan,nan,0.0,0.06715060520620852,nan,nan,0.0,0.06715060520620852,0.0,0.6952084012640132,0.2810018863571164,0.7255572957698568,0.6020083854024438,-0.03034889450584899,-0.3210064990453567,0.014503261057890833,0.01089741110899759,0.31024294540329245,0.39455715104116607,0.17956660850745365,-0.2761862362223795,0.20991550301329642,0.04482026282294704,-0.03034889450584899,-0.3210064990453567,0.014503261057890833,0.01089741110899759,0.31024294540329245,0.39455715104116607,0.45756534581425967,0.45756534581425967,0.3381610316714365,1.3161192153887669e-06,0.3381610316714365,0.3381610316714365,0.3381610316714365,0.0,0.22806010747257144,0.22806010747257144,0.04150518812354065,8.367784678497969e-07,0.04150518812354065,0.04150518812354065,0.04150518812354065,0.0,b_to_a,nan,nan,nan,nan,traffic,1,0.22950523834168735,0.22950523834168735,0.29665584354789587,4.793407484271484e-07,0.29665584354789587,0.29665584354789587,0.29665584354789587,0.0,,,,,,,,,0.7648663189174163,0.6451464763763034,0.4162139759807701,True,True,0.0,0.0,0.0,True,4.793407484271484e-07,0.0,True,0.0,True,0.0,0.0,True,True,8,music,jam-lex-2,nan,False,0.0,False,3,2,nan,nan,nan,nan,True,True,False,0.0,multi_token_candidate,True,True,False,True,False,True,56.54236656126546,False,music,1,0.729731410421012,1.0,1.0,1.0,1.0,1.0,True,True,True,True,True,True,True,True,jam,0
nan,nan,nan,nan,nan,nan,nan,nan,nan,237,0.01446533203125,True,True,True,-9.199428021380307,music,0.6633960413236326,0.6633960413236328,55.60970175079086,55.60970175079086,0.8660628179698577,0.8660628179698577,nan,nan,nan,nan,nan,nan,0.0,-0.042423540468945475,nan,nan,0.0,-0.042423540468945475,0.0,0.7689343939307776,0.8168812895112465,0.5760759318452635,0.4828464742529839,0.19285846208550694,0.33403481525825285,0.01171367201896025,0.012129418441852464,0.265905210191069,0.32022551230126006,0.3903740769994908,0.49493307791047236,0.19751561491397673,0.1608982626522093,0.19285846208550694,0.33403481525825285,0.01171367201896025,0.012129418441852464,0.265905210191069,0.32022551230126006,0.4970624964651602,0.4970624964651602,0.4319596970221298,4.836167057931107e-07,0.4319596970221298,0.4319596970221298,0.4319596970221298,0.0,0.197987520182072,0.197987520182072,0.17530826120798793,-1.1531517518648116e-07,0.17530826120798793,0.17530826120798793,0.17530826120798793,0.0,b_to_a,nan,nan,nan,nan,traffic,1,0.2990749762830873,0.2990749762830873,0.25665143581414185,5.989318800914134e-07,0.25665143581414185,0.25665143581414185,0.25665143581414185,0.0,,,,,,,,,0.8966107389525942,0.44363035026518616,0.19680788767641466,True,True,0.0,0.0,0.0,True,5.989318800914134e-07,0.0,True,0.0,True,0.0,0.0,True,True,12,music,jam-lex-2,nan,False,0.0,False,3,2,nan,nan,nan,nan,True,True,False,0.0,multi_token_candidate,True,True,False,True,False,True,64.20977854833423,False,music,1,0.8698020671926644,1.0,1.0,1.0,1.0,1.0,True,True,True,True,True,True,True,True,jam,0
nan,nan,nan,nan,nan,nan,nan,nan,nan,120,0.00732421875,True,True,True,-2.0374651570187794,traffic,0.5187675805190355,0.5187675805190355,26.955187875552724,26.955187875552724,0.7702432126339545,0.7702432126339545,nan,nan,nan,nan,nan,nan,0.0,-0.07500403496511687,nan,nan,0.0,-0.07500403496511687,0.0,0.1396171745497412,-0.21093988097235084,0.4773303727940057,0.29603378087491095,-0.3377131982442201,-0.5069736618472831,0.015799083043784346,0.0073326727448653085,0.8810021913443349,0.650296453012648,-0.5321353666722555,-1.2073064657917154,-0.19442216842799098,-0.7003328039444536,-0.3377131982442201,-0.5069736618472831,0.015799083043784346,0.0073326727448653085,0.8810021913443349,0.650296453012648,0.187218899232791,0.187218899232791,-0.06304194293188026,-6.520194517634081e-07,-0.06304194293188026,-0.06304194293188026,-0.06304194293188026,0.0,-0.4750047348167481,-0.4750047348167481,-0.6502615420163025,-1.3910728267063632e-06,-0.6502615420163025,-0.6502615420163025,-0.6502615420163025,0.0,a_to_b,nan,nan,nan,nan,music,1,0.6622236340495391,0.6622236340495391,0.5872195990844222,7.390533749429551e-07,0.5872195990844222,0.5872195990844222,0.5872195990844222,0.0,,,,,,,,,0.8461151966292897,0.5352756226932625,0.28651999224966634,True,True,0.0,0.0,0.0,True,7.390533749429551e-07,0.0,True,0.0,True,0.0,0.0,True,True,4,traffic,jam-lex-3,nan,False,0.0,False,2,3,nan,nan,nan,nan,False,True,False,0.0,multi_token_candidate,True,True,True,True,False,True,34.99568374432757,False,traffic,1,0.7968108538521195,1.0,1.0,1.0,1.0,1.0,True,True,True,True,True,True,True,True,jam,0
nan,nan,nan,nan,nan,nan,nan,nan,nan,88,0.00537109375,True,True,True,-2.0374651570187794,traffic,0.5061203321770058,0.5061203321770058,27.957116930221815,27.957116930221815,0.8673387624891092,0.8673387624891092,nan,nan,nan,nan,nan,nan,0.0,0.15934081598789085,nan,nan,0.0,0.15934081598789085,0.0,0.030975001969489213,0.5752810903475556,0.5460883135067949,0.2756749218696619,-0.5151133115373057,0.2996061684778901,0.012707056089815042,0.015077149981669091,0.8189430743340651,0.6938752258650673,-0.8514681369815325,-0.20443970621758645,-0.3363548254442268,-0.5040458746954801,-0.5151133115373057,0.2996061684778901,0.012707056089815042,0.015077149981669091,0.8189430743340651,0.6938752258650673,0.5259832449823509,0.5259832449823509,0.46310391201138223,-7.769957495185054e-07,0.46310391201138223,0.46310391201138223,0.46310391201138223,0.0,-0.551228123230258,-0.551228123230258,-0.7734482721891176,-8.188425546507005e-07,-0.7734482721891176,-0.7734482721891176,-0.7734482721891176,0.0,a_to_b,nan,nan,nan,nan,music,1,1.077211368212609,1.077211368212609,1.2365521842004998,4.1846805132195186e-08,1.2365521842004998,1.2365521842004998,1.2365521842004998,0.0,,,,,,,,,0.7832476524563287,0.62253667987969,0.3875519177956352,True,True,0.0,0.0,0.0,True,4.1846805132195186e-08,0.0,True,0.0,True,0.0,0.0,True,True,8,traffic,jam-lex-3,nan,False,0.0,False,2,3,nan,nan,nan,nan,False,True,False,0.0,multi_token_candidate,True,True,True,True,False,True,32.23321513959531,False,traffic,1,0.7511726953404475,1.0,1.0,1.0,1.0,1.0,True,True,True,True,True,True,True,True,jam,0
nan,nan,nan,nan,nan,nan,nan,nan,nan,234,0.0142822265625,True,True,True,-2.0374651570187794,traffic,0.560341893723621,0.560341893723621,35.290984561519466,35.290984561519466,0.9084620373268754,0.9084620373268754,nan,nan,nan,nan,nan,nan,0.0,-0.6135411781485178,nan,nan,0.0,-0.6135411781485178,0.0,-0.64321297307146,-0.94558590472543,-0.016441302874115493,-0.6437836428103321,-0.626771670197396,-0.3018022619151175,0.010372740031040639,0.0059270307562699995,0.8329010512442495,0.6364607216327662,-0.7288699015979532,0.0431622687037283,-0.1020982314006087,0.34496453061882626,-0.626771670197396,-0.3018022619151175,0.010372740031040639,0.0059270307562699995,0.8329010512442495,0.6364607216327662,0.0897144003392416,0.0897144003392416,-0.23539569808204952,-3.836056574613167e-07,-0.23539569808204952,-0.23539569808204952,-0.23539569808204952,0.0,-0.11966514025476904,-0.11966514025476904,0.16876593947245766,-1.7467349344713057e-07,0.16876593947245766,0.16876593947245766,0.16876593947245766,0.0,a_to_b,nan,nan,nan,nan,music,1,0.20937954059401065,0.20937954059401065,-0.4041616375545072,-2.0893216401418613e-07,-0.4041616375545072,-0.4041616375545072,-0.4041616375545072,0.0,,,,,,,,,0.8991138933582088,0.43858598573637464,0.1923576668843503,True,True,0.0,0.0,0.0,True,2.0893216401418613e-07,0.0,True,0.0,True,0.0,0.0,True,True,12,traffic,jam-lex-3,nan,False,0.0,False,2,3,nan,nan,nan,nan,False,True,False,0.0,multi_token_candidate,True,True,True,True,False,True,38.8469557466179,False,traffic,1,0.8714831113550155,1.0,0.0,1.0,0.0,1.0,True,True,True,True,True,True,True,True,jam,0
nan,nan,nan,nan,nan,nan,nan,nan,nan,116,0.007080078125,True,True,True,-5.546812481803119,music,0.5187675805190355,0.5187675805190355,26.955187875552724,26.955187875552724,0.7702432126339545,0.7702432126339545,nan,nan,nan,nan,nan,nan,0.0,-0.25423322116670555,nan,nan,0.0,-0.25423322116670555,0.0,0.21273783677126534,0.006021082503904651,-0.10175239781407797,-0.18831415110932248,0.3144902345853815,0.1943352336132449,0.004790942819490144,0.006479423385207751,0.27931503657848655,0.24369766715996805,0.10008442474447143,-0.15658989615278074,-0.21440580984087276,-0.35092512976600876,0.3144902345853815,0.1943352336132449,0.004790942819490144,0.006479423385207751,0.27931503657848655,0.24369766715996805,-0.0938293246827655,-0.0938293246827655,-0.423873706792099,-3.7487482273945716e-07,-0.423873706792099,-0.423873706792099,-0.423873706792099,0.0,-0.18125188774199064,-0.18125188774199064,-0.2570630486846186,-1.3962064793204831e-06,-0.2570630486846186,-0.2570630486846186,-0.2570630486846186,0.0,b_to_a,nan,nan,nan,nan,traffic,1,0.08742256305922513,0.08742256305922513,-0.16681065810748041,1.021331656581026e-06,-0.16681065810748041,-0.16681065810748041,-0.16681065810748041,0.0,,,,,,,,,0.8419200740327953,0.540942027726468,0.2926182773608297,True,True,0.0,0.0,0.0,True,1.021331656581026e-06,0.0,True,0.0,True,0.0,0.0,True,True,4,music,jam-lex-3,nan,False,0.0,False,3,2,nan,nan,nan,nan,True,True,False,0.0,multi_token_candidate,True,True,False,True,False,True,34.99568374432757,False,music,1,0.8038715731396178,1.0,0.0,1.0,0.0,1.0,True,True,True,True,True,True,True,True,jam,0
nan,nan,nan,nan,nan,nan,nan,nan,nan,81,0.00494384765625,True,True,True,-5.546812481803119,music,0.5061203321770058,0.5061203321770057,27.957116930221815,27.95711693022182,0.8673387624891092,0.8673387624891093,nan,nan,nan,nan,nan,nan,0.0,-0.09712446776218808,nan,nan,0.0,-0.09712446776218808,0.0,0.6395319769226742,0.528575555657941,-0.077683964337945,-0.1871645458701945,0.717215941260644,0.7157401015281657,0.01441493539751897,0.01227669579801788,0.40780274233408265,0.425338648947345,0.4657429489330731,0.6331281305085437,-0.25147299232754605,-0.08261197101959183,0.717215941260644,0.7157401015281657,0.01441493539751897,0.01227669579801788,0.40780274233408265,0.425338648947345,-0.1646963159607413,-0.1646963159607413,-0.13530064807014242,1.55649912692013e-06,-0.13530064807014242,-0.13530064807014242,-0.13530064807014242,0.0,-0.2186686624639549,-0.2186686624639549,-0.09214852681116792,4.966337385781117e-07,-0.09214852681116792,-0.09214852681116792,-0.09214852681116792,0.0,b_to_a,nan,nan,nan,nan,traffic,1,0.053972346503213586,0.053972346503213586,-0.043152121258974496,1.0598653883420184e-06,-0.043152121258974496,-0.043152121258974496,-0.043152121258974496,0.0,,,,,,,,,0.7651511753430447,0.6445171631562154,0.4154023736029447,True,True,0.0,0.0,0.0,True,1.0598653883420184e-06,0.0,True,0.0,True,0.0,0.0,True,True,8,music,jam-lex-3,nan,False,0.0,False,3,2,nan,nan,nan,nan,True,True,False,0.0,multi_token_candidate,True,True,False,True,False,True,32.23321513959531,False,music,1,0.7358476818347899,1.0,0.0,1.0,0.0,1.0,True,True,True,True,True,True,True,True,jam,0
nan,nan,nan,nan,nan,nan,nan,nan,nan,235,0.01434326171875,True,True,True,-5.546812481803119,music,0.560341893723621,0.560341893723621,35.290984561519466,35.290984561519466,0.9084620373268754,0.9084620373268754,nan,nan,nan,nan,nan,nan,0.0,-0.1174415412927372,nan,nan,0.0,-0.1174415412927372,0.0,0.6328612244351906,0.30265882321455795,0.05987077806053698,-0.11991924031826251,0.5729904463747033,0.4225780635328533,0.01771400710207335,0.004404623897946457,0.40822919564362087,0.22537107725661432,0.3287987409544719,0.3603057830494887,-0.24419170542018254,-0.06227228048333355,0.5729904463747033,0.4225780635328533,0.01771400710207335,0.004404623897946457,0.40822919564362087,0.22537107725661432,-0.13662510178885512,-0.13662510178885512,-0.0928506081464171,3.600032556505539e-07,-0.0928506081464171,-0.0928506081464171,-0.0928506081464171,0.0,-0.18685609347137877,-0.18685609347137877,-0.025640058536203547,-4.6157332000973383e-07,-0.025640058536203547,-0.025640058536203547,-0.025640058536203547,0.0,b_to_a,nan,nan,nan,nan,traffic,1,0.05023099168252365,0.05023099168252365,-0.06721054961021355,8.215765756602877e-07,-0.06721054961021355,-0.06721054961021355,-0.06721054961021355,0.0,,,,,,,,,0.8923264685439258,0.45195368118225326,0.20426212993419274,True,True,0.0,0.0,0.0,True,8.215765756602877e-07,0.0,True,0.0,True,0.0,0.0,True,True,12,music,jam-lex-3,nan,False,0.0,False,3,2,nan,nan,nan,nan,True,True,False,0.0,multi_token_candidate,True,True,False,True,False,True,38.8469557466179,False,music,1,0.8697730564236495,1.0,0.0,1.0,0.0,1.0,True,True,True,True,True,True,True,True,jam,0
0.00018392295447604198,0.00018044177560233175,0.00016342891729718861,0.013722890158248503,0.016234747918862535,0.017579660089834394,0.9860931868872755,0.9835848103055351,0.9822569109928685,109,0.00665283203125,True,True,True,-4.312303587783999,stamp,0.637602628954598,0.637602628954598,38.620571518583695,38.620571518583695,0.7395327782483216,0.7395327782483216,-3.481178873710226e-06,-2.0494037178853363e-05,0.002511857760614033,0.0038567699315858912,-0.0025083765817404124,-0.0038362758944070485,0.0,-0.17861869228833704,-0.09903001368371633,0.07958867860461893,0.0,-0.17861869228833704,0.0,-1.0641835186790656,-0.6389110195664016,-0.00473913679005733,-0.11441808873595427,-1.0594443818890014,-0.5244929308304567,0.008038003958327777,0.01155666995912748,0.8143941083178449,0.3623783770706787,-0.9599781265127415,-0.5987609278196886,0.0994662553762673,-0.07426799698924036,-1.0594443818890014,-0.5244929308304567,0.008038003958327777,0.01155666995912748,0.8143941083178449,0.3623783770706787,-0.019108791350367582,-0.019108791350367582,-0.11813880503408569,3.1960348874093825e-06,-0.11813880503408569,-0.11813880503408569,-0.11813880503408569,0.0,0.16808862536916003,0.16808862536916003,0.24767730397377896,1.139890226653506e-06,0.24767730397377896,0.24767730397377896,0.24767730397377896,0.0,a_to_b,-0.019108791350367582,-0.11813880503408392,0.16808862536916003,0.24767730397377896,animal,1,-0.1871974167195276,-0.1871974167195276,-0.36581610900786465,2.0561446607558764e-06,-0.36581610900786465,-0.36581610900786465,-0.36581610900786465,0.0,,,,,,,,,0.8945853670049526,0.4471230752756771,0.19991904444398323,True,True,0.0,0.0,0.0,True,2.0561446607558764e-06,0.0,True,0.0,True,0.0,0.0,True,True,4,stamp,seal-lex-0,8.881784197001252e-16,True,1.0,True,3,3,-0.1871974167195276,-0.3658161090078629,0.0,-1.7763568394002505e-15,True,True,True,1.0,ok,True,True,True,True,True,True,52.222934066643376,False,stamp,1,0.8803718768153352,1.0,1.0,1.0,1.0,1.0,True,True,True,True,True,True,True,True,seal,0
0.00018392295447604198,0.0002600681991715847,0.00021058850532141698,0.013722890158248503,0.014396112204442577,0.012477610419976871,0.9860931868872755,0.9853438195963858,0.9873118010747017,94,0.0057373046875,True,True,True,-4.312303587783999,stamp,0.5633902150591104,0.5633902150591104,40.90992145403554,40.90992145403554,0.7483418442844588,0.7483418442844588,7.61452446955427e-05,2.6665550845375e-05,0.000673222046194074,-0.0012452797382716315,-0.000749367290889702,0.0012186141874261924,0.0,-0.06801557105870515,-0.21103788353556396,-0.14302231247685881,0.0,-0.06801557105870515,0.0,-0.23443809901121426,0.03306628257442812,0.36873263576877235,0.13403953192719698,-0.6031707347799777,-0.10097324935278706,0.015721221725768703,0.00195457953155691,0.44120500131622226,0.17164468739150707,-0.18772164811464664,-0.0340169173308682,0.4154490866653404,0.0669563320218991,-0.6031707347799777,-0.10097324935278706,0.015721221725768703,0.00195457953155691,0.44120500131622226,0.17164468739150707,0.34642695688058467,0.34642695688058467,0.1353890733450207,-6.011679865025599e-07,0.1353890733450207,0.1353890733450207,0.1353890733450207,0.0,0.047892931279538864,0.047892931279538864,-0.09512938119731995,-2.594218102558443e-07,-0.09512938119731995,-0.09512938119731995,-0.09512938119731995,0.0,a_to_b,0.34642695688058467,0.1353890733450207,0.047892931279538864,-0.09512938119731995,animal,1,0.2985340256010458,0.2985340256010458,0.23051845454234066,-3.4174617624671555e-07,0.23051845454234066,0.23051845454234066,0.23051845454234066,0.0,,,,,,,,,0.7949369800933548,0.6069746087076241,0.36841817561578105,True,True,0.0,0.0,0.0,True,3.4174617624671555e-07,0.0,True,0.0,True,0.0,0.0,True,True,8,stamp,seal-lex-0,8.881784197001252e-16,True,1.0,True,3,3,0.2985340256010458,0.23051845454234066,0.0,0.0,True,True,True,1.0,ok,True,True,True,True,True,True,54.66742474243483,False,stamp,1,0.7764173166049234,1.0,1.0,1.0,1.0,1.0,True,True,True,True,True,True,True,True,seal,0
0.00018392295447604198,0.00022435011014368178,0.000367401459538139,0.013722890158248503,0.0168727728712727,0.019949968323168327,0.9860931868872755,0.9829028770185837,0.9796826302172935,240,0.0146484375,True,True,True,-4.312303587783999,stamp,0.6748438310695389,0.6748438310695389,61.07097006331923,61.07097006331924,0.8501270635842875,0.8501270635842875,4.04271556676398e-05,0.000183478505062097,0.0031498827130241984,0.006227078164919825,-0.003190309868691843,-0.006410556669982026,0.0,0.3257210165454101,0.4932473220188349,0.16752630547342395,0.0,0.3257210165454101,0.0,0.3278519984635091,0.49921143720568306,0.2383534886808718,0.7684674775908,0.08949850978262397,-0.26925604038514805,0.015793020421424962,0.03637363537033473,0.2909447620816748,0.2756318508057233,0.6164938699518361,0.3568955803595468,0.5269953601691988,0.6261516207446629,0.08949850978262397,-0.26925604038514805,0.015793020421424962,0.03637363537033473,0.2909447620816748,0.2756318508057233,0.1986908791224078,0.1986908791224078,0.6919382011412427,7.191822195551367e-07,0.6919382011412427,0.6919382011412427,0.6919382011412427,0.0,0.20663599700298718,0.20663599700298718,0.374162302476412,2.2762078444316103e-08,0.374162302476412,0.374162302476412,0.374162302476412,0.0,a_to_b,0.1986908791224078,0.6919382011412427,0.20663599700298718,0.37416230247641113,animal,1,-0.007945117880579389,-0.007945117880579389,0.3177758986648307,6.964201411108206e-07,0.3177758986648307,0.3177758986648307,0.3177758986648307,0.0,,,,,,,,,0.895488613412728,0.445217447577413,0.19821857562734901,True,True,0.0,0.0,0.0,True,6.964201411108206e-07,0.0,True,0.0,True,0.0,0.0,True,True,12,stamp,seal-lex-0,8.881784197001252e-16,True,1.0,True,3,3,-0.007945117880579389,0.3177758986648316,0.0,-8.881784197001252e-16,True,True,True,1.0,ok,True,True,True,True,True,True,71.83746133881813,False,stamp,1,0.884605949253664,1.0,0.0,1.0,0.0,1.0,True,True,True,True,True,True,True,True,seal,0
0.00016107540534390042,8.824205753368822e-05,8.543110772089911e-05,0.004333521673749602,0.005345954889058584,0.0031462417487486734,0.9955054029209065,0.9945658030534078,0.9967683271435305,79,0.00482177734375,True,True,True,-3.2922631984908124,animal,0.637602628954598,0.637602628954598,38.620571518583695,38.620571518583695,0.7395327782483216,0.7395327782483216,-7.28333478102122e-05,-7.564429762300131e-05,0.0010124332153089817,-0.0011872799250009286,-0.0009395998674986972,0.0012629242226239734,0.0,0.4977581358737959,-0.03237339864970146,-0.5301315345234983,0.0,0.4977581358737959,0.0,2.71502181972056,2.0470134462344465,-0.37027681544348745,-0.42845724850553424,3.08529863516409,2.4754706947400464,0.01901260620145787,0.03426003445751261,1.3987399665627187,1.0390536215127377,3.17444525158772,2.382460006907289,0.0891466164236725,-0.09301068783269173,3.08529863516409,2.4754706947400464,0.01901260620145787,0.03426003445751261,1.3987399665627187,1.0390536215127377,-0.601788919368305,-0.601788919368305,-0.6341623180180065,8.675121545564934e-07,-0.6341623180180065,-0.6341623180180065,-0.6341623180180065,0.0,0.20995964839856285,0.20995964839856285,-0.3201718861249345,-6.952708888618986e-07,-0.3201718861249345,-0.3201718861249345,-0.3201718861249345,0.0,b_to_a,-0.601788919368305,-0.6341623180180065,0.20995964839856285,-0.3201718861249354,stamp,1,-0.8117485677668679,-0.8117485677668679,-0.31399043189307196,1.562783043418392e-06,-0.31399043189307196,-0.31399043189307196,-0.31399043189307196,0.0,,,,,,,,,0.8717995090512646,0.49090616646564655,0.24098886427400323,True,True,0.0,0.0,0.0,True,1.562783043418392e-06,0.0,True,0.0,True,0.0,0.0,True,True,4,animal,seal-lex-0,8.881784197001252e-16,True,1.0,True,3,3,-0.8117485677668679,-0.3139904318930711,0.0,-8.881784197001252e-16,True,True,True,1.0,ok,True,True,True,True,True,True,52.222934066643376,False,animal,1,0.8398112572073518,1.0,1.0,1.0,1.0,1.0,True,True,True,True,True,True,True,True,seal,0
0.00016107540534390042,0.00010237578924965288,0.00014996506647063542,0.004333521673749602,0.0054913907921928596,0.005425609822802373,0.9955054029209065,0.9944062334185575,0.994424425110727,94,0.0057373046875,True,True,True,-3.2922631984908124,animal,0.5633902150591104,0.5633902150591104,40.90992145403554,40.90992145403554,0.7483418442844588,0.7483418442844588,-5.869961609424755e-05,-1.1110338873265e-05,0.0011578691184432575,0.0010920881490527707,-0.0010991695023490067,-0.001080977810179462,0.0,0.39380337774294194,0.3817521252355238,-0.01205125250741812,0.0,0.39380337774294194,0.0,0.4516169095674858,-0.31326771215370464,-0.06975725778117692,0.06792576463034727,0.5213741673486787,-0.38119347678404125,0.020136093477309526,0.012243457326305277,0.41247508473858946,0.2418035577764631,1.252444423529754,0.3620718437031414,0.7310702561810904,0.7432653204871924,0.5213741673486787,-0.38119347678404125,0.020136093477309526,0.012243457326305277,0.41247508473858946,0.2418035577764631,-0.45322235997140403,-0.45322235997140403,-0.07147023473588021,4.998949023615751e-07,-0.07147023473588021,-0.07147023473588021,-0.07147023473588021,0.0,0.23680102432768102,0.23680102432768102,0.2247497718202629,2.917516415124055e-07,0.2247497718202629,0.2247497718202629,0.2247497718202629,0.0,b_to_a,-0.45322235997140403,-0.07147023473588021,0.23680102432768102,0.2247497718202629,stamp,1,-0.690023384299085,-0.690023384299085,-0.2962200065561431,2.0814326084916956e-07,-0.2962200065561431,-0.2962200065561431,-0.2962200065561431,0.0,,,,,,,,,0.8133524201051673,0.5821617154870404,0.33891226297882143,True,True,0.0,0.0,0.0,True,2.0814326084916956e-07,0.0,True,0.0,True,0.0,0.0,True,True,8,animal,seal-lex-0,8.881784197001252e-16,True,1.0,True,3,3,-0.690023384299085,-0.2962200065561431,0.0,0.0,True,True,True,1.0,ok,True,True,True,True,True,True,54.66742474243483,False,animal,1,0.7920352376047803,1.0,1.0,1.0,1.0,1.0,True,True,True,True,True,True,True,True,seal,0
0.00016107540534390042,8.727715845081246e-05,0.00010457892583636333,0.004333521673749602,0.005851811157191014,0.004099850061461679,0.9955054029209065,0.9940609116843582,0.995795571012702,226,0.0137939453125,True,True,True,-3.2922631984908124,animal,0.6748438310695389,0.6748438310695389,61.07097006331923,61.07097006331923,0.8501270635842875,0.8501270635842875,-7.379824689308797e-05,-5.649647950753709e-05,0.0015182894834414118,-0.00023367161228792302,-0.0014444912365483287,0.0002901680917954952,0.0,0.536654083383592,0.1808532732023842,-0.355800810181206,0.0,0.536654083383592,0.0,1.3935159785398863,0.4234727422093707,-0.5142737453089286,-0.4052663166272925,1.907789723848854,0.8287390588366641,0.011920432657753529,0.005538398132052339,0.6857430614230262,0.32811255410075313,2.233626266303972,0.6932637598942382,0.32583654245515703,-0.13547529894242505,1.907789723848854,0.8287390588366641,0.011920432657753529,0.005538398132052339,0.6857430614230262,0.32811255410075313,-0.6127838272231205,-0.6127838272231205,-0.43193055402073455,-3.572466198420443e-07,-0.43193055402073455,-0.43193055402073455,-0.43193055402073455,0.0,0.30037068182563953,0.30037068182563953,-0.05543012835556649,5.106524554321368e-07,-0.05543012835556649,-0.05543012835556649,-0.05543012835556649,0.0,b_to_a,-0.6127838272231205,-0.4319305540207363,0.30037068182563953,-0.05543012835556649,stamp,1,-0.91315450904876,-0.91315450904876,-0.37650042566516806,-8.678990752741811e-07,-0.37650042566516806,-0.37650042566516806,-0.37650042566516806,0.0,,,,,,,,,0.9087996630564601,0.41746143428002486,0.1742740491111377,True,True,0.0,0.0,0.0,True,8.678990752741811e-07,0.0,True,0.0,True,0.0,0.0,True,True,12,animal,seal-lex-0,8.881784197001252e-16,True,1.0,True,3,3,-0.91315450904876,-0.37650042566516984,0.0,1.7763568394002505e-15,True,True,True,1.0,ok,True,True,True,True,True,True,71.83746133881813,False,animal,1,0.89498385028008,1.0,1.0,1.0,1.0,1.0,True,True,True,True,True,True,True,True,seal,0
2.31146995960407e-05,1.6238450648088707e-05,2.022294243429003e-05,0.0559924096082647,0.04827984188166149,0.056603977587427766,0.9439844756921393,0.9517039196676904,0.9433757994701379,93,0.00567626953125,True,True,True,-7.792502656526646,stamp,0.5398234046635443,0.5398234046635443,28.401420267918354,28.401420267918358,0.6996445553832698,0.6996445553832699,-6.876248947951995e-06,-2.8917571617506727e-06,-0.007712567726603212,0.0006115679791630635,0.007719443975551132,-0.0006086762220013364,0.0,0.06037066030939009,0.21943579724933393,0.15906513693994384,0.0,0.06037066030939009,0.0,0.7308553740434878,0.6702310438317376,-0.4153108321780703,-0.1580470842654993,1.1461662062215368,0.8282781280972173,0.09213064941662744,0.030573145036450346,0.39931985018120403,0.348909633023207,1.1021477981477528,0.9194133625307632,-0.04401840807380353,0.09113523443352634,1.1461662062215368,0.8282781280972173,0.09213064941662744,0.030573145036450346,0.39931985018120403,0.348909633023207,-0.3530868345548157,-0.3530868345548157,-0.13365103730548178,-3.0557942842790453e-07,-0.13365103730548178,-0.13365103730548178,-0.13365103730548178,0.0,-0.14820201764260243,-0.14820201764260243,0.010863119297341406,5.736499009145746e-07,0.010863119297341406,0.010863119297341406,0.010863119297341406,0.0,a_to_b,-0.3530868345548157,-0.13365103730548178,-0.14820201764260332,0.010863119297340518,animal,1,-0.20488481691221327,-0.20488481691221327,-0.14451415660282318,-8.792293293424791e-07,-0.14451415660282318,-0.14451415660282318,-0.14451415660282318,0.0,,,,,,,,,0.8854485784793937,0.46515660127214786,0.21637066370706093,True,True,0.0,0.0,0.0,True,8.792293293424791e-07,0.0,True,0.0,True,0.0,0.0,True,True,4,stamp,seal-lex-1,8.881784197001252e-16,True,1.0,True,3,3,-0.2048848169122124,-0.1445141566028223,-8.881784197001252e-16,-8.881784197001252e-16,True,True,True,1.0,ok,True,True,True,True,True,True,40.594070302397874,False,stamp,1,0.8657039883787464,1.0,1.0,1.0,1.0,1.0,True,True,True,True,True,True,True,True,seal,0
2.31146995960407e-05,2.1974082031753823e-05,2.736123122773623e-05,0.0559924096082647,0.049768567092217414,0.05834847022068521,0.9439844756921393,0.9502094588257508,0.9416241685480871,86,0.0052490234375,True,True,True,-7.792502656526646,stamp,0.45593281347681064,0.4559328134768106,30.072068064352795,30.0720680643528,0.6833779289862011,0.6833779289862011,-1.1406175642868785e-06,4.2465316316955275e-06,-0.0062238425160472885,0.0023560606124205102,0.006224983133611528,-0.0023603071440522205,0.0,0.06021388412824358,0.219263423355903,0.1590495392276594,0.0,0.06021388412824358,0.0,0.26084714540368914,0.006114446544717822,0.05982353889851311,0.2789020007159948,0.20102360650514584,-0.27278755417131606,0.02924676334253153,0.00532448431245263,0.17503871504029886,0.12745536791968937,0.1352543951563181,-0.1529800501867946,-0.06576921134885794,0.11980750398448237,0.20102360650514584,-0.27278755417131606,0.02924676334253153,0.00532448431245263,0.17503871504029886,0.12745536791968937,-0.050605091894654564,-0.050605091894654564,0.16865833146124842,1.2064643719611468e-06,0.16865833146124842,0.16865833146124842,0.16865833146124842,0.0,-0.11783253697521712,-0.11783253697521712,0.04121700225244229,6.098053635383849e-07,0.04121700225244229,0.04121700225244229,0.04121700225244229,0.0,a_to_b,-0.050605091894654564,0.16865833146124842,-0.117832536975218,0.041217002252441404,animal,1,0.06722744508056255,0.06722744508056255,0.12744132920880613,5.966590084227619e-07,0.12744132920880613,0.12744132920880613,0.12744132920880613,0.0,,,,,,,,,0.8075268065854141,0.5933908631958822,0.3521127165243608,True,True,0.0,0.0,0.0,True,5.966590084227619e-07,0.0,True,0.0,True,0.0,0.0,True,True,8,stamp,seal-lex-1,8.881784197001252e-16,True,1.0,True,3,3,0.06722744508056344,0.12744132920880702,-8.881784197001252e-16,-8.881784197001252e-16,True,True,True,1.0,ok,True,True,True,True,True,True,44.005032631014366,False,stamp,1,0.7426248815107386,1.0,1.0,1.0,1.0,1.0,True,True,True,True,True,True,True,True,seal,0
2.31146995960407e-05,2.433020538216416e-05,1.9997413164323753e-05,0.0559924096082647,0.0558000390375584,0.05452162434999931,0.9439844756921393,0.9441756307570595,0.9454583782368364,184,0.01123046875,True,True,True,-7.792502656526646,stamp,0.5279508075260846,0.5279508075260846,36.58924698827153,36.58924698827153,0.7189864021404583,0.7189864021404583,1.2155057861234577e-06,-3.1172864317169484e-06,-0.00019237057070630587,-0.0014707852582653905,0.00019115506492017875,0.0014739025446971477,0.0,-0.17293850592763693,-0.19611567487427628,-0.023177168946639348,0.0,-0.17293850592763693,0.0,0.3445412336937217,-0.025217636514373254,0.2429924133534147,-0.01024712693583929,0.10154882034027324,-0.014970509578553504,0.013468180211346936,0.011125485802904875,0.20074947937621945,0.1732303112238405,0.19416373343157822,-0.038386422869189474,0.09261491309127123,-0.02341591329065551,0.10154882034027324,-0.014970509578553504,0.013468180211346936,0.011125485802904875,0.20074947937621945,0.1732303112238405,0.0512498369847485,0.0512498369847485,-0.14486583788952778,6.306520283771988e-08,-0.14486583788952778,-0.14486583788952778,-0.14486583788952778,0.0,-0.003441569854005344,-0.003441569854005344,-0.026618738800644692,5.201697650392134e-07,-0.026618738800644692,-0.026618738800644692,-0.026618738800644692,0.0,a_to_b,0.0512498369847485,-0.14486583788952778,-0.003441569854005788,-0.026618738800645136,animal,1,0.05469140683875384,0.05469140683875384,-0.11824709908888309,-4.5710456220149354e-07,-0.11824709908888309,-0.11824709908888309,-0.11824709908888309,0.0,,,,,,,,,0.8820281963938805,0.47202327991414217,0.22280597678090802,True,True,0.0,0.0,0.0,True,4.5710456220149354e-07,0.0,True,0.0,True,0.0,0.0,True,True,12,stamp,seal-lex-1,8.881784197001252e-16,True,1.0,True,3,3,0.054691406838754286,-0.11824709908888265,-4.440892098500626e-16,-4.440892098500626e-16,True,True,True,1.0,ok,True,True,True,True,True,True,50.89004031139327,False,stamp,1,0.8541048009207421,1.0,0.0,1.0,0.0,1.0,True,True,True,True,True,True,True,True,seal,0
0.00010150544290779639,0.00016910511290947562,0.00014933678588362453,0.005410734692165479,0.004661475895481065,0.005016388251545853,0.9944877598649268,0.9951694189916095,0.9948342749625706,102,0.0062255859375,True,True,True,-3.976027743487129,animal,0.5398234046635443,0.5398234046635443,28.401420267918354,28.401420267918354,0.6996445553832698,0.6996445553832698,6.759967000167923e-05,4.783134297582814e-05,-0.0007492587966844138,-0.00039434644061962613,0.000681659126682721,0.00034651509764382915,0.0,-0.19769451741629762,-0.124316428222496,0.07337808919380429,0.0,-0.19769451741629762,0.0,0.2890763470855804,0.3350619177519656,0.5561232303606118,0.5295791362319822,-0.2670468832750217,-0.19451721848001924,0.023887749843990575,0.011329960738651515,0.3795545104104526,0.24687226365735518,-0.16991469247839852,-0.24111306745941619,0.0971321907966356,-0.04659584897939695,-0.2670468832750217,-0.19451721848001924,0.023887749843990575,0.011329960738651515,0.3795545104104526,0.24687226365735518,0.5104080697070827,0.5104080697070827,0.3860916414845885,2.723765266665623e-07,0.3860916414845885,0.3860916414845885,0.3860916414845885,0.0,-0.1490527724942643,-0.1490527724942643,-0.0756746833004609,1.4877564247228747e-07,-0.0756746833004609,-0.0756746833004609,-0.0756746833004609,0.0,b_to_a,0.5104080697070863,0.3860916414845903,-0.14905277249426607,-0.07567468330046179,stamp,1,0.659460842201347,0.659460842201347,0.4617663247850494,1.2360088419427484e-07,0.4617663247850494,0.4617663247850494,0.4617663247850494,0.0,,,,,,,,,0.8958111281633303,0.44456365580875573,0.19763684406605037,True,True,0.0,0.0,0.0,True,1.2360088419427484e-07,0.0,True,0.0,True,0.0,0.0,True,True,4,animal,seal-lex-1,3.552713678800501e-15,True,1.0,True,3,3,0.6594608422013524,0.4617663247850521,-5.329070518200751e-15,-2.6645352591003757e-15,True,True,True,1.0,ok,True,True,True,True,True,True,40.594070302397874,False,animal,1,0.8851143339094356,1.0,1.0,1.0,1.0,1.0,True,True,True,True,True,True,True,True,seal,0
0.00010150544290779639,0.0001749097897724917,0.00013200804115743748,0.005410734692165479,0.00456763588941877,0.005153566107407469,0.9944877598649268,0.9952574543208087,0.9947144258514351,92,0.005615234375,True,True,True,-3.976027743487129,animal,0.45593281347681064,0.45593281347681064,30.072068064352795,30.072068064352795,0.6833779289862011,0.6833779289862011,7.340434686469532e-05,3.0502598249641097e-05,-0.000843098802746709,-0.0002571685847580097,0.0007696944558819308,0.00022666598650833425,0.0,-0.40210067828873886,-0.28140751540974485,0.12069316287899312,0.0,-0.40210067828873886,0.0,0.36968218825121735,0.09316105618578963,0.7076117607379402,0.042868540625880414,-0.33792957248673616,0.05029251555989944,0.010090327048645795,0.00898512646806571,0.27332277286157775,0.20036601599396428,-0.17702475761944392,0.0600304108102474,0.1609048148672807,0.009737895250340856,-0.33792957248673616,0.05029251555989944,0.010090327048645795,0.00898512646806571,0.27332277286157775,0.20036601599396428,0.5441579322486287,0.5441579322486287,0.2627504168388839,1.0636524763185662e-06,0.2627504168388839,0.2627504168388839,0.2627504168388839,0.0,-0.16938912605102896,-0.16938912605102896,-0.04869596317203495,3.5054239511111973e-07,-0.04869596317203495,-0.04869596317203495,-0.04869596317203495,0.0,b_to_a,0.5441579322486305,0.26275041683888567,-0.16938912605102985,-0.04869596317203673,stamp,1,0.7135470582996577,0.7135470582996577,0.31144638001091884,7.131100812074465e-07,0.31144638001091884,0.31144638001091884,0.31144638001091884,0.0,,,,,,,,,0.8061352048865914,0.5941626078667501,0.35302920458702486,True,True,0.0,0.0,0.0,True,7.131100812074465e-07,0.0,True,0.0,True,0.0,0.0,True,True,8,animal,seal-lex-1,3.552713678800501e-15,True,1.0,True,3,3,0.7135470582996604,0.3114463800109224,-2.6645352591003757e-15,-3.552713678800501e-15,True,True,True,1.0,ok,True,True,True,True,True,True,44.005032631014366,False,animal,1,0.7524400175364064,1.0,1.0,1.0,1.0,1.0,True,True,True,True,True,True,True,True,seal,0
0.00010150544290779639,0.00011298812789733992,0.00010776415971894168,0.005410734692165479,0.004265383377203381,0.005088101053779937,0.9944877598649268,0.9956216284948992,0.9948041347865011,154,0.0093994140625,True,True,True,-3.976027743487129,animal,0.5279508075260846,0.5279508075260846,36.58924698827153,36.58924698827153,0.7189864021404583,0.7189864021404583,1.148268498954353e-05,6.2587168111452916e-06,-0.0011453513149620983,-0.0003226336383855416,0.0011338686299724454,0.000316374921574325,0.0,-0.22371023827332692,-0.04733761728269492,0.176372620990632,0.0,-0.22371023827332692,0.0,0.010533118425184007,0.2230379001867382,0.42057256778556606,0.23687693781866237,-0.4100394493603865,-0.01383903763194283,0.004836179815068019,0.0022609425847540388,0.22568949826305568,0.13114511253714725,-0.4400214438244294,0.06532811284094642,-0.02998199446404559,0.07916715047287237,-0.4100394493603865,-0.01383903763194283,0.004836179815068019,0.0022609425847540388,0.22568949826305568,0.13114511253714725,0.10717032858600994,0.10717032858600994,0.05983271130331502,1.0487005042136843e-06,0.05983271130331502,0.05983271130331502,0.05983271130331502,0.0,-0.2378528202075918,-0.2378528202075918,-0.0614801992169598,3.7861043189479915e-08,-0.0614801992169598,-0.0614801992169598,-0.0614801992169598,0.0,b_to_a,0.10717032858601172,0.0598327113033168,-0.23785282020759269,-0.061480199216960685,stamp,1,0.34502314879360174,0.34502314879360174,0.12131291052027482,1.0108394610242044e-06,0.12131291052027482,0.12131291052027482,0.12131291052027482,0.0,,,,,,,,,0.8854756933832099,0.4667454918324246,0.21785135414589554,True,True,0.0,0.0,0.0,True,1.0108394610242044e-06,0.0,True,0.0,True,0.0,0.0,True,True,12,animal,seal-lex-1,3.552713678800501e-15,True,1.0,True,3,3,0.3450231487936044,0.12131291052027748,-2.6645352591003757e-15,-2.6645352591003757e-15,True,True,True,1.0,ok,True,True,True,True,True,True,50.89004031139327,False,animal,1,0.8416743495867759,1.0,1.0,1.0,1.0,1.0,True,True,True,True,True,True,True,True,seal,0
2.041237998331354e-05,1.0792487925614477e-05,1.9021261615619298e-05,0.01866305284991321,0.0179498504530774,0.0131123959724884,0.9813165347701035,0.982039357058997,0.9868685827658961,79,0.00482177734375,True,True,True,-6.818159486269646,stamp,0.6051065533404325,0.6051065533404325,30.963603446109357,30.963603446109357,0.714092192654303,0.714092192654303,-9.619892057699062e-06,-1.3911183676942413e-06,-0.0007132023968358103,-0.005550656877424809,0.0007228222888935321,0.005552047995792564,0.0,0.880730799611201,0.5667070562461216,-0.3140237433650803,0.0,0.880730799611201,0.0,-0.11665338057796504,0.4255078031332591,-0.47597837589659875,0.10839667039807033,0.35932499531862305,0.317111132735171,0.03296370493132412,0.019443464052669855,0.47880510841956786,0.3892548037285912,0.7497975974390858,0.6433076593462523,0.3904726021204521,0.3261965266110636,0.35932499531862305,0.317111132735171,0.03296370493132412,0.019443464052669855,0.47880510841956786,0.3892548037285912,-0.6372912490397873,-0.6372912490397873,-0.07058419279366568,-7.472660445984047e-07,-0.07058419279366568,-0.07058419279366568,-0.07058419279366568,0.0,-0.038964002403877984,-0.038964002403877984,-0.3529877457689574,3.637343919393743e-07,-0.3529877457689574,-0.3529877457689574,-0.3529877457689574,0.0,a_to_b,-0.6372912490397873,-0.07058419279366568,-0.038964002403877984,-0.3529877457689583,animal,1,-0.5983272466359093,-0.5983272466359093,0.28240355297529174,-1.111000436537779e-06,0.28240355297529174,0.28240355297529174,0.28240355297529174,0.0,,,,,,,,,0.8810614249166695,0.4758922784247829,0.22647346066433618,True,True,0.0,0.0,0.0,True,1.111000436537779e-06,0.0,True,0.0,True,0.0,0.0,True,True,4,stamp,seal-lex-2,8.881784197001252e-16,True,1.0,True,3,3,-0.5983272466359093,0.2824035529752926,0.0,-8.881784197001252e-16,True,True,True,1.0,ok,True,True,True,True,True,True,43.36079257639924,False,stamp,1,0.8286906779243843,1.0,0.0,1.0,0.0,1.0,True,True,True,True,True,True,True,True,seal,0
2.041237998331354e-05,1.078670190961234e-05,3.364896094465443e-05,0.01866305284991321,0.01990109161444435,0.015436592700590984,0.9813165347701035,0.9800881216836461,0.9845297583384643,84,0.005126953125,True,True,True,-6.818159486269646,stamp,0.4656164787715677,0.4656164787715677,30.223470519673597,30.223470519673597,0.641777327621216,0.641777327621216,-9.625678073701199e-06,1.323658096134089e-05,0.0012380387645311401,-0.003226460149322225,-0.0012284130864573806,0.0032132235683608457,0.0,1.3917018515049033,1.137668106511411,-0.2540337449934942,0.0,1.3917018515049033,0.0,-0.3011835516810244,0.365622010783067,-0.6835777573961082,0.3328467869224383,0.3823942057150731,0.03277522386060383,0.027723406450252366,0.015491510075195057,0.3668989807246791,0.29994764056482576,0.6359919926342688,0.03603823723724986,0.253597786919185,0.00326301337662116,0.3823942057150731,0.03277522386060383,0.027723406450252366,0.015491510075195057,0.3668989807246791,0.29994764056482576,-0.6378275079248485,-0.6378275079248485,0.4998405985865606,6.473326035205673e-07,0.4998405985865606,0.4998405985865606,0.4998405985865606,0.0,0.06422879922458957,0.06422879922458957,-0.1898049457689046,9.5595989080266e-07,-0.1898049457689046,-0.1898049457689046,-0.1898049457689046,0.0,a_to_b,-0.6378275079248503,0.4998405985865606,0.06422879922458957,-0.1898049457689046,animal,1,-0.7020563071494381,-0.7020563071494381,0.6896455443554652,-3.0862728728209277e-07,0.6896455443554652,0.6896455443554652,0.6896455443554652,0.0,,,,,,,,,0.810794675372609,0.5871545913455741,0.3447505141381963,True,True,0.0,0.0,0.0,True,3.0862728728209277e-07,0.0,True,0.0,True,0.0,0.0,True,True,8,stamp,seal-lex-2,8.881784197001252e-16,True,1.0,True,3,3,-0.7020563071494399,0.6896455443554652,1.7763568394002505e-15,0.0,True,True,True,1.0,ok,True,True,True,True,True,True,47.09339083650494,False,stamp,1,0.7645505433040756,1.0,0.0,1.0,0.0,1.0,True,True,True,True,True,True,True,True,seal,0
2.041237998331354e-05,1.2515591969149258e-05,1.3298159276788089e-05,0.01866305284991321,0.020124503247841055,0.020914394519192907,0.9813165347701035,0.9798629811601898,0.9790723073215304,209,0.01275634765625,True,True,True,-6.818159486269646,stamp,0.5850784561786402,0.5850784561786403,46.262769111196015,46.26276911119601,0.8165309652804634,0.8165309652804633,-7.89678801416428e-06,-7.11422070652545e-06,0.0014614503979278465,0.002251341669279698,-0.001453553609913727,-0.0022442274485731106,0.0,0.02215088565601242,0.060650400871907095,0.03849951521589334,0.0,0.02215088565601242,0.0,-0.49590485809953044,-0.17070510682382967,-0.5352997493588276,-0.2285816816467836,0.039394891259281195,0.05787657482293085,0.008966358746104318,0.021438775184495027,0.26403404564430943,0.33977563817732376,0.1832579646151835,-0.17988387602286693,0.14386307335588633,-0.23776045084582087,0.039394891259281195,0.05787657482293085,0.008966358746104318,0.021438775184495027,0.26403404564430943,0.33977563817732376,-0.48916635417496224,-0.48916635417496224,-0.4285159533030569,-5.841328878375407e-07,-0.4285159533030569,-0.4285159533030569,-0.4285159533030569,0.0,0.07539235366431818,0.07539235366431818,0.11389186888021108,4.724443867232253e-07,0.11389186888021108,0.11389186888021108,0.11389186888021108,0.0,a_to_b,-0.489166354174964,-0.4285159533030569,0.07539235366431773,0.11389186888021108,animal,1,-0.5645587078392804,-0.5645587078392804,-0.542407822183268,-1.056577274560766e-06,-0.542407822183268,-0.542407822183268,-0.542407822183268,0.0,,,,,,,,,0.8823942558415844,0.47135515042661735,0.2221756778337026,True,True,0.0,0.0,0.0,True,1.056577274560766e-06,0.0,True,0.0,True,0.0,0.0,True,True,12,stamp,seal-lex-2,8.881784197001252e-16,True,1.0,True,3,3,-0.5645587078392817,-0.542407822183268,1.3322676295501878e-15,0.0,True,True,True,1.0,ok,True,True,True,True,True,True,56.657703232731166,False,stamp,1,0.8541931818207725,1.0,1.0,1.0,1.0,1.0,True,True,True,True,True,True,True,True,seal,0
1.3213055488054927e-05,7.505333494626487e-06,1.5606995983886015e-05,0.004862446080571367,0.007446512646465757,0.0048319311582623575,0.9951243408639405,0.9925459820200396,0.9951524618457538,98,0.0059814453125,True,True,True,-5.908091506108798,animal,0.6051065533404325,0.6051065533404325,30.963603446109357,30.963603446109357,0.714092192654303,0.714092192654303,-5.7077219934284395e-06,2.3939404958310885e-06,0.0025840665658943907,-3.0514922309009263e-05,-0.0025783588439008964,2.812098181326217e-05,0.0,1.1646049819782247,0.7321053738085066,-0.4324996081697181,0.0,1.1646049819782247,0.0,-0.031137072237833685,0.3306156970670928,-1.3345288153564887,-0.2960109350162199,1.303391743118695,0.6266266320833509,0.11241720767698901,0.015789147199517743,0.8702395470254847,0.43018618668510733,1.5914423779473683,0.5244907848394345,0.2880506348287133,-0.10213584724387914,1.303391743118695,0.6266266320833509,0.11241720767698901,0.015789147199517743,0.8702395470254847,0.43018618668510733,-0.5655914925037688,-0.5655914925037688,0.16651388130473777,4.259195698352869e-07,0.16651388130473777,0.16651388130473777,0.16651388130473777,0.0,0.4262042015978169,0.4262042015978169,-0.0062954065719011965,-9.920171439858905e-08,-0.0062954065719011965,-0.0062954065719011965,-0.0062954065719011965,0.0,b_to_a,-0.5655914925037706,0.166513881304736,0.426204201597816,-0.006295406571902085,stamp,1,-0.9917956941015857,-0.9917956941015857,0.17280928787663896,5.251212842338759e-07,0.17280928787663896,0.17280928787663896,0.17280928787663896,0.0,,,,,,,,,0.8872114845668165,0.46188388993536544,0.2133367277818292,True,True,0.0,0.0,0.0,True,5.251212842338759e-07,0.0,True,0.0,True,0.0,0.0,True,True,4,animal,seal-lex-2,0.0,True,1.0,True,3,3,-0.9917956941015866,0.17280928787663807,8.881784197001252e-16,8.881784197001252e-16,True,True,True,1.0,ok,True,True,True,True,True,True,43.36079257639924,False,animal,1,0.8652810005529211,1.0,0.0,1.0,0.0,1.0,True,True,True,True,True,True,True,True,seal,0
1.3213055488054927e-05,8.947875830918573e-06,9.761416443034855e-06,0.004862446080571367,0.005807346888761738,0.004474167375373788,0.9951243408639405,0.9941837052354073,0.9955160712081832,88,0.00537109375,True,True,True,-5.908091506108798,animal,0.4656164787715677,0.4656164787715677,30.223470519673597,30.223470519673597,0.641777327621216,0.641777327621216,-4.265179657136353e-06,-3.4516390450200715e-06,0.0009449008081903717,-0.00038827870519757886,-0.0009406356285331929,0.00039173034424266895,0.0,0.3478248983360501,0.08702135046490334,-0.26080354787114945,0.0,0.3478248983360501,0.0,0.48475767484617815,-0.14905021584130917,-0.20486313740899753,-0.4688951415458771,0.6896208122552103,0.3198449257045901,0.02339951395666866,0.006806843945845963,0.42425265395319883,0.24227389286312154,0.8968221063136905,0.04252033506929287,0.20720129405851484,-0.27732459063527504,0.6896208122552103,0.3198449257045901,0.02339951395666866,0.006806843945845963,0.42425265395319883,0.24227389286312154,-0.3897892261376388,-0.3897892261376388,-0.3027678756727372,-8.881899304924445e-08,-0.3027678756727372,-0.3027678756727372,-0.3027678756727372,0.0,0.1775822008628456,0.1775822008628456,-0.08322134700830297,4.4826754130866675e-07,-0.08322134700830297,-0.08322134700830297,-0.08322134700830297,0.0,b_to_a,-0.38978922613764233,-0.302767875672739,0.1775822008628456,-0.08322134700830386,stamp,1,-0.5673714270004844,-0.5673714270004844,-0.21954652866443425,-5.370865343579112e-07,-0.21954652866443425,-0.21954652866443425,-0.21954652866443425,0.0,,,,,,,,,0.8011725675724061,0.6005662828566772,0.36067986010429465,True,True,0.0,0.0,0.0,True,5.370865343579112e-07,0.0,True,0.0,True,0.0,0.0,True,True,8,animal,seal-lex-2,0.0,True,1.0,True,3,3,-0.5673714270004879,-0.21954652866443514,3.552713678800501e-15,8.881784197001252e-16,True,True,True,1.0,ok,True,True,True,True,True,True,47.09339083650494,False,animal,1,0.7506023872794948,1.0,1.0,1.0,1.0,1.0,True,True,True,True,True,True,True,True,seal,0
1.3213055488054927e-05,1.3464760319937884e-05,1.604643685648008e-05,0.004862446080571367,0.005066864705603266,0.005002479963885678,0.9951243408639405,0.9949196705340768,0.9949814735992578,182,0.0111083984375,True,True,True,-5.908091506108798,animal,0.5850784561786402,0.5850784561786402,46.262769111196015,46.262769111196015,0.8165309652804634,0.8165309652804634,2.517048318829572e-07,2.833381368425153e-06,0.00020441862503189911,0.00014003388331431093,-0.0002046703298637098,-0.00014286726468271116,0.0,0.18819933914553655,0.1754108963405301,-0.012788442805006461,0.0,0.18819933914553655,0.0,0.34261610977215895,0.01832357352210856,0.18909760568268474,0.08844660750442834,0.1535185040894831,-0.07012303398230912,0.009812047149700527,0.009352894612426332,0.2548152667253124,0.19504284683325007,0.34361278419318886,-0.18243971162286066,0.19009428010371465,-0.11231667764054087,0.1535185040894831,-0.07012303398230912,0.009812047149700527,0.009352894612426332,0.2548152667253124,0.19504284683325007,0.01887053294981378,0.01887053294981378,0.19428142929034387,-3.7188828017065134e-08,0.19428142929034387,0.19428142929034387,0.19428142929034387,0.0,0.04118060499791021,0.04118060499791021,0.028392162192903747,-7.527322631872835e-07,0.028392162192903747,0.028392162192903747,0.028392162192903747,0.0,b_to_a,0.018870532949812002,0.1942814292903421,0.04118060499790932,0.02839216219290286,stamp,1,-0.02231007204809643,-0.02231007204809643,0.16588926709744012,7.155434351702183e-07,0.16588926709744012,0.16588926709744012,0.16588926709744012,0.0,,,,,,,,,0.8639277664793721,0.5043773343449592,0.2543964954009313,True,True,0.0,0.0,0.0,True,7.155434351702183e-07,0.0,True,0.0,True,0.0,0.0,True,True,12,animal,seal-lex-2,0.0,True,1.0,True,3,3,-0.022310072048097318,0.16588926709743923,8.881784197001252e-16,8.881784197001252e-16,True,True,True,1.0,ok,True,True,True,True,True,True,56.657703232731166,False,animal,1,0.8362207079027502,1.0,0.0,1.0,0.0,1.0,True,True,True,True,True,True,True,True,seal,0
0.00035523332415004116,0.0002835400672432458,0.00021071540486567326,0.01749233191031529,0.010798940356589204,0.00849063979049284,0.9821524347655347,0.9889175195761675,0.9912986448046415,77,0.00469970703125,True,True,True,-3.89674306262343,stamp,0.5998209938609802,0.5998209938609802,31.36245011784673,31.36245011784673,0.7570363427400723,0.7570363427400723,-7.169325690679538e-05,-0.0001445179192843679,-0.006693391553726084,-0.009001692119822447,0.00676508481063276,0.009146210039106761,0.0,-0.05636135433854861,-0.2968450129141491,-0.2404836585756005,0.0,-0.05636135433854861,0.0,-0.4729588018342743,-2.3711946871094445,-0.17024339729236182,-0.45211522115502234,-0.3027154045418978,-1.91907946595442,0.1478760746972575,0.2824308790219974,0.3490827182989462,1.7101063477770226,-0.3567574674959708,-2.0293122242462696,-0.054042062954057,-0.1102327582918452,-0.3027154045418978,-1.91907946595442,0.1478760746972575,0.2824308790219974,0.3490827182989462,1.7101063477770226,-0.2254213808617891,-0.2254213808617891,-0.5222663937759382,-6.656090647538804e-07,-0.5222663937759382,-0.5222663937759382,-0.5222663937759382,0.0,-0.48231459416271694,-0.48231459416271694,-0.7227982527383174,7.018275480774605e-07,-0.7227982527383174,-0.7227982527383174,-0.7227982527383174,0.0,a_to_b,-0.2254213808617882,-0.5222663937759373,-0.48231459416271694,-0.7227982527383174,animal,1,0.25689321330092785,0.25689321330092785,0.20053185896237924,-1.3674366128313409e-06,0.20053185896237924,0.20053185896237924,0.20053185896237924,0.0,,,,,,,,,0.8808064355856929,0.47652059732677143,0.2270718796766687,True,True,0.0,0.0,0.0,True,1.3674366128313409e-06,0.0,True,0.0,True,0.0,0.0,True,True,4,stamp,seal-lex-3,1.7763568394002505e-15,True,1.0,True,3,3,0.25689321330092874,0.20053185896238013,-8.881784197001252e-16,-8.881784197001252e-16,True,True,True,1.0,ok,True,True,True,True,True,True,41.427931985842584,False,stamp,1,0.827030449812812,1.0,1.0,1.0,1.0,1.0,True,True,True,True,True,True,True,True,seal,0
0.00035523332415004116,0.0004205890580915348,0.0003775075125494464,0.01749233191031529,0.016476556150704244,0.019580267956141175,0.9821524347655347,0.9831028547912043,0.9800422245313094,93,0.00567626953125,True,True,True,-3.89674306262343,stamp,0.5487009103166345,0.5487009103166346,35.499795158954754,35.49979515895475,0.7098346382077214,0.7098346382077213,6.535573394149364e-05,2.227418839940526e-05,-0.0010157757596110442,0.002087936045825887,0.0009504200256695849,-0.002110210234225307,0.0,-0.2806495696461768,-0.1080657786471777,0.17258379099899823,0.0,-0.2806495696461768,0.0,1.031260334742437,1.0696493189548555,0.2464786685406697,0.15268998633196595,0.7847816662017593,0.9169593326228966,0.009899590668882272,0.007229727665040646,0.5298598937703017,0.6665672798421917,0.6774526083671102,1.0876493809991254,-0.1073290578346544,0.17069004837623858,0.7847816662017593,0.9169593326228966,0.009899590668882272,0.007229727665040646,0.5298598937703017,0.6665672798421917,0.1688814232241107,0.1688814232241107,0.060815644576932115,-6.498757514350473e-07,0.060815644576932115,0.060815644576932115,0.060815644576932115,0.0,-0.059824077142754284,-0.059824077142754284,0.11275971385624395,-2.6027998867306223e-07,0.11275971385624395,0.11275971385624395,0.11275971385624395,0.0,a_to_b,0.1688814232241116,0.06081564457693389,-0.059824077142754284,0.11275971385624395,animal,1,0.228705500366865,0.228705500366865,-0.05194406927931183,-3.8959576276198504e-07,-0.05194406927931183,-0.05194406927931183,-0.05194406927931183,0.0,,,,,,,,,0.8182394815549183,0.5751270063885785,0.3307710734774948,True,True,0.0,0.0,0.0,True,3.8959576276198504e-07,0.0,True,0.0,True,0.0,0.0,True,True,8,stamp,seal-lex-3,1.7763568394002505e-15,True,1.0,True,3,3,0.22870550036686588,-0.05194406927931006,-8.881784197001252e-16,-1.7763568394002505e-15,True,True,True,1.0,ok,True,True,True,True,True,True,50.01135933375841,False,stamp,1,0.8013006901943318,1.0,0.0,1.0,0.0,1.0,True,True,True,True,True,True,True,True,seal,0
0.00035523332415004116,0.0003575483609079292,0.00027937268211671566,0.01749233191031529,0.016164161191221382,0.01602400304911002,0.9821524347655347,0.9834782904478707,0.9836966242687732,210,0.0128173828125,True,True,True,-3.89674306262343,stamp,0.6599222350602473,0.6599222350602473,53.50109746170325,53.50109746170326,0.8057567487650399,0.80575674876504,2.3150367578880413e-06,-7.58606420333255e-05,-0.001328170719093906,-0.0014683288612052682,0.001325855682336008,0.0015441895032385355,0.0,-0.238015228837682,-0.24672395959265625,-0.00870873075497336,0.0,-0.238015228837682,0.0,0.24319093781511825,-0.0034880721938543857,0.05444629046412963,-0.17436003766441388,0.1887446473509815,0.17087196547053907,0.005705330094985713,0.009717794058703537,0.1992508558338417,0.1439718825923813,0.1610946983007535,-0.06077219635830122,-0.027649949050232436,-0.23164416182885894,0.1887446473509815,0.17087196547053907,0.005705330094985713,0.009717794058703537,0.1992508558338417,0.1439718825923813,0.006495803544758871,0.006495803544758871,-0.2402281560478965,-3.4913141000458836e-07,-0.2402281560478965,-0.2402281560478965,-0.2402281560478965,0.0,-0.07896608894623469,-0.07896608894623469,-0.08767481970120805,2.463145705178249e-07,-0.08767481970120805,-0.08767481970120805,-0.08767481970120805,0.0,a_to_b,0.006495803544760648,-0.2402281560478956,-0.07896608894623469,-0.08767481970120805,animal,1,0.08546189249099356,0.08546189249099356,-0.15255333634668844,-5.954459805224133e-07,-0.15255333634668844,-0.15255333634668844,-0.15255333634668844,0.0,,,,,,,,,0.8842581032863904,0.46784166899344226,0.21887582724657298,True,True,0.0,0.0,0.0,True,5.954459805224133e-07,0.0,True,0.0,True,0.0,0.0,True,True,12,stamp,seal-lex-3,1.7763568394002505e-15,True,1.0,True,3,3,0.08546189249099534,-0.15255333634668755,-1.7763568394002505e-15,-8.881784197001252e-16,True,True,True,1.0,ok,True,True,True,True,True,True,66.39857195574575,False,stamp,1,0.856182838831373,1.0,0.0,1.0,0.0,1.0,True,True,True,True,True,True,True,True,seal,0
1.7035186357674296e-05,1.3535549129898733e-05,1.6756352238637126e-05,0.0144218621278945,0.010958287168436748,0.01231122076131718,0.9855611026857478,0.9890281772824334,0.9876720228864442,87,0.00531005859375,True,True,True,-6.741219546838229,animal,0.5998209938609802,0.5998209938609802,31.36245011784673,31.36245011784673,0.7570363427400723,0.7570363427400723,-3.499637227775563e-06,-2.788341190371699e-07,-0.0034635749594577516,-0.0021106413665773188,0.0034670745966856042,0.0021109202006963645,0.0,0.09704281667056236,0.21345793115833267,0.11641511448777031,0.0,0.09704281667056236,0.0,-0.6595727529554751,0.2817639549012314,-0.3898688339130292,-0.08306028852322633,-0.26970391904245083,0.36482424342448283,0.014231011361033212,0.00516105880774129,0.497835467917427,0.21121120223950313,-0.6518410047704242,0.1313209357370546,-0.38213708572797866,-0.23350330768740246,-0.26970391904245083,0.36482424342448283,0.014231011361033212,0.00516105880774129,0.497835467917427,0.21121120223950313,-0.22996149739859995,-0.22996149739859995,-0.016503566240267276,2.3980688279579e-06,-0.016503566240267276,-0.016503566240267276,-0.016503566240267276,0.0,-0.2746492695477052,-0.2746492695477052,-0.15823415505993488,2.0415749029112362e-06,-0.15823415505993488,-0.15823415505993488,-0.15823415505993488,0.0,b_to_a,-0.22996149739859995,-0.016503566240267276,-0.2746492695477052,-0.15823415505993488,stamp,1,0.04468777214910524,0.04468777214910524,0.1417305888196676,3.5649392504666366e-07,0.1417305888196676,0.1417305888196676,0.1417305888196676,0.0,,,,,,,,,0.8983828959311515,0.4397164293471242,0.19335053823778905,True,True,0.0,0.0,0.0,True,3.5649392504666366e-07,0.0,True,0.0,True,0.0,0.0,True,True,4,animal,seal-lex-3,8.881784197001252e-16,True,1.0,True,3,3,0.04468777214910524,0.1417305888196676,0.0,0.0,True,True,True,1.0,ok,True,True,True,True,True,True,41.427931985842584,False,animal,1,0.8773503987082356,1.0,1.0,1.0,1.0,1.0,True,True,True,True,True,True,True,True,seal,0
1.7035186357674296e-05,2.0462856031016398e-05,1.5454291273209133e-05,0.0144218621278945,0.011338352535296133,0.012264722526765073,0.9855611026857478,0.9886411846086729,0.9877198231819617,94,0.0057373046875,True,True,True,-6.741219546838229,animal,0.5487009103166345,0.5487009103166347,35.499795158954754,35.49979515895475,0.7098346382077214,0.7098346382077213,3.427669673342102e-06,-1.5808950844651633e-06,-0.003083509592598366,-0.0021571396011294264,0.003080081922925082,0.002158720496213906,0.0,-0.35926067026025166,-0.28072462465134507,0.0785360456089057,0.0,-0.35926067026025166,0.0,2.5153942821148707,-0.2754751034534286,-0.4786615866194488,-0.2988970739442376,2.9940558687343177,0.023421970490781874,0.013980145418673838,0.01734115415339102,1.8944958030569257,0.3033003627701391,2.695686545509777,-0.22516569816185772,-0.29836932322454146,-0.24858766865266535,2.9940558687343177,0.023421970490781874,0.013980145418673838,0.01734115415339102,1.8944958030569257,0.3033003627701391,0.18333035099400874,0.18333035099400874,-0.09739427365733633,1.3510339513800318e-06,-0.09739427365733633,-0.09739427365733633,-0.09739427365733633,0.0,-0.2405542499312574,-0.2405542499312574,-0.1620182043223508,1.6185523588063688e-06,-0.1620182043223508,-0.1620182043223508,-0.1620182043223508,0.0,b_to_a,0.18333035099400874,-0.09739427365733633,-0.2405542499312574,-0.1620182043223517,stamp,1,0.42388460092526614,0.42388460092526614,0.06462393066501448,-2.6751840742633703e-07,0.06462393066501448,0.06462393066501448,0.06462393066501448,0.0,,,,,,,,,0.820388331509746,0.5720412917563124,0.32723123947423766,True,True,0.0,0.0,0.0,True,2.6751840742633703e-07,0.0,True,0.0,True,0.0,0.0,True,True,8,animal,seal-lex-3,8.881784197001252e-16,True,1.0,True,3,3,0.42388460092526614,0.06462393066501537,0.0,-8.881784197001252e-16,True,True,True,1.0,ok,True,True,True,True,True,True,50.01135933375841,False,animal,1,0.8040098715215865,1.0,1.0,1.0,1.0,1.0,True,True,True,True,True,True,True,True,seal,0
1.7035186357674296e-05,2.0530297945612767e-05,2.2798577529701695e-05,0.0144218621278945,0.011648499191971435,0.015060980079468975,0.9855611026857478,0.988330970510083,0.9849162213430013,189,0.01153564453125,True,True,True,-6.741219546838229,animal,0.6599222350602473,0.6599222350602473,53.50109746170325,53.50109746170325,0.8057567487650399,0.8057567487650399,3.4951115879384706e-06,5.763391172027399e-06,-0.0027733629359230644,0.0006391179515744753,0.0027698678243351926,-0.0006448813427465394,0.0,-0.15213355023645825,0.10479640134617085,0.2569299515826282,0.0,-0.15213355023645825,0.0,0.7900503192230475,1.0730529537644145,-0.3090834169625065,0.09773366665646321,1.099133736185534,0.975319287107963,0.00634356923016249,0.0021431548842190933,0.7328556540655455,0.7413187839674397,0.8719170738581639,1.0100642566473352,-0.22721666232738968,0.03474496953938555,1.099133736185534,0.975319287107963,0.00634356923016249,0.0021431548842190933,0.7328556540655455,0.7413187839674397,0.18662075287344493,0.18662075287344493,0.2914171542196158,6.52191658900847e-07,0.2914171542196158,0.2914171542196158,0.2914171542196158,0.0,-0.2135679116128122,-0.2135679116128122,0.04336203996981691,5.495765060814506e-07,0.04336203996981691,0.04336203996981691,0.04336203996981691,0.0,b_to_a,0.1866207528734467,0.29141715421961756,-0.2135679116128113,0.04336203996981691,stamp,1,0.4001886644862571,0.4001886644862571,0.24805511424979887,1.0261515281939637e-07,0.24805511424979887,0.24805511424979887,0.24805511424979887,0.0,,,,,,,,,0.8870333409045682,0.4619785162444574,0.21342414947143348,True,True,0.0,0.0,0.0,True,1.0261515281939637e-07,0.0,True,0.0,True,0.0,0.0,True,True,12,animal,seal-lex-3,8.881784197001252e-16,True,1.0,True,3,3,0.400188664486258,0.24805511424980065,-8.881784197001252e-16,-1.7763568394002505e-15,True,True,True,1.0,ok,True,True,True,True,True,True,66.39857195574575,False,animal,1,0.8711494702253609,1.0,1.0,1.0,1.0,1.0,True,True,True,True,True,True,True,True,seal,0
0.0002780237863120112,0.0021010680842143124,0.0008336789424155998,0.0009300845624109205,0.0008799357753300109,0.0006237525961302571,0.998791891651277,0.9970189961404557,0.9985425684614542,195,0.01190185546875,True,True,True,-1.207568837033417,dog,0.6620249930321148,0.6620249930321148,59.94716470059341,59.94716470059341,0.8122555520478499,0.8122555520478499,0.0018230442979023011,0.0005556551561035886,-5.014878708090964e-05,-0.0003063319662806634,-0.0017728955108212707,-0.0002493231898228476,0.0,-0.5802576257937044,-0.9243527388333206,-0.34409511303961793,0.0,-0.5802576257937044,0.0,3.0951138791767665,2.775513651105804,0.8058224617416005,0.5586583796452889,2.289291417435166,2.2168552714605063,0.4666510986052371,0.33637992995658655,1.4625579886547457,1.4492367442488452,2.2654723741643714,1.853264354489335,-0.02381904327079365,-0.3635909169711802,2.289291417435166,2.2168552714605063,0.4666510986052371,0.33637992995658655,1.4625579886547457,1.4492367442488452,2.0224944336393182,2.0224944336393182,1.0981416948059959,2.3859705322593072e-09,1.0981416948059959,1.0981416948059959,1.0981416948059959,0.0,-0.055426587107872294,-0.055426587107872294,-0.3995217001474902,5.151445332529647e-07,-0.3995217001474902,-0.3995217001474902,-0.3995217001474902,0.0,a_to_b,2.0224944336393182,1.0981416948059977,-0.055426587107872294,-0.3995217001474902,tree,1,2.0779210207471905,2.0779210207471905,1.497663394953486,-5.127585627207054e-07,1.497663394953486,1.497663394953486,1.497663394953486,0.0,,,,,,,,,0.7954270019909229,0.6083029896392217,0.37003252720402185,True,True,0.0,0.0,0.0,True,5.127585627207054e-07,0.0,True,0.0,True,0.0,0.0,True,True,4,dog,bark-lex-0,0.0,True,1.0,True,3,3,2.0779210207471905,1.4976633949534879,0.0,-1.7763568394002505e-15,True,True,True,1.0,ok,True,True,True,True,True,True,73.80333018279194,False,dog,1,0.7431140714642339,1.0,1.0,1.0,1.0,1.0,True,True,True,True,True,True,True,True,bark,0
0.0002780237863120112,0.0013746861660531799,0.0008710868647435436,0.0009300845624109205,0.000974514573956343,0.0006979175417214795,0.998791891651277,0.9976507992599905,0.998430995593535,124,0.007568359375,True,True,True,-1.207568837033417,dog,0.5559718098817292,0.5559718098817292,43.58670030224657,43.58670030224658,0.684514184964228,0.6845141849642281,0.0010966623797411686,0.0005930630784315323,4.443001154542242e-05,-0.00023216702068944107,-0.001141092391286569,-0.0003608960577420328,0.0,-0.1224005259599954,-0.4562390393983433,-0.3338385134383488,0.0,-0.1224005259599954,0.0,2.6796484827507125,0.6634435846369833,1.521974258876476,-0.07845575629588986,1.1576742238742526,0.7418993409328714,0.2593500963570262,0.09222110486714402,0.7972376349557068,0.5595720995313935,1.222517381246023,0.4634443856662358,0.06484315737178648,-0.2784549552666382,1.1576742238742526,0.7418993409328714,0.2593500963570262,0.09222110486714402,0.7972376349557068,0.5595720995313935,1.5982740688750718,1.5982740688750718,1.1420350294767285,-7.489102866742314e-07,1.1420350294767285,1.1420350294767285,1.1420350294767285,0.0,0.04666396481547608,0.04666396481547608,-0.28717454862287184,9.468739392559655e-08,-0.28717454862287184,-0.28717454862287184,-0.28717454862287184,0.0,a_to_b,1.5982740688750727,1.1420350294767294,0.046663964815476966,-0.28717454862287184,tree,1,1.5516101040595958,1.5516101040595958,1.4292095780996004,-8.43597680599828e-07,1.4292095780996004,1.4292095780996004,1.4292095780996004,0.0,,,,,,,,,0.7779030699092725,0.6303033789661697,0.39728234953617797,True,True,0.0,0.0,0.0,True,8.43597680599828e-07,0.0,True,0.0,True,0.0,0.0,True,True,8,dog,bark-lex-0,0.0,True,1.0,True,3,3,1.5516101040595958,1.4292095780996013,0.0,-8.881784197001252e-16,True,True,True,1.0,ok,True,True,True,True,True,True,63.67537921003692,False,dog,1,0.7287549701448919,1.0,1.0,1.0,1.0,1.0,True,True,True,True,True,True,True,True,bark,0
0.0002780237863120112,0.0016779780864147188,0.0007067700893662687,0.0009300845624109205,0.0007628878737908308,0.0024495213717532463,0.998791891651277,0.9975591340397945,0.9968437085388805,247,0.01507568359375,True,True,True,-1.207568837033417,dog,0.6611426811597407,0.6611426811597408,56.230409627577394,56.230409627577394,0.833084384473492,0.833084384473492,0.0013999543001027076,0.00042874630305425756,-0.00016719668862008976,0.0015194368093423257,-0.00123275761148256,-0.0019481831123965287,0.0,-2.031176266330804,-0.8646394064280667,1.166536859902739,0.0,-2.031176266330804,0.0,2.521854544547727,2.3647274212631917,1.7764827502106773,1.4329960083018456,0.7453717943370712,0.9317314129613514,0.14542861289511483,0.0994872001628001,0.606532825276,0.7321635914205785,0.552152650428587,1.9176194814261525,-0.19321914390846295,0.9858880684648064,0.7453717943370712,0.9317314129613514,0.14542861289511483,0.0994872001628001,0.606532825276,0.7321635914205785,1.7976381552904552,1.7976381552904552,0.9329987488623903,3.471900047458121e-07,0.9329987488623903,0.9329987488623903,0.9329987488623903,0.0,-0.198164443254214,-0.198164443254214,0.968372416648525,7.04863309053394e-07,0.968372416648525,0.968372416648525,0.968372416648525,0.0,a_to_b,1.7976381552904561,0.9329987488623894,-0.198164443254214,0.968372416648525,tree,1,1.9958025985446692,1.9958025985446692,-0.03537366778613471,-3.5767330430758193e-07,-0.03537366778613471,-0.03537366778613471,-0.03537366778613471,0.0,,,,,,,,,0.9012428693570851,0.43338943826446275,0.18782640519918925,True,True,0.0,0.0,0.0,True,3.5767330430758193e-07,0.0,True,0.0,True,0.0,0.0,True,True,12,dog,bark-lex-0,0.0,True,1.0,True,3,3,1.9958025985446701,-0.0353736677861356,-8.881784197001252e-16,8.881784197001252e-16,True,True,True,1.0,ok,True,True,True,True,True,True,67.49665541158225,False,dog,1,0.8931734972513974,1.0,0.0,1.0,0.0,1.0,True,True,True,True,True,True,True,True,bark,0
0.00015197117991470763,0.0003314888772157493,0.00043804481632806543,0.0067312337647220544,0.0032134058895347127,0.004178088618401895,0.9931167950553632,0.9964551052332495,0.9953838665652701,142,0.0086669921875,True,True,True,-3.790822831931104,tree,0.6620249930321148,0.6620249930321148,59.94716470059341,59.94716470059341,0.8122555520478499,0.8122555520478499,0.0001795176973010417,0.0002860736364133578,-0.0035178278751873417,-0.0025531451463201597,0.0033383101778863278,0.002267071509906904,0.0,0.016204495153873566,0.2787269693564447,0.26252247420257113,0.0,0.016204495153873566,0.0,-2.4468426286684206,-1.463167123560483,0.7763321741177975,1.0492751401660536,-3.223174802786229,-2.512442263726566,0.11574644867730825,0.06789740965603305,1.2931618442688642,1.1416045222436,-3.931971674835305,-3.2490101513292053,-0.7087968720490867,-0.7365678876026687,-3.223174802786229,-2.512442263726566,0.11574644867730825,0.06789740965603305,1.2931618442688642,1.1416045222436,0.7799033591248108,0.7799033591248108,1.0586303284812555,-1.3830270670922573e-06,1.0586303284812555,1.0586303284812555,1.0586303284812555,0.0,-0.73942705056335,-0.73942705056335,-0.4769045763607789,-3.9339586699327356e-07,-0.4769045763607789,-0.4769045763607789,-0.4769045763607789,0.0,b_to_a,0.7799033591248108,1.0586303284812555,-0.73942705056335,-0.4769045763607789,dog,1,1.5193304096881608,1.5193304096881608,1.5355349048420344,-9.896312000989838e-07,1.5355349048420344,1.5355349048420344,1.5355349048420344,0.0,,,,,,,,,0.8587684051432131,0.5147381615349422,0.2649553749403779,True,True,0.0,0.0,0.0,True,9.896312000989838e-07,0.0,True,0.0,True,0.0,0.0,True,True,4,tree,bark-lex-0,8.881784197001252e-16,True,1.0,True,3,3,1.5193304096881608,1.5355349048420344,0.0,0.0,True,True,True,1.0,ok,True,True,True,True,True,True,73.80333018279194,False,tree,1,0.8093867424272055,1.0,1.0,1.0,1.0,1.0,True,True,True,True,True,True,True,True,bark,0
0.00015197117991470763,0.0003211351116424369,0.0003550392960283782,0.0067312337647220544,0.0037952391162746103,0.00444492120509348,0.9931167950553632,0.9958836257720829,0.9952000394988781,95,0.00579833984375,True,True,True,-3.790822831931104,tree,0.5559718098817292,0.5559718098817292,43.58670030224657,43.58670030224657,0.684514184964228,0.684514184964228,0.00016916393172772926,0.0002030681161136706,-0.002935994648447444,-0.002286312559628575,0.0027668307167196815,0.002083244443514931,0.0,-0.05764819179615355,0.10036653327079836,0.15801472506695013,0.0,-0.05764819179615355,0.0,-0.04971629491350171,0.22327098558171166,0.7483157753066649,0.8502195396826462,-0.7980320702201951,-0.6269485541009132,0.05304213570220465,0.03519105454140701,0.7701138921141931,0.8040450863235967,-1.2816458324372118,-0.4437405375491359,-0.4836137622170451,0.18320801655179864,-0.7980320702201951,-0.6269485541009132,0.05304213570220465,0.03519105454140701,0.7701138921141931,0.8040450863235967,0.7481710460717537,0.7481710460717537,0.8485375793425494,-1.163008420235201e-06,0.8485375793425494,0.8485375793425494,0.8485375793425494,0.0,-0.5730110328898341,-0.5730110328898341,-0.4149963078228849,1.5914753070944698e-08,-0.4149963078228849,-0.4149963078228849,-0.4149963078228849,0.0,b_to_a,0.7481710460717519,0.8485375793425503,-0.5730110328898341,-0.414996307822884,dog,1,1.3211820789615878,1.3211820789615878,1.2635338871654342,-1.1789231733061456e-06,1.2635338871654342,1.2635338871654342,1.2635338871654342,0.0,,,,,,,,,0.7665813201104047,0.6421556473537746,0.4123638754283539,True,True,0.0,0.0,0.0,True,1.1789231733061456e-06,0.0,True,0.0,True,0.0,0.0,True,True,8,tree,bark-lex-0,8.881784197001252e-16,True,1.0,True,3,3,1.321182078961586,1.2635338871654342,1.7763568394002505e-15,0.0,True,True,True,1.0,ok,True,True,True,True,True,True,63.67537921003692,False,tree,1,0.7698670119042517,1.0,1.0,1.0,1.0,1.0,True,True,True,True,True,True,True,True,bark,0
0.00015197117991470763,0.000197568932006996,6.923528494449414e-05,0.0067312337647220544,0.0030155562653135363,0.0045685710708590465,0.9931167950553632,0.9967868748026795,0.9953621936441964,222,0.0135498046875,True,True,True,-3.790822831931104,tree,0.6611426811597407,0.6611426811597407,56.230409627577394,56.230409627577394,0.833084384473492,0.833084384473492,4.559775209228838e-05,-8.273589497021348e-05,-0.003715677499408518,-0.002162662693863008,0.003670079747316257,0.002245398588833214,0.0,-1.463993083171415,-1.0485769155555005,0.41541616761591627,0.0,-1.463993083171415,0.0,0.013212928188160333,-1.2386688757763178,0.263764725121888,-0.7857855751224125,-0.25055179693370633,-0.4528833006539408,0.047344001487468895,0.04933316924234106,0.7193409806758115,0.6816775870466301,-0.8423553729549571,-0.9018744532018008,-0.5918035760212286,-0.4489911525478947,-0.25055179693370633,-0.4528833006539408,0.047344001487468895,0.04933316924234106,0.7193409806758115,0.6816775870466301,0.262396649222584,0.262396649222584,-0.7861802663329147,-1.017341766385016e-06,-0.7861802663329147,-0.7861802663329147,-0.7861802663329147,0.0,-0.8029741375574408,-0.8029741375574408,-0.3875579699415246,7.554401548759415e-11,-0.3875579699415246,-0.3875579699415246,-0.3875579699415246,0.0,b_to_a,0.26239664922258576,-0.7861802663329147,-0.8029741375574408,-0.3875579699415246,dog,1,1.0653707867800248,1.0653707867800248,-0.39862229639139013,-1.0174173104005035e-06,-0.39862229639139013,-0.39862229639139013,-0.39862229639139013,0.0,,,,,,,,,0.8988682167206005,0.43874054064802537,0.1924932620081242,True,True,0.0,0.0,0.0,True,1.0174173104005035e-06,0.0,True,0.0,True,0.0,0.0,True,True,12,tree,bark-lex-0,8.881784197001252e-16,True,1.0,True,3,3,1.0653707867800266,-0.39862229639139013,-1.7763568394002505e-15,0.0,True,True,True,1.0,ok,True,True,True,True,True,True,67.49665541158225,False,tree,1,0.8774828703685279,1.0,0.0,1.0,0.0,1.0,True,True,True,True,True,True,True,True,bark,0
0.01126850269540526,0.015566227218272659,0.011456541560936947,0.006160626343802904,0.0006869662797557338,0.0007708798763313876,0.9825708709607919,0.9837468065019717,0.9877725785627317,208,0.0126953125,True,True,True,0.6038330101095521,tree,0.6748652263476009,0.6748652263476009,54.16829410940918,54.16829410940918,0.8505209748860678,0.8505209748860678,0.004297724522867398,0.000188038865531686,-0.00547366006404717,-0.005389746467471517,0.0011759355411797845,0.005201707601939831,0.0,-0.4217901145997969,-0.3065427632912847,0.11524735130851305,0.0,-0.4217901145997969,0.0,-0.5537458204978885,-1.5285841018782698,-0.8363929094381461,-1.0798252261897172,0.28264708894023194,-0.44875887568859696,0.2362843439480502,0.3085619462888219,0.5196744784527033,0.6864874222909345,-1.9186007114087538,-2.531843059821747,-2.2012478003490106,-2.0830841841331953,0.28264708894023194,-0.44875887568859696,0.2362843439480502,0.3085619462888219,0.5196744784527033,0.6864874222909345,0.32309218384392935,0.32309218384392935,0.016549420552645522,-4.6506764572740167e-07,0.016549420552645522,0.016549420552645522,0.016549420552645522,0.0,-2.193648522854633,-2.193648522854633,-2.07840117154612,5.38195290111787e-07,-2.07840117154612,-2.07840117154612,-2.07840117154612,0.0,a_to_b,0.32309218384392935,0.016549420552644634,-2.193648522854634,-2.078401171546121,tree,1,2.5167407066985623,2.5167407066985623,2.0949505920987654,-1.0032629358391887e-06,2.0949505920987654,2.0949505920987654,2.0949505920987654,0.0,,,,,,,,,0.8242785583429234,0.5673117148902647,0.32184258185173953,True,True,0.0,0.0,0.0,True,1.0032629358391887e-06,0.0,True,0.0,True,0.0,0.0,True,True,4,dog,bark-lex-1,0.0,True,1.0,True,3,3,2.516740706698563,2.0949505920987654,-8.881784197001252e-16,0.0,True,True,True,1.0,ok,True,True,True,True,True,True,63.68836949219899,False,dog,1,0.7885332985784579,1.0,1.0,1.0,1.0,1.0,True,True,True,True,True,True,True,True,bark,0
0.01126850269540526,0.025623955590251376,0.024377438745821576,0.006160626343802904,0.001955236691007995,0.0030299708884507026,0.9825708709607919,0.9724208077187407,0.9725925903657278,140,0.008544921875,True,True,True,0.6038330101095521,tree,0.5666531601531364,0.5666531601531364,44.01640311092179,44.01640311092179,0.6887744098091618,0.6887744098091618,0.014355452894846115,0.013108936050416315,-0.004205389652794909,-0.0031306554553522017,-0.010150063242051144,-0.009978280595064115,0.0,-0.48791137220936864,-0.049869616184599064,0.43804175602477,0.0,-0.48791137220936864,0.0,1.6515207668649374,-0.6592141305426642,-0.030975014908820597,0.1088963526913318,1.6824957817737367,-0.7681104832340342,0.057340188865282145,0.03147494342646942,0.9504582888602826,0.5146927495723639,0.533874399384823,-1.4798574855797888,-1.148621382388936,-0.7117470023457946,1.6824957817737367,-0.7681104832340342,0.057340188865282145,0.03147494342646942,0.9504582888602826,0.5146927495723639,0.8215162174995747,0.8215162174995747,0.7716466013149761,-1.4461849024982598e-06,0.7716466013149761,0.7716466013149761,0.7716466013149761,0.0,-1.1476671958869256,-1.1476671958869256,-0.7096254398621555,3.013601972412516e-07,-0.7096254398621555,-0.7096254398621555,-0.7096254398621555,0.0,a_to_b,0.8215162174995747,0.7716466013149756,-1.1476671958869256,-0.7096254398621555,tree,1,1.9691834133865003,1.9691834133865003,1.4812720411771316,-1.7475450997395114e-06,1.4812720411771316,1.4812720411771316,1.4812720411771316,0.0,,,,,,,,,0.778934024852991,0.6301403547971396,0.3970768667438724,True,True,0.0,0.0,0.0,True,1.7475450997395114e-06,0.0,True,0.0,True,0.0,0.0,True,True,8,dog,bark-lex-1,0.0,True,1.0,True,3,3,1.9691834133865003,1.4812720411771312,0.0,4.440892098500626e-16,True,True,True,1.0,ok,True,True,True,True,True,True,63.905398464378756,False,dog,1,0.717167676267748,1.0,1.0,1.0,1.0,1.0,True,True,True,True,True,True,True,True,bark,0
0.01126850269540526,0.016474249812350707,0.012528128349237843,0.006160626343802904,0.0013664326193591292,0.0011575141917190745,0.9825708709607919,0.9821593175682902,0.9863143574590431,262,0.0159912109375,True,True,True,0.6038330101095521,tree,0.6905864298359778,0.6905864298359778,66.03922987563351,66.03922987563351,0.8374728199745409,0.8374728199745409,0.0052057471169454465,0.0012596256538325822,-0.004794193724443775,-0.00500311215208383,-0.00041155339250165124,0.0037434864982511806,0.0,-0.10789351157367566,-0.2738221602551807,-0.16592864868150503,0.0,-0.10789351157367566,0.0,0.4730620326025514,0.9921116017571983,-0.7696366082909929,-0.8012087807727735,1.2426986408934848,1.7933203825299255,0.24830152623978208,0.28736580634788744,1.1652532640909614,1.3968425770257686,-0.26709863687958446,0.1220783111531869,-1.5097972777731306,-1.6712420713767857,1.2426986408934848,1.7933203825299255,0.24830152623978208,0.28736580634788744,1.1652532640909614,1.3968425770257686,0.37978708276661344,0.37978708276661344,0.10596492251143186,-7.249170241863112e-07,0.10596492251143186,0.10596492251143186,0.10596492251143186,0.0,-1.505975035316209,-1.505975035316209,-1.6719036839977148,-3.444009761821576e-07,-1.6719036839977148,-1.6719036839977148,-1.6719036839977148,0.0,a_to_b,0.37978708276661255,0.10596492251143186,-1.5059750353162098,-1.6719036839977148,tree,1,1.8857621180828223,1.8857621180828223,1.7778686065091467,-3.805160480041536e-07,1.7778686065091467,1.7778686065091467,1.7778686065091467,0.0,,,,,,,,,0.8811433300426761,0.47363500148854043,0.22433011463505365,True,True,0.0,0.0,0.0,True,3.805160480041536e-07,0.0,True,0.0,True,0.0,0.0,True,True,12,dog,bark-lex-1,0.0,True,1.0,True,3,3,1.8857621180828223,1.7778686065091467,0.0,0.0,True,True,True,1.0,ok,True,True,True,True,True,True,78.85537094522195,False,dog,1,0.8538727834080467,1.0,1.0,1.0,1.0,1.0,True,True,True,True,True,True,True,True,bark,0
0.0006612038481025209,0.0006309262253392992,0.0005888650590657566,0.019193719169786308,0.011675115993512493,0.014519973845212145,0.9801450769821112,0.9876939577811482,0.9848911610957221,151,0.00921630859375,True,True,True,-3.3682761921179685,tree,0.6748652263476009,0.6748652263476009,54.16829410940918,54.16829410940918,0.8505209748860678,0.8505209748860678,-3.0277622763221737e-05,-7.233878903676434e-05,-0.007518603176273815,-0.004673745324574163,0.007548880799037039,0.004746084113610882,0.0,-0.28705735239562813,-0.06899188300463432,0.21806546939099558,0.0,-0.28705735239562813,0.0,0.4616749113843941,0.7003111244342595,-0.04713244016461715,-0.1172424967596788,0.5088073515489882,0.8175536211939516,0.08092494671431409,0.08831922810874188,0.7721904515626359,0.9481739352148749,0.4971221002973536,0.9400147112110382,-0.011685251251657647,0.12246109001709993,0.5088073515489882,0.8175536211939516,0.08092494671431409,0.08831922810874188,0.7721904515626359,0.9481739352148749,-0.0468732471542328,-0.0468732471542328,-0.11586513015886624,4.2206273853651055e-07,-0.11586513015886624,-0.11586513015886624,-0.11586513015886624,0.0,-0.4971233602324343,-0.4971233602324343,-0.2790578908414396,-1.4607986642545256e-07,-0.2790578908414396,-0.2790578908414396,-0.2790578908414396,0.0,b_to_a,-0.046873247154231024,-0.11586513015886535,-0.49712336023243386,-0.2790578908414383,dog,1,0.4502501130782015,0.4502501130782015,0.16319276068257338,5.681426049619631e-07,0.16319276068257338,0.16319276068257338,0.16319276068257338,0.0,,,,,,,,,0.8566070459298325,0.5184116868441295,0.2687506770565815,True,True,0.0,0.0,0.0,True,5.681426049619631e-07,0.0,True,0.0,True,0.0,0.0,True,True,4,tree,bark-lex-1,1.3322676295501878e-15,True,1.0,True,3,3,0.45025011307820284,0.16319276068257293,-1.3322676295501878e-15,4.440892098500626e-16,True,True,True,1.0,ok,True,True,True,True,True,True,63.68836949219899,False,tree,1,0.806344652500775,1.0,1.0,1.0,1.0,1.0,True,True,True,True,True,True,True,True,bark,0
0.0006612038481025209,0.0005320381054221852,0.0006885785324546623,0.019193719169786308,0.008850784576117819,0.014489488849260723,0.9801450769821112,0.99061717731846,0.9848219326182847,113,0.00689697265625,True,True,True,-3.3682761921179685,tree,0.5666531601531364,0.5666531601531365,44.01640311092179,44.016403110921786,0.6887744098091618,0.6887744098091617,-0.00012916574268033573,2.7374684352141402e-05,-0.01034293459366849,-0.0047042303205255855,0.010472100336348822,0.0046768556361734825,0.0,-0.23500311057882062,0.257914261268982,0.4929173718478026,0.0,-0.23500311057882062,0.0,-0.016866353417915647,0.4395591308192923,-0.217497949380558,0.04078606412813102,0.20063159596265123,0.3987730666911382,0.11684257048142149,0.07915736013674596,0.6712144442445477,0.5187268273792625,-0.31658551922242495,0.6498040342340339,-0.5172171151850673,0.2510309675428726,0.20063159596265123,0.3987730666911382,0.11684257048142149,0.07915736013674596,0.6712144442445477,0.5187268273792625,-0.21734707229670214,-0.21734707229670214,0.040567188972278956,1.6159117919301025e-06,0.040567188972278956,0.040567188972278956,0.040567188972278956,0.0,-0.7740769911834349,-0.7740769911834349,-0.28115961933563316,2.748210423675346e-07,-0.28115961933563316,-0.28115961933563316,-0.28115961933563316,0.0,b_to_a,-0.21734707229670125,0.04056718897228073,-0.7740769911834344,-0.2811596193356318,dog,1,0.5567299188867327,0.5567299188867327,0.3217268083079121,1.341090749562568e-06,0.3217268083079121,0.3217268083079121,0.3217268083079121,0.0,,,,,,,,,0.7815379505036449,0.6247849711725334,0.39035626020307174,True,True,0.0,0.0,0.0,True,1.341090749562568e-06,0.0,True,0.0,True,0.0,0.0,True,True,8,tree,bark-lex-1,1.3322676295501878e-15,True,1.0,True,3,3,0.5567299188867332,0.32172680830791256,-4.440892098500626e-16,-4.440892098500626e-16,True,True,True,1.0,ok,True,True,True,True,True,True,63.905398464378756,False,tree,1,0.7475110746477792,1.0,1.0,1.0,1.0,1.0,True,True,True,True,True,True,True,True,bark,0
0.0006612038481025209,0.00036917785177818005,0.0003259417466130355,0.019193719169786308,0.004383852709426055,0.006057171124314203,0.9801450769821112,0.9952469694387958,0.9936168871290727,237,0.01446533203125,True,True,True,-3.3682761921179685,tree,0.6905864298359778,0.6905864298359778,66.03922987563351,66.03922987563351,0.8374728199745409,0.8374728199745409,-0.00029202599632434086,-0.0003352621014894854,-0.014809866460360253,-0.013136548045472105,0.015101892456684585,0.013471810146961527,0.0,-0.44787476517705205,-0.12455983703421669,0.32331492814283447,0.0,-0.44787476517705205,0.0,-1.112459604022332,-0.7995749794666374,-0.5831832720512216,-0.7095220342318855,-0.5292763319711149,-0.09005294523477403,0.2199857193738713,0.16921157820028565,1.3542012740525653,1.2171343140935187,-1.7003604705509154,-0.7975003230179105,-1.171084138579805,-0.7074473777831578,-0.5292763319711149,-0.09005294523477403,0.2199857193738713,0.16921157820028565,1.3542012740525653,1.2171343140935187,-0.5827836747440429,-0.5827836747440429,-0.7073435117782605,3.6813809067837155e-07,-0.7073435117782605,-0.7073435117782605,-0.7073435117782605,0.0,-1.476655147163676,-1.476655147163676,-1.1533402190208415,-4.2327643345885235e-07,-1.1533402190208415,-1.1533402190208415,-1.1533402190208415,0.0,b_to_a,-0.5827836747440411,-0.7073435117782578,-1.4766551471636755,-1.153340219020841,dog,1,0.893871472419633,0.893871472419633,0.445996707242581,7.914145241372239e-07,0.445996707242581,0.445996707242581,0.445996707242581,0.0,,,,,,,,,0.891982280532274,0.45260913453995055,0.2048550286690058,True,True,0.0,0.0,0.0,True,7.914145241372239e-07,0.0,True,0.0,True,0.0,0.0,True,True,12,tree,bark-lex-1,1.3322676295501878e-15,True,1.0,True,3,3,0.8938714724196344,0.4459967072425832,-1.3322676295501878e-15,-2.220446049250313e-15,True,True,True,1.0,ok,True,True,True,True,True,True,78.85537094522195,False,tree,1,0.8699047477769485,1.0,1.0,1.0,1.0,1.0,True,True,True,True,True,True,True,True,bark,0
0.0007669441775487207,0.0016377182174239864,0.0011207135478647373,0.0007130992158335097,0.0003860506276902371,0.00042839760996330394,0.9985199566066177,0.9979762311548858,0.998450888842172,204,0.012451171875,True,True,True,0.07279345509412494,tree,0.6582703114454576,0.6582703114454576,56.624135033340615,56.624135033340615,0.7579495463080563,0.7579495463080563,0.0008707740398752657,0.00035376937031601655,-0.0003270485881432726,-0.0002847016058702058,-0.0005437254517319801,-6.906776444570717e-05,0.0,-0.4834216023332427,-0.37933836344249716,0.10408323889074556,0.0,-0.4834216023332427,0.0,2.865577645245411,2.3984499552676386,0.8216959836645836,0.47920179465343526,2.043881661580855,1.9192481606142096,0.08508220586207932,0.09300075650751366,1.186557850348879,1.022722029635765,1.4373948060883794,1.437598695084402,-0.6064868554924479,-0.48164946552980137,2.043881661580855,1.9192481606142096,0.08508220586207932,0.09300075650751366,1.186557850348879,1.022722029635765,0.7586452027104817,0.7586452027104817,0.3793068392679855,-1.6145353853858069e-06,0.3793068392679855,0.3793068392679855,0.3793068392679855,0.0,-0.6136520426917329,-0.6136520426917329,-0.5095688038009865,1.236329353559995e-06,-0.5095688038009865,-0.5095688038009865,-0.5095688038009865,0.0,a_to_b,0.7586452027104826,0.3793068392679855,-0.6136520426917329,-0.5095688038009873,tree,1,1.3722972454022146,1.3722972454022146,0.8888756430689719,-2.850864738945802e-06,0.8888756430689719,0.8888756430689719,0.8888756430689719,0.0,,,,,,,,,0.8009212921372966,0.6017306969479238,0.36207983164944063,True,True,0.0,0.0,0.0,True,2.850864738945802e-06,0.0,True,0.0,True,0.0,0.0,True,True,4,dog,bark-lex-2,0.0,True,1.0,True,3,3,1.3722972454022155,0.8888756430689728,-8.881784197001252e-16,-8.881784197001252e-16,True,True,True,1.0,ok,True,True,True,True,True,True,74.70699772716355,False,dog,1,0.7412995859530661,1.0,1.0,1.0,1.0,1.0,True,True,True,True,True,True,True,True,bark,0
0.0007669441775487207,0.0010745112824332625,0.0010900964985011573,0.0007130992158335097,0.0003285951177127799,0.00043984987252316344,0.9985199566066177,0.9985968935998539,0.9984700536289757,133,0.00811767578125,True,True,True,0.07279345509412494,tree,0.5779370138616863,0.5779370138616863,46.68528228644228,46.68528228644228,0.7188983600721716,0.7188983600721716,0.0003075671048845418,0.00032315232095243656,-0.00038450409812072983,-0.0002732493433103463,7.693699323618741e-05,-4.990297764206897e-05,0.0,-0.2772068363884115,0.014400285841587035,0.2916071222299994,0.0,-0.2772068363884115,0.0,1.3606628216078303,0.6904827875354478,0.22380690849996387,0.21867486900409627,1.1368559131078797,0.47180791853135773,0.21662423590291693,0.0772063712813755,0.6904952521544125,0.6686788685893514,0.38516384490165834,-0.011108075512117566,-0.751692068206208,-0.4829159940434691,1.1368559131078797,0.47180791853135773,0.21662423590291693,0.0772063712813755,0.6904952521544125,0.6686788685893514,0.3372071977287341,0.3372071977287341,0.351607483570322,-1.686944866463591e-06,0.351607483570322,0.351607483570322,0.351607483570322,0.0,-0.7747942157253771,-0.7747942157253771,-0.4831870934953777,-1.64059054341692e-07,-0.4831870934953777,-0.4831870934953777,-0.4831870934953777,0.0,a_to_b,0.33720719772873586,0.3516074835703229,-0.7747942157253771,-0.4831870934953777,tree,1,1.1120014134541112,1.1120014134541112,0.8347945770656997,-1.5228858121218991e-06,0.8347945770656997,0.8347945770656997,0.8347945770656997,0.0,,,,,,,,,0.7949873728795747,0.6098459090322269,0.3719120327633506,True,True,0.0,0.0,0.0,True,1.5228858121218991e-06,0.0,True,0.0,True,0.0,0.0,True,True,8,dog,bark-lex-2,0.0,True,1.0,True,3,3,1.112001413454113,0.8347945770657006,-1.7763568394002505e-15,-8.881784197001252e-16,True,True,True,1.0,ok,True,True,True,True,True,True,64.94003169203982,False,dog,1,0.7324017850711995,1.0,1.0,1.0,1.0,1.0,True,True,True,True,True,True,True,True,bark,0
0.0007669441775487207,0.001379433084490822,0.0014043035518217536,0.0007130992158335097,0.0003770369083366759,0.0007888773183514528,0.9985199566066177,0.9982435300071725,0.9978068191298268,258,0.0157470703125,True,True,True,0.07279345509412494,tree,0.678456323664031,0.678456323664031,67.11578677512422,67.11578677512422,0.8515360168638838,0.8515360168638838,0.0006124889069421012,0.0006373593742730329,-0.0003360623074968338,7.577810251794311e-05,-0.0002764265994452675,-0.0007131374767909149,0.0,-0.7203988551421263,0.01786888081166893,0.7382677359537952,0.0,-0.7203988551421263,0.0,1.6832852848924649,0.012667672569957489,0.7297842544495294,0.7227137342772947,0.9535010304429576,-0.7100460617073452,0.3353094725060538,0.32737811045975684,0.6545244321467566,0.8323421682015972,0.3271903623473129,-0.5868773664052735,-0.6263106680956225,0.12316869530206365,0.9535010304429576,-0.7100460617073452,0.3353094725060538,0.32737811045975684,0.6545244321467566,0.8323421682015972,0.5870138669371441,0.5870138669371441,0.6048827477488121,-5.456340250731273e-07,0.6048827477488121,0.6048827477488121,0.6048827477488121,0.0,-0.6372774806217407,-0.6372774806217407,0.10099025533205364,-9.224634780480301e-07,0.10099025533205364,0.10099025533205364,0.10099025533205364,0.0,a_to_b,0.5870138669371441,0.604882747748813,-0.6372774806217416,0.10099025533205364,tree,1,1.2242913475588848,1.2242913475588848,0.5038924924167585,3.768294529749028e-07,0.5038924924167585,0.5038924924167585,0.5038924924167585,0.0,,,,,,,,,0.895508691170537,0.4454409931280367,0.19841767835889462,True,True,0.0,0.0,0.0,True,3.768294529749028e-07,0.0,True,0.0,True,0.0,0.0,True,True,12,dog,bark-lex-2,0.0,True,1.0,True,3,3,1.2242913475588857,0.5038924924167594,-8.881784197001252e-16,-8.881784197001252e-16,True,True,True,1.0,ok,True,True,True,True,True,True,78.81732004983711,False,dog,1,0.8767072465222061,1.0,1.0,1.0,1.0,1.0,True,True,True,True,True,True,True,True,bark,0
7.65346674163381e-05,0.00019194371215048843,0.0004403763591151815,0.0009476845814918551,0.001538971776404702,0.00231201191143127,0.9989757807510918,0.9982690845114448,0.9972476117294535,168,0.01025390625,True,True,True,-2.516277919922638,tree,0.6582703114454576,0.6582703114454576,56.624135033340615,56.624135033340615,0.7579495463080563,0.7579495463080563,0.00011540904473415034,0.00036384169169884344,0.0005912871949128468,0.001364327329939415,-0.0007066962396470311,-0.0017281690216383039,0.0,0.4234239727313023,0.8304275597610467,0.4070035870297444,0.0,0.4234239727313023,0.0,-1.281347736760317,0.24662726460679352,0.905566284753295,1.7289123798616925,-2.1869140215136333,-1.4822851152549212,0.04919554566805947,0.027370272457412994,0.8908403650545286,0.790648888875451,-1.760636641546121,-0.839845447587944,0.42627737996749016,0.6424396676669542,-2.1869140215136333,-1.4822851152549212,0.04919554566805947,0.027370272457412994,0.8908403650545286,0.790648888875451,0.9194583561398684,0.9194583561398684,1.749885915900915,7.933794918812964e-07,1.749885915900915,1.749885915900915,1.749885915900915,0.0,0.4848480678062357,0.4848480678062357,0.8918516548359801,-5.568601206817902e-07,0.8918516548359801,0.8918516548359801,0.8918516548359801,0.0,b_to_a,0.9194583561398684,1.749885915900915,0.48484806780623746,0.8918516548359818,dog,1,0.4346102883336327,0.4346102883336327,0.858034261064935,1.3502396125630867e-06,0.858034261064935,0.858034261064935,0.858034261064935,0.0,,,,,,,,,0.8362043848602528,0.5508282788256965,0.303411792754086,True,True,0.0,0.0,0.0,True,1.3502396125630867e-06,0.0,True,0.0,True,0.0,0.0,True,True,4,tree,bark-lex-2,-8.881784197001252e-16,True,1.0,True,3,3,0.4346102883336309,0.8580342610649332,1.7763568394002505e-15,1.7763568394002505e-15,True,True,True,1.0,ok,True,True,True,True,True,True,74.70699772716355,False,tree,1,0.7847304495764459,1.0,1.0,1.0,1.0,1.0,True,True,True,True,True,True,True,True,bark,0
7.65346674163381e-05,0.0002188351972325877,0.00013126925976936907,0.0009476845814918551,0.0008478123998588303,0.0005277611359269089,0.9989757807510918,0.9989333524029086,0.9993409696043037,101,0.00616455078125,True,True,True,-2.516277919922638,tree,0.5779370138616863,0.5779370138616863,46.68528228644228,46.68528228644228,0.7188983600721716,0.7188983600721716,0.00014230052981624962,5.473459235303097e-05,-9.987218163302479e-05,-0.00041992344556494616,-4.242834818324326e-05,0.0003651888532119063,0.0,-0.03705269320100868,-0.511068290669769,-0.4740155974687612,0.0,-0.03705269320100868,0.0,0.4726550510175791,-0.39716929147935964,1.0460447760447167,0.537677918791239,-0.5733897250271482,-0.9348472102705969,0.008307329261059603,0.007776739194368756,0.7839213258156574,0.8998125232885552,-0.4899261502065215,-1.6864171426445669,0.08346357482061517,-0.7515699323739691,-0.5733897250271482,-0.9348472102705969,0.008307329261059603,0.007776739194368756,0.7839213258156574,0.8998125232885552,1.0505751154525136,1.0505751154525136,0.5395068247827428,-1.972917438308741e-07,0.5395068247827428,0.5395068247827428,0.5395068247827428,0.0,-0.11136234221003427,-0.11136234221003427,-0.5853779396787964,-5.14313335031602e-07,-0.5853779396787964,-0.5853779396787964,-0.5853779396787964,0.0,b_to_a,1.0505751154525136,0.5395068247827446,-0.11136234221003427,-0.5853779396787955,dog,1,1.1619374576625479,1.1619374576625479,1.1248847644615392,3.170215912007279e-07,1.1248847644615392,1.1248847644615392,1.1248847644615392,0.0,,,,,,,,,0.7856459069384975,0.6186991577465614,0.38278864779631233,True,True,0.0,0.0,0.0,True,3.170215912007279e-07,0.0,True,0.0,True,0.0,0.0,True,True,8,tree,bark-lex-2,-8.881784197001252e-16,True,1.0,True,3,3,1.1619374576625479,1.12488476446154,0.0,-8.881784197001252e-16,True,True,True,1.0,ok,True,True,True,True,True,True,64.94003169203982,False,tree,1,0.7803412971012169,1.0,1.0,1.0,1.0,1.0,True,True,True,True,True,True,True,True,bark,0
7.65346674163381e-05,0.00018222086181380755,9.860937640669773e-05,0.0009476845814918551,0.0007069792087901056,0.0005265990949736745,0.9989757807510918,0.999110799929396,0.9993747915286196,249,0.01519775390625,True,True,True,-2.516277919922638,tree,0.678456323664031,0.6784563236640311,67.11578677512422,67.11578677512422,0.8515360168638838,0.8515360168638838,0.00010568619439746945,2.2074708990359632e-05,-0.00024070537270174947,-0.00042108548651818053,0.0001350191783041632,0.00039901077752779734,0.0,-0.3194913959348131,-0.6140531253083008,-0.2945617293734877,0.0,-0.3194913959348131,0.0,0.2439011395033308,0.8786833066416389,0.8639418708024991,0.23997379911094363,-0.6200407312991665,0.6387095075307165,0.00928747677507141,0.006038367190104907,0.8186391042028116,0.8214143034241699,-0.7726297738431,0.2924795715778483,-0.15258904254393357,-0.3462299359528478,-0.6200407312991665,0.6387095075307165,0.00928747677507141,0.006038367190104907,0.8186391042028116,0.8214143034241699,0.8674756707747004,0.8674756707747004,0.25342254546639964,-5.525569033437705e-07,0.25342254546639964,0.25342254546639964,0.25342254546639964,0.0,-0.29302046913390356,-0.29302046913390356,-0.5875821985073912,-1.522439079693072e-06,-0.5875821985073912,-0.5875821985073912,-0.5875821985073912,0.0,b_to_a,0.8674756707747004,0.25342254546639964,-0.2930204691339018,-0.5875821985073895,dog,1,1.160496139908604,1.160496139908604,0.8410047439737909,9.698821763493015e-07,0.8410047439737909,0.8410047439737909,0.8410047439737909,0.0,,,,,,,,,0.89349508804224,0.44914488246421336,0.20173112544379476,True,True,0.0,0.0,0.0,True,9.698821763493015e-07,0.0,True,0.0,True,0.0,0.0,True,True,12,tree,bark-lex-2,-8.881784197001252e-16,True,1.0,True,3,3,1.1604961399086022,0.8410047439737891,1.7763568394002505e-15,1.7763568394002505e-15,True,True,True,1.0,ok,True,True,True,True,True,True,78.81732004983711,False,tree,1,0.8854578124214433,1.0,1.0,1.0,1.0,1.0,True,True,True,True,True,True,True,True,bark,0
0.0004027121221640386,0.0005031477469089402,0.000325894706296561,0.0007146615804909992,0.00011882423246137513,0.0001416848118843214,0.9988826262973449,0.9993780280206297,0.9995324204818191,199,0.01214599609375,True,True,True,-0.5735871470225202,dog,0.5602368982722709,0.5602368982722709,42.504706748161404,42.504706748161404,0.7637775877165466,0.7637775877165466,0.0001004356247449016,-7.681741586747757e-05,-0.0005958373480296241,-0.0005729767686066779,0.0004954017232847718,0.000649794184474195,0.0,-0.6102691088914636,-0.43430951602354817,0.1759595928679154,0.0,-0.6102691088914636,0.0,0.8894634949188021,0.21079295396128828,-0.48959955920279086,-0.8141352908605803,1.37906305412168,1.0249282448218935,0.033337637417789515,0.017917571118624197,0.7972627463841239,0.5893717303149134,-0.4434669708457939,-0.6035697116163767,-1.8225300249673868,-1.6284979564382454,1.37906305412168,1.0249282448218935,0.033337637417789515,0.017917571118624197,0.7972627463841239,0.5893717303149134,0.2226618887739562,0.2226618887739562,-0.21164762724959196,3.4565335305103417e-07,-0.21164762724959196,-0.21164762724959196,-0.21164762724959196,0.0,-1.7941637535712989,-1.7941637535712989,-1.6182041607033835,1.1303920999239381e-07,-1.6182041607033835,-1.6182041607033835,-1.6182041607033835,0.0,a_to_b,0.2226618887739562,-0.21164762724959196,-1.7941637535712989,-1.6182041607033835,tree,1,2.016825642345255,2.016825642345255,1.4065565334537915,2.3261414305864037e-07,1.4065565334537915,1.4065565334537915,1.4065565334537915,0.0,,,,,,,,,0.8205104862732728,0.5728935418593526,0.32820701030416066,True,True,0.0,0.0,0.0,True,2.3261414305864037e-07,0.0,True,0.0,True,0.0,0.0,True,True,4,dog,bark-lex-3,0.0,True,1.0,True,3,3,2.016825642345255,1.4065565334537915,0.0,0.0,True,True,True,1.0,ok,True,True,True,True,True,True,55.650633681510655,False,dog,1,0.7825043237655444,1.0,1.0,1.0,1.0,1.0,True,True,True,True,True,True,True,True,bark,0
0.0004027121221640386,0.000550144165643941,0.00042249263560949863,0.0007146615804909992,0.0001723935101310018,0.00012747522590350466,0.9988826262973449,0.9992774623242251,0.999450032138487,211,0.01287841796875,True,True,True,-0.5735871470225202,dog,0.5533000325392462,0.5533000325392462,54.49998645889339,54.49998645889339,0.8518543382208845,0.8518543382208845,0.00014743204347990237,1.9780513445460035e-05,-0.0005422680703599974,-0.0005871863545874945,0.0003948360268801743,0.0005674058411421212,0.0,0.03784932709337241,-0.2640083470966079,-0.30185767418998033,0.0,0.03784932709337241,0.0,-0.37127691972399113,-0.9455676077057085,-0.28258888293666296,-1.0749016176530706,-0.08868803678728199,0.1293340099473994,0.007981359862634785,0.013340531254186522,0.5207642600769519,0.3895026204372231,-1.521700077307818,-1.6096698727183654,-1.4330120405204898,-1.7390038826657275,-0.08868803678728199,0.1293340099473994,0.007981359862634785,0.013340531254186522,0.5207642600769519,0.3895026204372231,0.3119583936074033,0.3119583936074033,0.047950046510795374,1.9748602042568564e-07,0.047950046510795374,0.047950046510795374,0.047950046510795374,0.0,-1.4220294033776764,-1.4220294033776764,-1.7238870775676567,-1.0590151688916194e-07,-1.7238870775676567,-1.7238870775676567,-1.7238870775676567,0.0,a_to_b,0.3119583936074042,0.04795004651079626,-1.4220294033776764,-1.7238870775676567,tree,1,1.7339877969850797,1.7339877969850797,1.771837124078452,3.033875373148476e-07,1.771837124078452,1.771837124078452,1.771837124078452,0.0,,,,,,,,,0.7804397931620815,0.6252329397087936,0.3909162288969072,True,True,0.0,0.0,0.0,True,3.033875373148476e-07,0.0,True,0.0,True,0.0,0.0,True,True,8,dog,bark-lex-3,0.0,True,1.0,True,3,3,1.7339877969850805,1.771837124078453,-8.881784197001252e-16,-8.881784197001252e-16,True,True,True,1.0,ok,True,True,True,True,True,True,63.978058235540296,False,dog,1,0.7788587657175842,1.0,1.0,1.0,1.0,1.0,True,True,True,True,True,True,True,True,bark,0
0.0004027121221640386,0.000773908458828556,0.0005732756528917021,0.0007146615804909992,0.000315809757905485,0.000490486315559985,0.9988826262973449,0.998910281783266,0.9989362380315483,347,0.02117919921875,True,True,True,-0.5735871470225202,dog,0.6502840584114177,0.6502840584114177,66.40388139854667,66.40388139854667,0.9241870282720447,0.9241870282720447,0.0003711963366645174,0.00017056353072766352,-0.0003988518225855142,-0.00022417526493101426,2.7655485921096457e-05,5.361173420337373e-05,0.0,-0.7403443049987448,-0.3000869256910317,0.44025737930771225,0.0,-0.7403443049987448,0.0,-0.2074507770290417,-0.12082894539847722,0.40850308447669725,0.23930910328254917,-0.6159538615056626,-0.3601380486809873,0.005626614842337339,0.006935578908443752,0.531478517405666,0.49491673737422115,-1.437582615672456,-0.730764176255235,-0.8216287541667171,-0.37062612757420954,-0.6159538615056626,-0.3601380486809873,0.005626614842337339,0.006935578908443752,0.531478517405666,0.49491673737422115,0.6532316267234499,0.6532316267234499,0.35314470103241646,7.307499316766553e-08,0.35314470103241646,0.35314470103241646,0.35314470103241646,0.0,-0.8166691162987298,-0.8166691162987298,-0.3764117369910185,-8.60971683280809e-07,-0.3764117369910185,-0.3764117369910185,-0.3764117369910185,0.0,a_to_b,0.653231626723449,0.35314470103241735,-0.8166691162987298,-0.3764117369910176,tree,1,1.4699007430221798,1.4699007430221798,0.729556438023435,9.340466764484745e-07,0.729556438023435,0.729556438023435,0.729556438023435,0.0,,,,,,,,,0.8763913484740683,0.4818590861762638,0.23218817893062715,True,True,0.0,0.0,0.0,True,9.340466764484745e-07,0.0,True,0.0,True,0.0,0.0,True,True,12,dog,bark-lex-3,0.0,True,1.0,True,3,3,1.4699007430221789,0.729556438023435,8.881784197001252e-16,0.0,True,True,True,1.0,ok,True,True,True,True,True,True,71.85112901086939,False,dog,1,0.8922019338782339,1.0,1.0,1.0,1.0,1.0,True,True,True,True,True,True,True,True,bark,0
3.234043558239902e-05,0.00011872235906420086,8.24650504492548e-05,0.01663979033322492,0.017408316775205407,0.015497311094613714,0.9833278692311926,0.9824729608657304,0.984420223854937,152,0.00927734375,True,True,True,-6.243233791227278,tree,0.5602368982722709,0.5602368982722709,42.504706748161404,42.504706748161404,0.7637775877165466,0.7637775877165466,8.638192348180184e-05,5.0124614866855784e-05,0.0007685264419804855,-0.0011424792386112072,-0.0008549083654622036,0.0010923546237443515,0.0,-0.24813154087613754,-0.36441307737985795,-0.1162815365037213,0.0,-0.24813154087613754,0.0,0.8450741121161691,0.9959074022425476,1.3019255564661663,0.9372762956939305,-0.4568514443500149,0.05863110654861714,0.03727540328139546,0.0703016937495655,0.915243591849974,0.9790239838316277,-0.25926679383100293,0.19196320768364217,0.19758465051899599,0.1333321011350268,-0.4568514443500149,0.05863110654861714,0.03727540328139546,0.0703016937495655,0.915243591849974,0.9790239838316277,1.3004693271436771,1.3004693271436771,0.9360562497638192,-6.068840381345808e-07,0.9360562497638192,0.9360562497638192,0.9360562497638192,0.0,0.04515123246614916,0.04515123246614916,-0.07113030403757126,-5.095269832722238e-07,-0.07113030403757126,-0.07113030403757126,-0.07113030403757126,0.0,b_to_a,1.300469327143679,0.936056249763821,0.04515123246614827,-0.07113030403757303,dog,1,1.255318094677528,1.255318094677528,1.0071865538013904,-9.735705486235702e-08,1.0071865538013904,1.0071865538013904,1.0071865538013904,0.0,,,,,,,,,0.8409012478070121,0.5451867486484051,0.29722859090182635,True,True,0.0,0.0,0.0,True,9.735705486235702e-08,0.0,True,0.0,True,0.0,0.0,True,True,4,tree,bark-lex-3,3.552713678800501e-15,True,1.0,True,3,3,1.2553180946775306,1.007186553801394,-2.6645352591003757e-15,-3.552713678800501e-15,True,True,True,1.0,ok,True,True,True,True,True,True,55.650633681510655,False,tree,1,0.774996016867292,1.0,1.0,1.0,1.0,1.0,True,True,True,True,True,True,True,True,bark,0
3.234043558239902e-05,7.82645679438151e-05,9.248097948291322e-05,0.01663979033322492,0.017009553319834503,0.028371184891537952,0.9833278692311926,0.9829121821122218,0.9715363341289791,124,0.007568359375,True,True,True,-6.243233791227278,tree,0.5533000325392462,0.5533000325392463,54.49998645889339,54.49998645889338,0.8518543382208845,0.8518543382208844,4.592413236141608e-05,6.0140543900514196e-05,0.0003697629866095814,0.01173139455831303,-0.0004156871189708866,-0.011791535102213535,0.0,-0.34469085513010533,0.16690801226407181,0.5115988673941754,0.0,-0.34469085513010533,0.0,1.377088338494456,1.1525832147572377,0.8845105505872244,1.0505486010845146,0.49257778790723705,0.10203461367272837,0.026656930612116488,0.04187991931007377,0.8315597376754726,0.7161787508195909,0.7111023373074374,0.868628740598119,0.2185245494002066,0.7665941269253973,0.49257778790723705,0.10203461367272837,0.026656930612116488,0.04187991931007377,0.8315597376754726,0.7161787508195909,0.8837766609966202,0.8837766609966202,1.0506846732606903,5.325433605207763e-07,1.0506846732606903,1.0506846732606903,1.0506846732606903,0.0,0.021978311059188904,0.021978311059188904,0.5335771784533643,7.06161174868214e-07,0.5335771784533643,0.5335771784533643,0.5335771784533643,0.0,b_to_a,0.883776660996622,1.0506846732606938,0.021978311059188016,0.5335771784533634,dog,1,0.8617983499374313,0.8617983499374313,0.517107494807326,-1.7361781434743762e-07,0.517107494807326,0.517107494807326,0.517107494807326,0.0,,,,,,,,,0.7475828673102661,0.6653684938440424,0.44271523260029766,True,True,0.0,0.0,0.0,True,1.7361781434743762e-07,0.0,True,0.0,True,0.0,0.0,True,True,8,tree,bark-lex-3,3.552713678800501e-15,True,1.0,True,3,3,0.861798349937434,0.5171074948073304,-2.6645352591003757e-15,-4.440892098500626e-15,True,True,True,1.0,ok,True,True,True,True,True,True,63.978058235540296,False,tree,1,0.7076407079277625,1.0,1.0,1.0,1.0,1.0,True,True,True,True,True,True,True,True,bark,0
3.234043558239902e-05,5.748369865070211e-05,0.0001413625965990049,0.01663979033322492,0.015838246487224508,0.019874330579492058,0.9833278692311926,0.9841042698141248,0.9799843068239089,271,0.01654052734375,True,True,True,-6.243233791227278,tree,0.6502840584114177,0.6502840584114177,66.40388139854667,66.40388139854667,0.9241870282720447,0.9241870282720447,2.514326306830309e-05,0.00010902216101660588,-0.0008015438460004139,0.003234540246267136,0.0007764005829321574,-0.003343562407283729,0.0,0.6728254909136746,0.8998267906575439,0.2270012997438693,0.0,0.6728254909136746,0.0,0.6697483777941908,1.213499704358144,0.5750356981897493,1.4742935100829762,0.09471267960444862,-0.2607938057248482,0.01591897258505532,0.04389347804231314,0.723825267088745,0.8682928775348142,0.19747419732491878,0.025281607581352006,0.10276151772047815,0.28607541330618425,0.09471267960444862,-0.2607938057248482,0.01591897258505532,0.04389347804231314,0.723825267088745,0.8682928775348142,0.5751830829804074,0.5751830829804074,1.4750098736379513,1.0738337081761529e-06,1.4750098736379513,1.4750098736379513,1.4750098736379513,0.0,-0.049369156452607754,-0.049369156452607754,0.17763214329126154,9.266302471999666e-07,0.17763214329126154,0.17763214329126154,0.17763214329126154,0.0,b_to_a,0.5751830829804092,1.475009873637953,-0.04936915645260864,0.17763214329126065,dog,1,0.6245522394330152,0.6245522394330152,1.2973777303466898,1.472034609761863e-07,1.2973777303466898,1.2973777303466898,1.2973777303466898,0.0,,,,,,,,,0.8774740239190137,0.479972372797622,0.23037347864898297,True,True,0.0,0.0,0.0,True,1.472034609761863e-07,0.0,True,0.0,True,0.0,0.0,True,True,12,tree,bark-lex-3,3.552713678800501e-15,True,1.0,True,3,3,0.6245522394330179,1.2973777303466925,-2.6645352591003757e-15,-2.6645352591003757e-15,True,True,True,1.0,ok,True,True,True,True,True,True,71.85112901086939,False,tree,1,0.8591944916052321,1.0,1.0,1.0,1.0,1.0,True,True,True,True,True,True,True,True,bark,0
0.0006101715747848715,0.0005086557988356413,0.0006516144536712699,0.0004184297428881424,0.0003125097039479186,0.00035318890331119304,0.998971398682327,0.9991788344972165,0.9989951966430176,167,0.01019287109375,True,True,True,0.3772311903245704,bird,0.5080619947657593,0.5080619947657592,32.72519613540708,32.72519613540708,0.7173872358785354,0.7173872358785354,-0.00010151577594923016,4.144287888639849e-05,-0.00010592003894022378,-6.524083957694935e-05,0.00020743581488946727,2.3797960690630227e-05,0.0,0.12531397134958056,0.24768150067944195,0.12236752932986228,0.0,0.12531397134958056,0.0,-0.20587203732351433,0.2714796867233389,-0.18453585170718156,0.06861254498267488,-0.021336185616306125,0.2028671417406791,0.05747171112158657,0.04721437066083977,0.31702520475860657,0.32637562042904716,-0.1913663706282822,0.13741454427417743,-0.17003018501194767,-0.06545259746648568,-0.021336185616306125,0.2028671417406791,0.05747171112158657,0.04721437066083977,0.31702520475860657,0.32637562042904716,-0.18196863013907993,-0.18196863013907993,0.06571287054036112,-2.571941539741829e-07,0.06571287054036112,0.06571287054036112,0.06571287054036112,0.0,-0.2918734761052164,-0.2918734761052164,-0.1695059467753559,8.60820748016522e-10,-0.1695059467753559,-0.1695059467753559,-0.1695059467753559,0.0,a_to_b,-0.18196863013907993,0.06571287054036201,-0.2918734761052191,-0.1695059467753568,bird,1,0.10990484596613648,0.10990484596613648,0.23521881731571703,-2.580549747221994e-07,0.23521881731571703,0.23521881731571703,0.23521881731571703,0.0,,,,,,,,,0.8698014359110315,0.4955391308448565,0.2455590301984812,True,True,0.0,0.0,0.0,True,2.580549747221994e-07,0.0,True,0.0,True,0.0,0.0,True,True,4,machine,crane-lex-0,8.881784197001252e-16,True,1.0,True,3,3,0.10990484596613914,0.2352188173157188,-2.6645352591003757e-15,-1.7763568394002505e-15,True,True,True,1.0,ok,True,True,True,True,True,True,45.61719877177736,False,machine,1,0.8238278770823362,1.0,1.0,1.0,1.0,1.0,True,True,True,True,True,True,True,True,crane,0
0.0006101715747848715,0.0007531444120196904,0.0007319167889969783,0.0004184297428881424,0.0003070130992657678,0.00043880268183456056,0.998971398682327,0.9989398424887146,0.9988292805291684,114,0.0069580078125,True,True,True,0.3772311903245704,bird,0.5039975681172774,0.5039975681172775,33.3431112804602,33.3431112804602,0.7546799508923346,0.7546799508923346,0.0001429728372348189,0.00012174521421210685,-0.00011141664362237461,2.0372938946418176e-05,-3.1556193612392036e-05,-0.0001421181531585658,0.0,-0.38574958521094516,-0.028590160376654516,0.3571594248342933,0.0,-0.38574958521094516,0.0,0.11612521738505954,0.5189913590989708,0.21164692868941248,0.1791137491213286,-0.09552171130434672,0.3398776099776626,0.02737698069919563,0.019697366808233228,0.43377492888706315,0.3948587547521946,-0.3308616904356416,0.05733570166485258,-0.2353399791312878,-0.2825419083127887,-0.09552171130434672,0.3398776099776626,0.02737698069919563,0.019697366808233228,0.43377492888706315,0.3948587547521946,0.21051680388523586,0.21051680388523586,0.18192664350858223,8.340051405042459e-07,0.18192664350858223,0.18192664350858223,0.18192664350858223,0.0,-0.309618582137837,-0.309618582137837,0.04754084269645453,3.948271878329024e-07,0.04754084269645453,0.04754084269645453,0.04754084269645453,0.0,a_to_b,0.21051680388523675,0.18192664350858223,-0.3096185821378379,0.04754084269645542,bird,1,0.5201353860230729,0.5201353860230729,0.1343858008121277,4.391779526713435e-07,0.1343858008121277,0.1343858008121277,0.1343858008121277,0.0,,,,,,,,,0.8312030372757204,0.556479057060996,0.30966894094750136,True,True,0.0,0.0,0.0,True,4.391779526713435e-07,0.0,True,0.0,True,0.0,0.0,True,True,8,machine,crane-lex-0,8.881784197001252e-16,True,1.0,True,3,3,0.5201353860230746,0.1343858008121268,-1.7763568394002505e-15,8.881784197001252e-16,True,True,True,1.0,ok,True,True,True,True,True,True,44.181790229136546,False,machine,1,0.8073822454357208,1.0,1.0,1.0,1.0,1.0,True,True,True,True,True,True,True,True,crane,0
0.0006101715747848715,0.0007254837578206792,0.0009417697271566689,0.0004184297428881424,0.00033691011523656405,0.0004372390183274992,0.998971398682327,0.9989376061269428,0.9986209912545159,234,0.0142822265625,True,True,True,0.3772311903245704,bird,0.6053033298162726,0.6053033298162726,48.441006946319575,48.441006946319575,0.8550296221671906,0.8550296221671906,0.00011531218303580777,0.0003315981523717975,-8.151962765157834e-05,1.8809275439356818e-05,-3.379255538416004e-05,-0.0003504074278111169,0.0,0.0002582853284440745,0.2609221091845555,0.26066382385611053,0.0,0.0002582853284440745,0.0,0.3098218049281076,0.483564583614843,0.1760816239040599,0.43943982239497537,0.13374018102405927,0.044124761219897835,0.07076435867740943,0.033882668033868996,0.39909996497537176,0.346338076276326,0.12335371247764648,0.17327983576716832,-0.010386468546400351,0.12915507454730246,0.13374018102405927,0.044124761219897835,0.07076435867740943,0.033882668033868996,0.39909996497537176,0.346338076276326,0.17309849674991717,0.17309849674991717,0.43402060593447267,8.835963232201038e-07,0.43402060593447267,0.43402060593447267,0.43402060593447267,0.0,-0.21669282302300985,-0.21669282302300985,0.04397100083310157,-1.8736134599350862e-07,0.04397100083310157,0.04397100083310157,0.04397100083310157,0.0,a_to_b,0.17309849674991806,0.43402060593447356,-0.21669282302301074,0.043971000833099794,bird,1,0.389791319772927,0.389791319772927,0.3900496051013711,1.0709576692136125e-06,0.3900496051013711,0.3900496051013711,0.3900496051013711,0.0,,,,,,,,,0.9019961784791641,0.4317575441552171,0.18641457693494715,True,True,0.0,0.0,0.0,True,1.0709576692136125e-06,0.0,True,0.0,True,0.0,0.0,True,True,12,machine,crane-lex-0,8.881784197001252e-16,True,1.0,True,3,3,0.3897913197729288,0.39004960510137376,-1.7763568394002505e-15,-2.6645352591003757e-15,True,True,True,1.0,ok,True,True,True,True,True,True,56.65418564509982,False,machine,1,0.8985781489351128,1.0,1.0,1.0,1.0,1.0,True,True,True,True,True,True,True,True,crane,0
7.715043985534651e-06,7.989947020589158e-06,9.640176034060696e-06,0.0018344060924507628,0.0015258716855590334,0.0018559861342559126,0.9981578788635637,0.9984661383674204,0.99813437368971,187,0.01141357421875,True,True,True,-5.471303865661252,bird,0.5080619947657593,0.5080619947657593,32.72519613540708,32.72519613540708,0.7173872358785354,0.7173872358785354,2.749030350545072e-07,1.9251320485260454e-06,-0.00030853440689172936,2.158004180514983e-05,0.0003082595038567115,-2.3505173853632932e-05,0.0,-0.008095079511984515,0.18775524020895418,0.1958503197209387,0.0,-0.008095079511984515,0.0,0.14584557262185704,0.012906283422783105,0.06772698653139919,0.2623313654796462,0.07811858609046496,-0.24942508205685243,0.0014795588144963217,0.0006680917630474562,0.1690739757898709,0.19309734302308748,-0.10613957119065098,-0.23773691578747957,-0.18425815728110795,0.011688166269384404,0.07811858609046496,-0.24942508205685243,0.0014795588144963217,0.0006680917630474562,0.1690739757898709,0.19309734302308748,0.03501194194191193,0.03501194194191193,0.2227671821508661,-1.1977114127148525e-06,0.2227671821508661,0.2227671821508661,0.2227671821508661,0.0,-0.18415492993078075,-0.18415492993078075,0.01169538979015794,-3.171675437840804e-07,0.01169538979015794,0.01169538979015794,0.01169538979015794,0.0,b_to_a,0.03501194194191193,0.2227671821508661,-0.18415492993078075,0.01169538979015794,machine,1,0.21916687187269268,0.21916687187269268,0.21107179236070817,-8.805438689307721e-07,0.21107179236070817,0.21107179236070817,0.21107179236070817,0.0,,,,,,,,,0.8683301953799175,0.49770160612962444,0.24770688874401264,True,True,0.0,0.0,0.0,True,8.805438689307721e-07,0.0,True,0.0,True,0.0,0.0,True,True,4,bird,crane-lex-0,8.881784197001252e-16,True,1.0,True,3,3,0.21916687187269268,0.21107179236070817,0.0,0.0,True,True,True,1.0,ok,True,True,True,True,True,True,45.61719877177736,False,bird,1,0.827048032736237,1.0,1.0,1.0,1.0,1.0,True,True,True,True,True,True,True,True,crane,0
7.715043985534651e-06,1.0168043846723596e-05,1.1108353328717119e-05,0.0018344060924507628,0.002065697991385038,0.002324656874499307,0.9981578788635637,0.9979241339647683,0.9976642347721719,113,0.00689697265625,True,True,True,-5.471303865661252,bird,0.5039975681172774,0.5039975681172775,33.3431112804602,33.3431112804602,0.7546799508923346,0.7546799508923346,2.4529998611889454e-06,3.3933093431824677e-06,0.0002312918989342751,0.0004902507820485444,-0.00023374489879535165,-0.0004936440913917428,0.0,-0.02965673630657495,0.08844753132479077,0.11810426763136395,0.0,-0.02965673630657495,0.0,0.38620362407110065,0.2163519483915799,0.3154031903134946,0.3997002462246346,0.07080043375761846,-0.18334829783304585,0.0019483985610676676,0.004138959238683938,0.2771265965245573,0.2670928524477876,0.18935204129045324,0.053652327236413555,0.1185516075328481,0.23700062506947006,0.07080043375761846,-0.18334829783304585,0.0019483985610676676,0.004138959238683938,0.2771265965245573,0.2670928524477876,0.2760776590052618,0.2760776590052618,0.3645251903300508,-6.054219170437136e-07,0.3645251903300508,0.3645251903300508,0.3645251903300508,0.0,0.1187474058776603,0.1187474058776603,0.23685167350902425,2.892351638195123e-07,0.23685167350902425,0.23685167350902425,0.23685167350902425,0.0,b_to_a,0.2760776590052618,0.3645251903300526,0.1187474058776603,0.23685167350902425,machine,1,0.15733025312760152,0.15733025312760152,0.12767351682102657,-8.946570808632259e-07,0.12767351682102657,0.12767351682102657,0.12767351682102657,0.0,,,,,,,,,0.8096538545399952,0.586922262515762,0.34447774223662825,True,True,0.0,0.0,0.0,True,8.946570808632259e-07,0.0,True,0.0,True,0.0,0.0,True,True,8,bird,crane-lex-0,8.881784197001252e-16,True,1.0,True,3,3,0.15733025312760152,0.12767351682102834,0.0,-1.7763568394002505e-15,True,True,True,1.0,ok,True,True,True,True,True,True,44.181790229136546,False,bird,1,0.8137898439137293,1.0,1.0,1.0,1.0,1.0,True,True,True,True,True,True,True,True,crane,0
7.715043985534651e-06,9.673954320714885e-06,7.5822830417342726e-06,0.0018344060924507628,0.0019573093347806025,0.0017847231670655636,0.9981578788635637,0.9980330167108987,0.9982076945498927,260,0.015869140625,True,True,True,-5.471303865661252,bird,0.6053033298162726,0.6053033298162727,48.441006946319575,48.441006946319575,0.8550296221671906,0.8550296221671906,1.958910335180234e-06,-1.327609438003785e-07,0.00012290324232983973,-4.9682925385199136e-05,-0.0001248621526649396,4.981568632900224e-05,0.0,-0.15131537838019682,-0.24362280538270298,-0.0923074270025026,0.0,-0.15131537838019682,0.0,0.2344349994187347,0.0322981304927179,0.2583327853178101,0.018870337550502825,-0.02389778589908431,0.01342779294218488,0.0016664669339865937,0.0017091899979104481,0.28446816738837616,0.2015180084354532,0.04059396175508745,-0.014045259204356952,0.06449174765416466,-0.027473052146571142,-0.02389778589908431,0.01342779294218488,0.0016664669339865937,0.0017091899979104481,0.28446816738837616,0.2015180084354532,0.22626496542891594,0.22626496542891594,-0.017357839953783483,-5.150811581700054e-07,-0.017357839953783483,-0.017357839953783483,-0.017357839953783483,0.0,0.06484996794931153,0.06484996794931153,-0.02745745905319108,-8.475264934304505e-09,-0.02745745905319108,-0.02745745905319108,-0.02745745905319108,0.0,b_to_a,0.22626496542891772,-0.01735783995378526,0.06484996794931153,-0.02745745905319108,machine,1,0.16141499747960442,0.16141499747960442,0.010099619099407597,-5.066058932357009e-07,0.010099619099407597,0.010099619099407597,0.010099619099407597,0.0,,,,,,,,,0.895328694870734,0.44552044008061775,0.19848846252963004,True,True,0.0,0.0,0.0,True,5.066058932357009e-07,0.0,True,0.0,True,0.0,0.0,True,True,12,bird,crane-lex-0,8.881784197001252e-16,True,1.0,True,3,3,0.1614149974796062,0.010099619099405821,-1.7763568394002505e-15,1.7763568394002505e-15,True,True,True,1.0,ok,True,True,True,True,True,True,56.65418564509982,False,bird,1,0.9054249510362954,1.0,1.0,1.0,1.0,1.0,True,True,True,True,True,True,True,True,crane,0
2.416328195755833e-05,3.151082679911534e-05,2.192972178976547e-05,4.634921726451632e-06,3.909021381997006e-06,2.9301434792923267e-06,0.999971201796316,0.9999645801518189,0.999975140134731,168,0.01025390625,True,True,True,1.6512148950767394,bird,0.4770784180366882,0.4770784180366882,27.830298211380853,27.830298211380853,0.7214811317807368,0.7214811317807368,7.347544841557009e-06,-2.233560167792862e-06,-7.25900344454626e-07,-1.704778247159305e-06,-6.621644497162293e-06,3.938338414943843e-06,0.0,-0.07425265275738724,-0.3624883186218568,-0.28823566586447136,0.0,-0.07425265275738724,0.0,0.2829471141121225,0.2783024396858469,0.26781003891468025,-0.09611390397991926,0.01513707519745111,0.3744163436657786,0.01935495086863536,0.009228567662586446,0.29644149874717984,0.2219029765176568,-0.17493674146843396,-0.16428153421297953,-0.1900738166658762,-0.5386978778787466,0.01513707519745111,0.3744163436657786,0.01935495086863536,0.009228567662586446,0.29644149874717984,0.2219029765176568,0.2654969882309697,0.2654969882309697,-0.0969913303908907,1.184056896974539e-06,-0.0969913303908907,-0.0969913303908907,-0.0969913303908907,0.0,-0.17033225464201784,-0.17033225464201784,-0.458567920506491,5.84445583484694e-07,-0.458567920506491,-0.458567920506491,-0.458567920506491,0.0,a_to_b,0.2654969882309679,-0.09699133039088892,-0.17033225464201962,-0.458567920506491,bird,1,0.4358292428729875,0.4358292428729875,0.3615765901156003,5.996113134898451e-07,0.3615765901156003,0.3615765901156003,0.3615765901156003,0.0,,,,,,,,,0.8517432531898858,0.528902249120956,0.27973758912521174,True,True,0.0,0.0,0.0,True,5.996113134898451e-07,0.0,True,0.0,True,0.0,0.0,True,True,4,machine,crane-lex-1,1.7763568394002505e-15,True,1.0,True,3,3,0.4358292428729875,0.36157659011560206,0.0,-1.7763568394002505e-15,True,True,True,1.0,ok,True,True,True,True,True,True,38.57384065289552,False,machine,1,0.7796033995741369,1.0,1.0,1.0,1.0,1.0,True,True,True,True,True,True,True,True,crane,0
2.416328195755833e-05,2.8249613812969016e-05,2.9043366558107306e-05,4.634921726451632e-06,4.806073298570853e-06,3.4805088273784373e-06,0.999971201796316,0.9999669443128885,0.9999674761246146,121,0.00738525390625,True,True,True,1.6512148950767394,bird,0.410915751316185,0.410915751316185,30.647467957317097,30.647467957317097,0.8285132516709881,0.8285132516709881,4.086331855410686e-06,4.880084600548976e-06,1.7115157211922098e-07,-1.1544128990731945e-06,-4.257483427583253e-06,-3.7256717014821916e-06,0.0,0.3504122151925415,0.02771032438527854,-0.32270189080726475,0.0,0.3504122151925415,0.0,0.04450338755548522,0.35337757147578763,0.1566778312415238,0.18436685218483895,-0.11217444368602969,0.16901071929098066,0.005680777993758037,0.01151221105929233,0.21153868204336965,0.220989862442136,-0.17342160543523644,-0.17241548190874578,-0.06124716174919698,-0.3414262011996936,-0.11217444368602969,0.16901071929098066,0.005680777993758037,0.01151221105929233,0.21153868204336965,0.220989862442136,0.15624558070662076,0.15624558070662076,0.18395590509189752,-9.560326752477977e-08,0.18395590509189752,0.18395590509189752,0.18395590509189752,0.0,0.036261077290959065,0.036261077290959065,-0.2864408135163057,5.918951533345762e-07,-0.2864408135163057,-0.2864408135163057,-0.2864408135163057,0.0,a_to_b,0.15624558070661898,0.18395590509189752,0.03626107729095729,-0.28644081351630746,bird,1,0.11998450341566169,0.11998450341566169,0.4703967186082032,-6.87498420859356e-07,0.4703967186082032,0.4703967186082032,0.4703967186082032,0.0,,,,,,,,,0.7793195371220815,0.6267353046916606,0.3927971421469562,True,True,0.0,0.0,0.0,True,6.87498420859356e-07,0.0,True,0.0,True,0.0,0.0,True,True,8,machine,crane-lex-1,1.7763568394002505e-15,True,1.0,True,3,3,0.11998450341566169,0.470396718608205,0.0,-1.7763568394002505e-15,True,True,True,1.0,ok,True,True,True,True,True,True,36.990920658789356,False,machine,1,0.7676540715449555,1.0,1.0,1.0,1.0,1.0,True,True,True,True,True,True,True,True,crane,0
2.416328195755833e-05,2.877535526787996e-05,3.152263055117858e-05,4.634921726451632e-06,4.021767708303125e-06,4.7630439237814905e-06,0.999971201796316,0.9999672028770238,0.999963714325525,313,0.01910400390625,True,True,True,1.6512148950767394,bird,0.60424241528228,0.6042424152822798,48.623743067996045,48.62374306799606,0.9142679069810843,0.9142679069810846,4.612073310321629e-06,7.35934859362025e-06,-6.131540181485071e-07,1.281221973298588e-07,-3.998919292258485e-06,-7.487470791045503e-06,0.0,-0.07797899209603543,0.09118641714092313,0.169165409236955,0.0,-0.07797899209603543,0.0,0.17478026346925013,0.359231923220106,0.1769283859438886,0.2660163457695397,-0.0021481224746331407,0.09321557745056808,0.005992658414367958,0.004967043235925593,0.21486242493513544,0.24851008459721155,-0.25566200042807363,-0.050145818697188815,-0.2535138779534343,-0.14336139614775512,-0.0021481224746331407,0.09321557745056808,0.005992658414367958,0.004967043235925593,0.21486242493513544,0.24851008459721155,0.17468509448436365,0.17468509448436365,0.26587151162528677,-1.6358128664961669e-06,0.26587151162528677,0.26587151162528677,0.26587151162528677,0.0,-0.1418977769659442,-0.1418977769659442,0.027267632271014364,-9.207382589693225e-07,0.027267632271014364,0.027267632271014364,0.027267632271014364,0.0,a_to_b,0.17468509448436365,0.26587151162528677,-0.1418977769659442,0.02726763227101081,bird,1,0.31658287145030783,0.31658287145030783,0.2386038793542724,-7.150746075268444e-07,0.2386038793542724,0.2386038793542724,0.2386038793542724,0.0,,,,,,,,,0.8920257401242643,0.45259594639646256,0.20484309069451237,True,True,0.0,0.0,0.0,True,7.150746075268444e-07,0.0,True,0.0,True,0.0,0.0,True,True,12,machine,crane-lex-1,1.7763568394002505e-15,True,1.0,True,3,3,0.31658287145030783,0.23860387935427596,0.0,-3.552713678800501e-15,True,True,True,1.0,ok,True,True,True,True,True,True,53.183254817017264,False,machine,1,0.9155419417468516,1.0,1.0,1.0,1.0,1.0,True,True,True,True,True,True,True,True,crane,0
2.3313705980139473e-06,3.7250940849282713e-06,3.909772253900522e-06,0.0010941942545878388,0.001431558166396181,0.001239288425338504,0.9989034743748142,0.9985647167395189,0.9987568018024076,177,0.01080322265625,True,True,True,-6.151317196704458,bird,0.4770784180366882,0.4770784180366882,27.830298211380853,27.830298211380853,0.7214811317807368,0.7214811317807368,1.393723486914324e-06,1.5784016558865743e-06,0.0003373639118083422,0.00014509417075066525,-0.0003387576352953392,-0.00014667257240663645,0.0,0.19261312954675347,0.04838701600516515,-0.1442261135415901,0.0,0.19261312954675347,0.0,0.7675549773149477,0.8893463134636423,0.46549665557023445,0.5232990685129018,0.3020583217447772,0.3660472449507921,0.002570687557282382,0.0012012593157596342,0.417259025869901,0.3243229317146754,0.5718088863817385,0.49124556128095165,0.2697505646370262,0.12519831633021283,0.3020583217447772,0.3660472449507921,0.002570687557282382,0.0012012593157596342,0.417259025869901,0.3243229317146754,0.4686357750878738,0.4686357750878738,0.5170227910930372,5.379723173604134e-07,0.5170227910930372,0.5170227910930372,0.5170227910930372,0.0,0.2687452260639711,0.2687452260639711,0.12451911252238101,-3.648209734308239e-08,0.12451911252238101,0.12451911252238101,0.12451911252238101,0.0,b_to_a,0.4686357750878738,0.517022791093039,0.2687452260639702,0.12451911252238013,machine,1,0.19989054902390269,0.19989054902390269,0.39250367857065616,5.744544147034958e-07,0.39250367857065616,0.39250367857065616,0.39250367857065616,0.0,,,,,,,,,0.8742284733307222,0.48775472130193254,0.23790466815233058,True,True,0.0,0.0,0.0,True,5.744544147034958e-07,0.0,True,0.0,True,0.0,0.0,True,True,4,bird,crane-lex-1,1.7763568394002505e-15,True,1.0,True,3,3,0.19989054902390357,0.3925036785706588,-8.881784197001252e-16,-2.6645352591003757e-15,True,True,True,1.0,ok,True,True,True,True,True,True,38.57384065289552,False,bird,1,0.8275370208528192,1.0,1.0,1.0,1.0,1.0,True,True,True,True,True,True,True,True,crane,0
2.3313705980139473e-06,3.029938801115219e-06,3.4986329846905344e-06,0.0010941942545878388,0.0016136899430922872,0.001268651005222572,0.9989034743748142,0.9983832801181066,0.9987278503617928,123,0.00750732421875,True,True,True,-6.151317196704458,bird,0.410915751316185,0.41091575131618496,30.647467957317097,30.647467957317097,0.8285132516709881,0.8285132516709881,6.985682031012716e-07,1.167262386676587e-06,0.0005194956885044484,0.0001744567506347331,-0.0005201942567075735,-0.00017562401302140263,0.0,0.38439920615070555,0.14382989473250873,-0.24056931141819593,0.0,0.38439920615070555,0.0,0.4920954933955439,0.5235616042466624,0.2578728575332203,0.40923603707846823,0.23422263586236625,0.11432556716824394,0.002305251197045952,0.0006623038251145673,0.27914867329452736,0.20341578627820048,0.6235870218663386,0.26298384706791467,0.3893643860040159,0.14865827989972136,0.23422263586236625,0.11432556716824394,0.002305251197045952,0.0006623038251145673,0.27914867329452736,0.20341578627820048,0.26208608754201634,0.26208608754201634,0.4059159822745251,-8.130362996183749e-07,0.4059159822745251,0.4059159822745251,0.4059159822745251,0.0,0.3885051948958118,0.3885051948958118,0.147935883477615,-5.909805755877073e-07,0.147935883477615,0.147935883477615,0.147935883477615,0.0,b_to_a,0.26208608754201634,0.4059159822745251,0.38850519489581004,0.1479358834776141,machine,1,-0.12641910735379547,-0.12641910735379547,0.2579800987969101,-2.2205572403066753e-07,0.2579800987969101,0.2579800987969101,0.2579800987969101,0.0,,,,,,,,,0.8014761806524243,0.5980326626423738,0.35764306558713427,True,True,0.0,0.0,0.0,True,2.2205572403066753e-07,0.0,True,0.0,True,0.0,0.0,True,True,8,bird,crane-lex-1,1.7763568394002505e-15,True,1.0,True,3,3,-0.1264191073537937,0.257980098796911,-1.7763568394002505e-15,-8.881784197001252e-16,True,True,True,1.0,ok,True,True,True,True,True,True,36.990920658789356,False,bird,1,0.7988052743769302,1.0,0.0,1.0,0.0,1.0,True,True,True,True,True,True,True,True,crane,0
2.3313705980139473e-06,3.0115468942962938e-06,3.297659912013363e-06,0.0010941942545878388,0.0012283653308511327,0.0015166244335022836,0.9989034743748142,0.9987686231222546,0.9984800779065857,285,0.01739501953125,True,True,True,-6.151317196704458,bird,0.60424241528228,0.6042424152822798,48.623743067996045,48.62374306799606,0.9142679069810843,0.9142679069810846,6.801762962823464e-07,9.662893139994155e-07,0.00013417107626329384,0.0004224301789144448,-0.00013485125255963126,-0.00042339646822853183,0.0,-0.12004357745398142,0.09075923423711174,0.21080281169109139,0.0,-0.12004357745398142,0.0,0.2247489907858906,0.17024290137058706,0.25651431563946403,0.3473220066580147,-0.0317653248535521,-0.17707910528735482,0.0008967567278086482,0.002355744341944013,0.19324442108689407,0.18521575592900108,0.08438390239220439,0.15010569534110374,0.11614922724577781,0.3271848006285323,-0.0317653248535521,-0.17707910528735482,0.0008967567278086482,0.002355744341944013,0.19324442108689407,0.18521575592900108,0.2559975309972842,0.2559975309972842,0.34675676523439414,-4.451929722648629e-07,0.34675676523439414,0.34675676523439414,0.34675676523439414,0.0,0.11566603432763412,0.11566603432763412,0.3264688460187255,-3.1880642303860895e-07,0.3264688460187255,0.3264688460187255,0.3264688460187255,0.0,b_to_a,0.2559975309972842,0.3467567652343959,0.11566603432763323,0.3264688460187246,machine,1,0.14033149666965006,0.14033149666965006,0.020287919215668637,-1.2638654922625392e-07,0.020287919215668637,0.020287919215668637,0.020287919215668637,0.0,,,,,,,,,0.8933638030086468,0.4493955506474734,0.2019563609417489,True,True,0.0,0.0,0.0,True,1.2638654922625392e-07,0.0,True,0.0,True,0.0,0.0,True,True,12,bird,crane-lex-1,1.7763568394002505e-15,True,1.0,True,3,3,0.14033149666965095,0.020287919215671302,-8.881784197001252e-16,-2.6645352591003757e-15,True,True,True,1.0,ok,True,True,True,True,True,True,53.183254817017264,False,bird,1,0.9007965325086631,1.0,1.0,1.0,1.0,1.0,True,True,True,True,True,True,True,True,crane,0
0.0009252164186406027,0.0014788337482311855,0.0011341558759678935,6.67643677950779e-05,0.00012195493332658716,7.647579091449292e-05,0.9990080192135643,0.9983992113184422,0.9987893683331176,174,0.0106201171875,True,True,True,2.6288581542603797,bird,0.5313040129742586,0.5313040129742586,35.48071882370332,35.48071882370332,0.7405303418591589,0.7405303418591589,0.0005536173295905828,0.00020893945732729073,5.519056553150927e-05,9.711423119415023e-06,-0.0006088078951220766,-0.00021865088044670244,0.0,0.20131222884984457,-0.2653651165615969,-0.46667734541144235,0.0,0.20131222884984457,0.0,0.45021388737700185,-0.10655136804018994,0.4677287394228822,0.20289621286786286,-0.017514852045898976,-0.3094475809080599,0.04490201527552731,0.03211860307295738,0.3472699385763192,0.24219052114845602,0.41748188144471765,-0.2239601196570753,0.43499673349059975,0.08548746125097928,-0.017514852045898976,-0.3094475809080599,0.04490201527552731,0.03211860307295738,0.3472699385763192,0.24219052114845602,0.46898137192021494,0.46898137192021494,0.20361625535861716,8.857269051532057e-07,0.20361625535861716,0.20361625535861716,0.20361625535861716,0.0,0.6024820555420582,0.6024820555420582,0.1358047101306159,1.944201391879119e-06,0.1358047101306159,0.1358047101306159,0.1358047101306159,0.0,a_to_b,0.46898137192021494,0.20361625535861805,0.6024820555420565,0.13580471013061413,bird,1,-0.1335006836218433,-0.1335006836218433,0.06781154522800126,-1.0584744867259133e-06,0.06781154522800126,0.06781154522800126,0.06781154522800126,0.0,,,,,,,,,0.8402817901712947,0.5439118678715004,0.29584012001147053,True,True,0.0,0.0,0.0,True,1.0584744867259133e-06,0.0,True,0.0,True,0.0,0.0,True,True,4,machine,crane-lex-2,1.7763568394002505e-15,True,1.0,True,3,3,-0.13350068362184153,0.06781154522800392,-1.7763568394002505e-15,-2.6645352591003757e-15,True,True,True,1.0,ok,True,True,True,True,True,True,47.912579428718914,False,machine,1,0.7965369972817595,1.0,0.0,1.0,0.0,1.0,True,True,True,True,True,True,True,True,crane,0
0.0009252164186406027,0.001302610148926271,0.0024659645029118694,6.67643677950779e-05,9.568757199176388e-05,0.00022794685566499435,0.9990080192135643,0.998601702279082,0.9973060886414231,111,0.00677490234375,True,True,True,2.6288581542603797,bird,0.5629844014074701,0.56298440140747,36.02268512820961,36.02268512820961,0.7947546552421151,0.7947546552421151,0.0003773937302856684,0.0015407480842712668,2.892320419668599e-05,0.00016118248786991645,-0.0004063169344823425,-0.001701930572141186,0.0,-0.22981113516227936,0.638212951653105,0.868024086815387,0.0,-0.22981113516227936,0.0,0.7194094167252434,1.4438384986318678,0.34197282523068395,0.9789112073052779,0.3774365914945328,0.46492729132657473,0.031069226995213445,0.08279616256180218,0.4833907667882753,0.6082130658292473,0.4026642973451855,1.244649292458499,0.025227705850628723,0.7797220011319101,0.3774365914945328,0.46492729132657473,0.031069226995213445,0.08279616256180218,0.4833907667882753,0.6082130658292473,0.34209766112116835,0.34209766112116835,0.9803106127742742,5.854894382650855e-07,0.9803106127742742,0.9803106127742742,0.9803106127742742,0.0,0.3599189037967321,0.3599189037967321,1.2279429906121173,6.822726028588022e-07,1.2279429906121173,1.2279429906121173,1.2279429906121173,0.0,a_to_b,0.34209766112116924,0.9803106127742742,0.35991890379672853,1.2279429906121155,bird,1,-0.01782124267556373,-0.01782124267556373,-0.2476323778378431,-9.678316459371672e-08,-0.2476323778378431,-0.2476323778378431,-0.2476323778378431,0.0,,,,,,,,,0.8022805610495043,0.5979589540975936,0.35755491078549567,True,True,0.0,0.0,0.0,True,9.678316459371672e-08,0.0,True,0.0,True,0.0,0.0,True,True,8,machine,crane-lex-2,1.7763568394002505e-15,True,1.0,True,3,3,-0.01782124267555929,-0.2476323778378413,-4.440892098500626e-15,-1.7763568394002505e-15,True,True,True,1.0,ok,True,True,True,True,True,True,45.32554152480631,False,machine,1,0.7675097482404107,1.0,1.0,1.0,1.0,1.0,True,True,True,True,True,True,True,True,crane,0
0.0009252164186406027,0.0013350254756779548,0.0014776736450063314,6.67643677950779e-05,0.00010543774586073956,0.00015086210361362908,0.9990080192135643,0.9985595367784613,0.9983714642513801,230,0.0140380859375,True,True,True,2.6288581542603797,bird,0.585074970444052,0.585074970444052,44.29701889657894,44.29701889657894,0.8809578785967203,0.8809578785967203,0.0004098090570373521,0.0005524572263657287,3.867337806566166e-05,8.409773581855118e-05,-0.00044848243510298147,-0.0006365549621841771,0.0,-0.25672689130577453,0.10151861504849702,0.35824550635427244,0.0,-0.25672689130577453,0.0,0.448812078487391,0.6562609876545231,0.36633002401143155,0.4681767156553125,0.08248205447592483,0.18808427199918754,0.027341614835974706,0.03362869162208552,0.31615828462816475,0.41257278314781515,0.17453989338361087,0.8405658957418369,0.0920578389076514,0.6524816237426254,0.08248205447592483,0.18808427199918754,0.027341614835974706,0.03362869162208552,0.31615828462816475,0.41257278314781515,0.36667797731253327,0.36667797731253327,0.46819659236103117,6.28466949592621e-08,0.46819659236103117,0.46819659236103117,0.46819659236103117,0.0,0.45695117013423037,0.45695117013423037,0.8151966764885028,-2.742173883518717e-07,0.8151966764885028,0.8151966764885028,0.8151966764885028,0.0,a_to_b,0.36667797731253415,0.46819659236103117,0.4569511701342286,0.815196676488501,bird,1,-0.0902731928216971,-0.0902731928216971,-0.34700008412747163,3.370640833111338e-07,-0.34700008412747163,-0.34700008412747163,-0.34700008412747163,0.0,,,,,,,,,0.9003709076702164,0.43536073043800394,0.18953896560751518,True,True,0.0,0.0,0.0,True,3.370640833111338e-07,0.0,True,0.0,True,0.0,0.0,True,True,12,machine,crane-lex-2,1.7763568394002505e-15,True,1.0,True,3,3,-0.09027319282169444,-0.34700008412746985,-2.6645352591003757e-15,-1.7763568394002505e-15,True,True,True,1.0,ok,True,True,True,True,True,True,50.28278873802657,False,machine,1,0.8859925563597484,1.0,1.0,1.0,1.0,1.0,True,True,True,True,True,True,True,True,crane,0
5.844338143309058e-07,5.838906569447151e-07,6.416763495039123e-07,0.0010800035369124574,0.0009639454494431571,0.0009761034106636982,0.9989194120292731,0.9990354706599,0.9990232549129868,151,0.00921630859375,True,True,True,-7.521831334191051,bird,0.5313040129742586,0.5313040129742586,35.48071882370332,35.48071882370332,0.7405303418591589,0.7405303418591589,-5.431573861906904e-10,5.7242535173006465e-08,-0.0001160580874693003,-0.00010390012624875915,0.000116058630626803,0.00010384288371367845,0.0,0.08183648498222063,0.09437031403667007,0.012533829054449441,0.0,0.08183648498222063,0.0,0.1387531652962135,-0.002784011241519835,0.010130261303210375,0.09777367506695889,0.12862290399298715,-0.10055768630850892,0.0011828639565033307,0.0011346800604332386,0.25645791732828305,0.22950638143096,0.017093602773034178,-0.19954143706005567,-0.11152930121996896,-0.09898375075157695,0.12862290399298715,-0.10055768630850892,0.0011828639565033307,0.0011346800604332386,0.25645791732828305,0.22950638143096,-0.0009298057837128226,-0.0009298057837128226,0.09344050825295724,-1.6438531584839211e-06,0.09344050825295724,0.09344050825295724,0.09344050825295724,0.0,-0.1136848897370113,-0.1136848897370113,-0.10115106068256186,-1.2290942041914832e-06,-0.10115106068256186,-0.10115106068256186,-0.10115106068256186,0.0,b_to_a,-0.0009298057837128226,0.09344050825295724,-0.1136848897370113,-0.10115106068256186,machine,1,0.11275508395329847,0.11275508395329847,0.1945915689355191,-4.147589542924379e-07,0.1945915689355191,0.1945915689355191,0.1945915689355191,0.0,,,,,,,,,0.8373908827514603,0.5507481573176503,0.3033235327887938,True,True,0.0,0.0,0.0,True,4.147589542924379e-07,0.0,True,0.0,True,0.0,0.0,True,True,4,bird,crane-lex-2,8.881784197001252e-16,True,1.0,True,3,3,0.11275508395329847,0.1945915689355191,0.0,0.0,True,True,True,1.0,ok,True,True,True,True,True,True,47.912579428718914,False,bird,1,0.7699592632835575,1.0,1.0,1.0,1.0,1.0,True,True,True,True,True,True,True,True,crane,0
5.844338143309058e-07,5.88814119900575e-07,4.7574215385344326e-07,0.0010800035369124574,0.000993040766102053,0.0012697669487824607,0.9989194120292731,0.999006370419778,0.9987297573090637,117,0.00714111328125,True,True,True,-7.521831334191051,bird,0.5629844014074701,0.5629844014074701,36.02268512820961,36.02268512820961,0.7947546552421151,0.7947546552421151,4.380305569669188e-09,-1.0869166047746256e-07,-8.696277081040433e-05,0.0001897634118700033,8.695839050487653e-05,-0.0001896547202094867,0.0,-0.45905147509825284,-0.21323453405929094,0.24581694103896368,0.0,-0.45905147509825284,0.0,0.024371962914647938,-0.2513418470932365,0.025910540236695923,-0.19592758025921952,-0.001538577322044432,-0.05541426683398143,0.001484882969551658,0.0011225713252104325,0.23600300892951545,0.21647665664014595,-0.0831209999997462,0.11004850822079604,-0.08158242267769822,0.1654627750548121,-0.001538577322044432,-0.05541426683398143,0.001484882969551658,0.0011225713252104325,0.23600300892951545,0.21647665664014595,0.007467008113602347,0.007467008113602347,-0.2057675259456868,2.3103561552773044e-07,-0.2057675259456868,-0.2057675259456868,-0.2057675259456868,0.0,-0.08394787835295592,-0.08394787835295592,0.16186906268600776,-6.554156168903091e-07,0.16186906268600776,0.16186906268600776,0.16186906268600776,0.0,b_to_a,0.007467008113602347,-0.2057675259456886,-0.08394787835295503,0.16186906268600865,machine,1,0.09141488646655826,0.09141488646655826,-0.36763658863169457,8.864512324180396e-07,-0.36763658863169457,-0.36763658863169457,-0.36763658863169457,0.0,,,,,,,,,0.8195605391881496,0.5737292657309889,0.3291652703562268,True,True,0.0,0.0,0.0,True,8.864512324180396e-07,0.0,True,0.0,True,0.0,0.0,True,True,8,bird,crane-lex-2,8.881784197001252e-16,True,1.0,True,3,3,0.09141488646655738,-0.36763658863169724,8.881784197001252e-16,2.6645352591003757e-15,True,True,True,1.0,ok,True,True,True,True,True,True,45.32554152480631,False,bird,1,0.7904959946261085,1.0,0.0,1.0,0.0,1.0,True,True,True,True,True,True,True,True,crane,0
5.844338143309058e-07,7.710711942475668e-07,4.569880758574529e-07,0.0010800035369124574,0.0012081520145295344,0.0009929433795314788,0.9989194120292731,0.9987910769142763,0.9990065996323927,241,0.01470947265625,True,True,True,-7.521831334191051,bird,0.585074970444052,0.585074970444052,44.29701889657894,44.29701889657894,0.8809578785967203,0.8809578785967203,1.8663737991666097e-07,-1.2744573847345292e-07,0.00012814847761707699,-8.706015738097861e-05,-0.00012833511499688033,8.718760311954288e-05,0.0,-0.32694984349541123,-0.523123411101599,-0.19617356760618954,0.0,-0.32694984349541123,0.0,0.28123828282615726,-0.14000556723554425,0.3000649535833766,-0.24588663685697298,-0.018826670757217556,0.10588106962143229,0.000671834221010306,0.0006695160021781056,0.17139856464824485,0.18719257479343984,0.09575454859940535,0.02333432181534789,0.11458121935662469,-0.08254674780608173,-0.018826670757217556,0.10588106962143229,0.000671834221010306,0.0006695160021781056,0.17139856464824485,0.18719257479343984,0.27713716961682877,0.27713716961682877,-0.245986241484772,1.250997527790787e-08,-0.245986241484772,-0.245986241484772,-0.245986241484772,0.0,0.11212761538807658,0.11212761538807658,-0.08404595221811295,-1.3724034619855274e-07,-0.08404595221811295,-0.08404595221811295,-0.08404595221811295,0.0,b_to_a,0.277137169616827,-0.245986241484772,0.11212761538807658,-0.08404595221811295,machine,1,0.1650095542287522,0.1650095542287522,-0.16194028926665904,1.497503214764606e-07,-0.16194028926665904,-0.16194028926665904,-0.16194028926665904,0.0,,,,,,,,,0.9014844071956905,0.43284518489658325,0.18735495408816005,True,True,0.0,0.0,0.0,True,1.497503214764606e-07,0.0,True,0.0,True,0.0,0.0,True,True,12,bird,crane-lex-2,8.881784197001252e-16,True,1.0,True,3,3,0.1650095542287504,-0.16194028926665904,1.7763568394002505e-15,0.0,True,True,True,1.0,ok,True,True,True,True,True,True,50.28278873802657,False,bird,1,0.8960908457446235,1.0,0.0,1.0,0.0,1.0,True,True,True,True,True,True,True,True,crane,0
5.160712339209376e-05,6.7771920379909e-05,5.543337833382225e-05,0.00023875997635927653,0.00041753593449694084,0.0003770534329084272,0.9997096329002486,0.9995146921451232,0.9995675131887578,195,0.01190185546875,True,True,True,-1.531799051092019,machine,0.6073769268247559,0.6073769268247559,40.90194166423951,40.90194166423951,0.8103764044376057,0.8103764044376057,1.6164796987815245e-05,3.826254941728488e-06,0.0001787759581376643,0.00013829345654915064,-0.00019494075512538345,-0.00014211971149080682,0.0,-0.09898234416636953,-0.20096604614717428,-0.10198370198080742,0.0,-0.09898234416636953,0.0,0.8436375326996224,0.6676058798051088,0.2185372896718345,-0.011294782609249765,0.6251002430278199,0.6789006624143816,0.026398252750705543,0.10590002407794213,0.48939644825793316,0.48447104337472685,0.46629412940237636,0.4519363428468335,-0.15880611362541153,-0.22696431956752505,0.6251002430278199,0.6789006624143816,0.026398252750705543,0.10590002407794213,0.48939644825793316,0.48447104337472685,0.27248824227853063,0.27248824227853063,0.07152219613135635,-3.283433755996157e-07,0.07152219613135635,0.07152219613135635,0.07152219613135635,0.0,0.5589118469525438,0.5589118469525438,0.45692814497173906,-9.550501900434938e-08,0.45692814497173906,0.45692814497173906,0.45692814497173906,0.0,a_to_b,0.27248824227853063,0.07152219613135635,0.5589118469525456,0.45692814497173817,bird,1,-0.2864236046740132,-0.2864236046740132,-0.3854059488403827,-2.328383565952663e-07,-0.3854059488403827,-0.3854059488403827,-0.3854059488403827,0.0,,,,,,,,,0.8476296015856817,0.5331169148584597,0.2842136449082086,True,True,0.0,0.0,0.0,True,2.328383565952663e-07,0.0,True,0.0,True,0.0,0.0,True,True,4,machine,crane-lex-3,0.0,True,1.0,True,3,3,-0.28642360467401495,-0.3854059488403818,1.7763568394002505e-15,-8.881784197001252e-16,True,True,True,1.0,ok,True,True,True,True,True,True,50.4727697404086,False,machine,1,0.7957683791501025,1.0,1.0,1.0,1.0,1.0,True,True,True,True,True,True,True,True,crane,0
5.160712339209376e-05,8.9751892303558e-05,0.00012104638292801463,0.00023875997635927653,0.0003410050660584442,0.0013013286426159047,0.9997096329002486,0.999569243041638,0.9985776249744561,117,0.00714111328125,True,True,True,-1.531799051092019,machine,0.500151095087515,0.500151095087515,40.30819090400401,40.30819090400401,0.7939101231447596,0.7939101231447596,3.814476891146424e-05,6.943925953592088e-05,0.00010224508969916768,0.0010625686662566283,-0.00014038985861064557,-0.0011320079257924887,0.0,-1.0401190298417973,0.2991246908198377,1.3392437206616359,0.0,-1.0401190298417973,0.0,0.9974062584332408,0.6648770735108691,0.5626935987444366,0.8449562855907651,0.43471265968883444,-0.18007921207983557,0.036708100289555984,0.15700247118706476,0.4337548181558865,0.6845783681902511,-0.17438622733612696,0.27268194907629173,-0.6090988870249312,0.4527611611561877,0.43471265968883444,-0.18007921207983557,0.036708100289555984,0.15700247118706476,0.4337548181558865,0.6845783681902511,0.55338939811449,0.55338939811449,0.8525140889343295,-3.5575078172200847e-07,0.8525140889343295,0.8525140889343295,0.8525140889343295,0.0,0.35643856936368046,0.35643856936368046,1.6956822900253172,-3.0041211296349957e-07,1.6956822900253172,1.6956822900253172,1.6956822900253172,0.0,a_to_b,0.5533893981144917,0.8525140889343295,0.35643856936368223,1.6956822900253181,bird,1,0.1969508287508095,0.1969508287508095,-0.8431682010909878,-5.53386687585089e-08,-0.8431682010909878,-0.8431682010909878,-0.8431682010909878,0.0,,,,,,,,,0.8245220145920552,0.5677939203341653,0.3223899359684475,True,True,0.0,0.0,0.0,True,5.53386687585089e-08,0.0,True,0.0,True,0.0,0.0,True,True,8,machine,crane-lex-3,0.0,True,1.0,True,3,3,0.1969508287508095,-0.8431682010909887,0.0,8.881784197001252e-16,True,True,True,1.0,ok,True,True,True,True,True,True,50.7717306139631,False,machine,1,0.7773363333382028,1.0,0.0,1.0,0.0,1.0,True,True,True,True,True,True,True,True,crane,0
5.160712339209376e-05,8.998307433808635e-05,0.00013978432681959773,0.00023875997635927653,0.00018598665623006006,0.0004501077450344467,0.9997096329002486,0.9997240302694319,0.999410107928146,211,0.01287841796875,True,True,True,-1.531799051092019,machine,0.6079670467572327,0.6079670467572328,47.667479736668014,47.667479736668014,0.8032196477226965,0.8032196477226965,3.8375950945992596e-05,8.817720342750397e-05,-5.2773320129216475e-05,0.0002113477686751702,1.4397369183294373e-05,-0.0002995249721026161,0.0,-0.44333293474064384,0.440479122332885,0.8838120570735297,0.0,-0.44333293474064384,0.0,1.4426917651814666,1.72969647524193,0.5980430821147369,1.017129633609981,0.8446486830667901,0.7125668416319542,0.08790050275404321,0.09843392661955813,0.6920033067184904,0.5834971257624791,0.2103755056966392,1.1477588188765697,-0.6342731773700905,0.4351919772446209,0.8446486830667901,0.7125668416319542,0.08790050275404321,0.09843392661955813,0.6920033067184904,0.5834971257624791,0.5559618765402323,0.5559618765402323,0.9964409988731173,-2.2492431028808824e-07,0.9964409988731173,0.9964409988731173,0.9964409988731173,0.0,-0.24978383384474157,-0.24978383384474157,0.6340282232287873,2.816335999966668e-07,0.6340282232287873,0.6340282232287873,0.6340282232287873,0.0,a_to_b,0.5559618765402323,0.9964409988731173,-0.24978383384474157,0.6340282232287882,bird,1,0.8057457103849739,0.8057457103849739,0.36241277564433005,-5.065579102847551e-07,0.36241277564433005,0.36241277564433005,0.36241277564433005,0.0,,,,,,,,,0.8988235677688036,0.4386678546711294,0.1924294867217741,True,True,0.0,0.0,0.0,True,5.065579102847551e-07,0.0,True,0.0,True,0.0,0.0,True,True,12,machine,crane-lex-3,0.0,True,1.0,True,3,3,0.8057457103849739,0.36241277564432917,0.0,8.881784197001252e-16,True,True,True,1.0,ok,True,True,True,True,True,True,59.34551012517653,False,machine,1,0.8811234915425273,1.0,1.0,1.0,1.0,1.0,True,True,True,True,True,True,True,True,crane,0
4.514280036333859e-06,4.7342655218328455e-06,3.973790653984938e-06,0.0024772812028631764,0.0024067591273039504,0.0024092796739175583,0.9975182045171005,0.9975885066071742,0.9975867465354284,178,0.0108642578125,True,True,True,-6.307671234863813,bird,0.6073769268247559,0.6073769268247557,40.90194166423951,40.90194166423951,0.8103764044376057,0.8103764044376057,2.1998548549898645e-07,-5.404893823489208e-07,-7.052207555922592e-05,-6.800152894561803e-05,7.030209007374832e-05,6.854201832795503e-05,0.0,-0.17615286424495924,-0.1751061339556994,0.0010467302892589458,0.0,-0.17615286424495924,0.0,-0.26176780028173674,-0.3365085160377781,0.05319960429074477,-0.1192370218768275,-0.3149674045724744,-0.21727149416095415,0.001369405024920043,0.0011272305480833772,0.2772509109885373,0.2383816575378565,-0.3429818185444873,-0.24469230922827023,-0.028014413972006658,-0.027420815067320525,-0.3149674045724744,-0.21727149416095415,0.001369405024920043,0.0011272305480833772,0.2772509109885373,0.2383816575378565,0.04758088401840155,0.04758088401840155,-0.12752524993729786,5.155759588149067e-07,-0.12752524993729786,-0.12752524993729786,-0.12752524993729786,0.0,-0.028880587598294483,-0.028880587598294483,-0.02783385730903465,2.5422402227803786e-07,-0.02783385730903465,-0.02783385730903465,-0.02783385730903465,0.0,b_to_a,0.04758088401840155,-0.12752524993729786,-0.028880587598293594,-0.02783385730903465,machine,1,0.07646147161669603,0.07646147161669603,-0.09969139262826321,2.6135193653686883e-07,-0.09969139262826321,-0.09969139262826321,-0.09969139262826321,0.0,,,,,,,,,0.8558819165173756,0.5187045584454075,0.26905441895205034,True,True,0.0,0.0,0.0,True,2.6135193653686883e-07,0.0,True,0.0,True,0.0,0.0,True,True,4,bird,crane-lex-3,8.881784197001252e-16,True,1.0,True,3,3,0.07646147161669514,-0.09969139262826321,8.881784197001252e-16,0.0,True,True,True,1.0,ok,True,True,True,True,True,True,50.4727697404086,False,bird,1,0.8160287613912607,1.0,0.0,1.0,0.0,1.0,True,True,True,True,True,True,True,True,crane,0
4.514280036333859e-06,1.2165794984454502e-05,4.65108034188473e-06,0.0024772812028631764,0.0037694840010321392,0.0030294691642586396,0.9975182045171005,0.9962183502039834,0.9969658797553995,137,0.00836181640625,True,True,True,-6.307671234863813,bird,0.500151095087515,0.500151095087515,40.30819090400401,40.30819090400401,0.7939101231447596,0.7939101231447596,7.651514948120642e-06,1.368003055508711e-07,0.0012922027981689629,0.0005521879613954632,-0.001299854313117077,-0.000552324761700973,0.0,-0.7429780885573036,-0.9615288000377991,-0.21855071148049543,0.0,-0.7429780885573036,0.0,0.753653952629195,0.09889733153352864,0.9972012018285703,0.03579669925192519,-0.24354724919933446,0.063100632281607,0.015824187102172385,0.005011062541567763,0.37070045415629455,0.4169416522920766,0.17656610809865825,0.26435133547107625,0.4201133572980318,0.2012507031894728,-0.24354724919933446,0.063100632281607,0.015824187102172385,0.005011062541567763,0.37070045415629455,0.4169416522920766,0.991382610477757,0.991382610477757,0.02985381043995794,4.4578782620874335e-07,0.02985381043995794,0.02985381043995794,0.02985381043995794,0.0,0.41977645269535824,0.41977645269535824,0.2012257412148628,1.6013919665880394e-06,0.2012257412148628,0.2012257412148628,0.2012257412148628,0.0,b_to_a,0.991382610477757,0.02985381043995794,0.41977645269535824,0.2012257412148628,machine,1,0.5716061577823988,0.5716061577823988,-0.17137193077490487,-1.155604140379296e-06,-0.17137193077490487,-0.17137193077490487,-0.17137193077490487,0.0,,,,,,,,,0.82954384580044,0.5584539892809154,0.311870858143775,True,True,0.0,0.0,0.0,True,1.155604140379296e-06,0.0,True,0.0,True,0.0,0.0,True,True,8,bird,crane-lex-3,8.881784197001252e-16,True,1.0,True,3,3,0.5716061577823988,-0.17137193077490487,0.0,0.0,True,True,True,1.0,ok,True,True,True,True,True,True,50.7717306139631,False,bird,1,0.8332654380886861,1.0,0.0,1.0,0.0,1.0,True,True,True,True,True,True,True,True,crane,0
4.514280036333859e-06,9.416821044504494e-06,6.374289463150068e-06,0.0024772812028631764,0.003692792923616896,0.0027057439837299695,0.9975182045171005,0.9962977902553386,0.9972878817268068,240,0.0146484375,True,True,True,-6.307671234863813,bird,0.6079670467572327,0.6079670467572328,47.667479736668014,47.667479736668014,0.8032196477226965,0.8032196477226965,4.9025410081706345e-06,1.8600094268162087e-06,0.0012155117207537196,0.00022846278086679312,-0.001220414261761893,-0.00023032279029366887,0.0,-0.07921878787759606,-0.3902249348246798,-0.31100614694708373,0.0,-0.07921878787759606,0.0,0.7080362250866159,0.3028689565843443,0.7456262906817273,0.353500419901307,-0.037590065595136224,-0.05063146331693957,0.005370106560873503,0.002060462064498241,0.3172822669762924,0.24235744432101225,0.36295013581193203,0.03920147867393098,0.4005402014070434,0.08983294199089276,-0.037590065595136224,-0.05063146331693957,0.005370106560873503,0.002060462064498241,0.3172822669762924,0.24235744432101225,0.7352518491340128,0.7352518491340128,0.34502691430933297,6.539021946139201e-08,0.34502691430933297,0.34502691430933297,0.34502691430933297,0.0,0.39922139198053674,0.39922139198053674,0.08821524503345302,6.501705138717284e-07,0.08821524503345302,0.08821524503345302,0.08821524503345302,0.0,b_to_a,0.7352518491340128,0.34502691430933297,0.39922139198053674,0.08821524503345302,machine,1,0.336030457153476,0.336030457153476,0.25681166927587995,-5.847802944103364e-07,0.25681166927587995,0.25681166927587995,0.25681166927587995,0.0,,,,,,,,,0.8967073111854447,0.4426573412977163,0.19594552180476568,True,True,0.0,0.0,0.0,True,5.847802944103364e-07,0.0,True,0.0,True,0.0,0.0,True,True,12,bird,crane-lex-3,8.881784197001252e-16,True,1.0,True,3,3,0.336030457153476,0.25681166927587995,0.0,0.0,True,True,True,1.0,ok,True,True,True,True,True,True,59.34551012517653,False,bird,1,0.8912737361011566,1.0,1.0,1.0,1.0,1.0,True,True,True,True,True,True,True,True,crane,0
0.0004945570274058974,0.0001235240147901752,0.00017135229463023397,0.0008818511094019483,0.00035973492448852134,0.001332543234284886,0.9986235918631922,0.9995167410607213,0.9984961044710848,79,0.00482177734375,True,True,True,-0.5783607637724835,weapon,0.47485220946041284,0.4748522094604128,27.107885864935422,27.107885864935422,0.5604221023019863,0.5604221023019863,-0.00037103301261572216,-0.0003232047327756634,-0.000522116184913427,0.0004506921248829377,0.0008931491975291417,-0.0001274873921073283,0.0,-0.9821911113337691,0.32728605080469464,1.3094771621384647,0.0,-0.9821911113337691,0.0,-0.06330272239107781,0.46703160174298386,-0.6031776539757772,0.17694191694991623,0.5398749315847056,0.29008968479312003,0.4921159943602288,0.19670741545861006,0.7916096977975396,0.50069826206955,0.1429390093669567,0.3247079605610377,-0.3969359222177431,0.0346182757679685,0.5398749315847056,0.29008968479312003,0.4921159943602288,0.19670741545861006,0.7916096977975396,0.50069826206955,-1.387226878875337,-1.387226878875337,-1.0599408280706424,9.037736479200476e-07,-1.0599408280706424,-1.0599408280706424,-1.0599408280706424,0.0,-0.8966557921872873,-0.8966557921872873,0.41282136995117646,2.7394509061196004e-07,0.41282136995117646,0.41282136995117646,0.41282136995117646,0.0,a_to_b,-1.3872268788753388,-1.0599408280706442,-0.8966557921872882,0.41282136995117646,group,1,-0.4905710866880497,-0.4905710866880497,-1.4727621980218188,6.298285573080875e-07,-1.4727621980218188,-1.4727621980218188,-1.4727621980218188,0.0,,,,,,,,,0.8445679826491461,0.535598075645216,0.28686529863486565,True,True,0.0,0.0,0.0,True,6.298285573080875e-07,0.0,True,0.0,True,0.0,0.0,True,True,4,weapon,club-lex-0,-8.881784197001252e-16,True,1.0,True,3,3,-0.4905710866880506,-1.4727621980218206,8.881784197001252e-16,1.7763568394002505e-15,True,True,True,1.0,ok,True,True,True,True,True,True,48.370479596695496,False,weapon,1,0.8319040199630425,1.0,1.0,1.0,1.0,1.0,True,True,True,True,True,True,True,True,club,0
0.0004945570274058974,0.0001529355795731896,8.359539316612909e-05,0.0008818511094019483,0.00021591075253998506,0.0006184897191589464,0.9986235918631922,0.9996311536678868,0.9992979148876749,70,0.0042724609375,True,True,True,-0.5783607637724835,weapon,0.5891553285632927,0.5891553285632927,38.064322420829455,38.064322420829455,0.6963838436813987,0.6963838436813987,-0.0003416214478327078,-0.0004109616342397683,-0.0006659403568619632,-0.0002633613902430019,0.0010075618046946344,0.0006743230244827814,0.0,-1.656443801143622,-0.6040283712813928,1.0524154298622266,0.0,-1.656443801143622,0.0,-0.08092224881827903,0.05511832981019804,-0.5383617657262167,-0.6841531187795269,0.4574395169079537,0.7392714485897471,0.5208770739413494,0.8337622872853079,0.7806212564121356,0.6265823546758773,0.12579444143636875,0.03564763622999556,-0.3316450754715703,-0.70362381235973,0.4574395169079537,0.7392714485897471,0.5208770739413494,0.8337622872853079,0.7806212564121356,0.6265823546758773,-1.1736456835970248,-1.1736456835970248,-1.7776740548784176,7.5826564582826e-07,-1.7776740548784176,-1.7776740548784176,-1.7776740548784176,0.0,-1.4071580919394489,-1.4071580919394489,-0.3547426620772196,3.043841818595183e-07,-0.3547426620772196,-0.3547426620772196,-0.3547426620772196,0.0,a_to_b,-1.1736456835970266,-1.7776740548784193,-1.407158091939448,-0.3547426620772214,group,1,0.23351240834242404,0.23351240834242404,-1.422931392801198,4.5388146396874163e-07,-1.422931392801198,-1.422931392801198,-1.422931392801198,0.0,,,,,,,,,0.8032501617348717,0.5956825894504448,0.3548377473743952,True,True,0.0,0.0,0.0,True,4.5388146396874163e-07,0.0,True,0.0,True,0.0,0.0,True,True,8,weapon,club-lex-0,-8.881784197001252e-16,True,1.0,True,3,3,0.23351240834242137,-1.422931392801198,2.6645352591003757e-15,0.0,True,True,True,1.0,ok,True,True,True,True,True,True,54.65997347038424,False,weapon,1,0.7962809651173367,1.0,0.0,1.0,0.0,1.0,True,True,True,True,True,True,True,True,club,0
0.0004945570274058974,0.00014334591787238033,0.00016175991371814358,0.0008818511094019483,0.000202219270061846,0.0006590301038013866,0.9986235918631922,0.9996544348120658,0.9991792099824804,136,0.00830078125,True,True,True,-0.5783607637724835,weapon,0.6588997682411739,0.6588997682411739,56.66524126882311,56.66524126882311,0.8038495583612619,0.8038495583612619,-0.00035121110953351706,-0.0003327971136877538,-0.0006796318393401024,-0.0002228210056005618,0.0010308429488736781,0.0005556181192882814,0.0,-1.0605641038575957,0.12085250660274127,1.181416610460336,0.0,-1.0605641038575957,0.0,-0.2549603059094592,0.869754764610164,-0.22377721692632768,0.39153411644760183,-0.031183088983123497,0.47822064816256216,0.48325069342883686,0.15683273704809803,0.9604939886933634,0.5609279156139797,-0.05851888653706916,0.4066262120943527,-0.027335797553938335,-0.07159443606821014,-0.031183088983123497,0.47822064816256216,0.48325069342883686,0.15683273704809803,0.9604939886933634,0.5609279156139797,-1.238401752507377,-1.238401752507377,-1.1175492459046357,2.5874372866496742e-08,-1.1175492459046357,-1.1175492459046357,-1.1175492459046357,0.0,-1.4726706275220796,-1.4726706275220796,-0.2912540170617426,9.364967770153498e-07,-0.2912540170617426,-0.2912540170617426,-0.2912540170617426,0.0,a_to_b,-1.2384017525073787,-1.1175492459046374,-1.4726706275220787,-0.2912540170617426,group,1,0.23426887501470262,0.23426887501470262,-0.8262952288428931,-9.106224041488531e-07,-0.8262952288428931,-0.8262952288428931,-0.8262952288428931,0.0,,,,,,,,,0.8780269744455205,0.4789456765183849,0.22938896105565726,True,True,0.0,0.0,0.0,True,9.106224041488531e-07,0.0,True,0.0,True,0.0,0.0,True,True,12,weapon,club-lex-0,-8.881784197001252e-16,True,1.0,True,3,3,0.23426887501469995,-0.8262952288428949,2.6645352591003757e-15,1.7763568394002505e-15,True,True,True,1.0,ok,True,True,True,True,True,True,70.49234608568001,False,weapon,1,0.8601292396834643,1.0,0.0,1.0,0.0,1.0,True,True,True,True,True,True,True,True,club,0
1.7257563957555332e-05,1.9424669849254206e-05,1.819182556603042e-05,0.0046377031755160895,0.002974325217445219,0.003167809107455667,0.9953450392605264,0.9970062501127055,0.9968139990669783,67,0.00408935546875,True,True,True,-5.593723979726382,group,0.47485220946041284,0.47485220946041284,27.107885864935422,27.107885864935422,0.5604221023019863,0.5604221023019863,2.1671058916988736e-06,9.342616084750882e-07,-0.0016633779580708706,-0.0014698940680604226,0.0016612108521790736,0.0014689598064518972,0.0,-0.1285945715150678,-0.06557155146844273,0.06302302004662774,0.0,-0.1285945715150678,0.0,1.0814617657342396,1.3685091558953886,0.2186932578175842,0.24614817119327803,0.8627685079166518,1.1223609847021603,0.02554628945979642,0.0145901219231787,0.7015109284966691,0.6943181751974487,0.6942263523654351,0.8450478575493883,-0.16854215555122032,-0.2773131271527234,0.8627685079166518,1.1223609847021603,0.02554628945979642,0.0145901219231787,0.7015109284966691,0.6943181751974487,0.11829336227022758,0.11829336227022758,0.05272181080178662,2.0477497546522727e-06,0.05272181080178662,0.05272181080178662,0.05272181080178662,0.0,-0.4442020428007982,-0.4442020428007982,-0.38117902275417137,2.9051762187037866e-06,-0.38117902275417137,-0.38117902275417137,-0.38117902275417137,0.0,b_to_a,0.11829336227022935,0.05272181080178662,-0.4442020428007982,-0.3811790227541705,weapon,1,0.5624954050710258,0.5624954050710258,0.433900833555958,-8.574264640515139e-07,0.433900833555958,0.433900833555958,0.433900833555958,0.0,,,,,,,,,0.8624990584467376,0.5063453603775164,0.25638562397584347,True,True,0.0,0.0,0.0,True,8.574264640515139e-07,0.0,True,0.0,True,0.0,0.0,True,True,4,group,club-lex-0,8.881784197001252e-16,True,1.0,True,3,3,0.5624954050710276,0.4339008335559571,-1.7763568394002505e-15,8.881784197001252e-16,True,True,True,1.0,ok,True,True,True,True,True,True,48.370479596695496,False,group,1,0.8454623393566788,1.0,1.0,1.0,1.0,1.0,True,True,True,True,True,True,True,True,club,0
1.7257563957555332e-05,3.0190004559838212e-05,3.810860344565339e-05,0.0046377031755160895,0.006528752656737554,0.013871786012250014,0.9953450392605264,0.9934410573387026,0.9860901053843043,56,0.00341796875,True,True,True,-5.593723979726382,group,0.5891553285632927,0.5891553285632927,38.064322420829455,38.064322420829455,0.6963838436813987,0.6963838436813987,1.293244060228288e-05,2.085103948809806e-05,0.0018910494812214643,0.009234082836733925,-0.0019039819218238385,-0.009254933876222116,0.0,-0.5207119122400572,0.2329291741060171,0.753641086346077,0.0,-0.5207119122400572,0.0,1.0060162873065766,-0.20793717622163088,0.1608668287467978,0.6357499763453802,0.8451494585598294,-0.8436871525669911,0.1259153732189694,0.18329132737502252,1.087488630417937,0.3806995421654238,0.8216957281126924,-0.2993987136255787,-0.023453730447085874,0.5442884389414324,0.8451494585598294,-0.8436871525669911,0.1259153732189694,0.18329132737502252,1.087488630417937,0.3806995421654238,0.5592603570951127,0.5592603570951127,0.7921895312011316,1.12141532504495e-06,0.7921895312011316,0.7921895312011316,0.7921895312011316,0.0,0.34199666929136363,0.34199666929136363,1.0956377556374397,1.930119593041013e-06,1.0956377556374397,1.0956377556374397,1.0956377556374397,0.0,b_to_a,0.5592603570951127,0.7921895312011298,0.34199666929136363,1.0956377556374406,weapon,1,0.21726368780374905,0.21726368780374905,-0.30344822443630814,-8.087042679960632e-07,-0.30344822443630814,-0.30344822443630814,-0.30344822443630814,0.0,,,,,,,,,0.7891449765166415,0.6150390805788591,0.3782730706392979,True,True,0.0,0.0,0.0,True,8.087042679960632e-07,0.0,True,0.0,True,0.0,0.0,True,True,8,group,club-lex-0,8.881784197001252e-16,True,1.0,True,3,3,0.21726368780374905,-0.3034482244363108,0.0,2.6645352591003757e-15,True,True,True,1.0,ok,True,True,True,True,True,True,54.65997347038424,False,group,1,0.7571627220502933,1.0,0.0,1.0,0.0,1.0,True,True,True,True,True,True,True,True,club,0
1.7257563957555332e-05,3.1644191991683616e-05,2.054373112572797e-05,0.0046377031755160895,0.004983096234544333,0.0050154953032586005,0.9953450392605264,0.9949852595734641,0.9949639609656157,181,0.01104736328125,True,True,True,-5.593723979726382,group,0.6588997682411739,0.6588997682411739,56.66524126882311,56.66524126882311,0.8038495583612619,0.8038495583612619,1.4386628034128284e-05,3.2861671681726375e-06,0.0003453930590282435,0.00037779212774251107,-0.00035977968706235597,-0.00038107829491074163,0.0,-0.43847953389566285,-0.43199878468439223,0.006480749211272396,0.0,-0.43847953389566285,0.0,0.841213448856609,-2.1780048684131925,-0.09908050849843164,-0.15174057944465247,0.9402939573550757,-2.0262642889684965,0.04296897689931742,0.011564205830448723,1.030848034725218,1.602777158993146,0.6604863489659036,-2.5053428789806826,-0.2798076083891363,-0.4790785900121435,0.9402939573550757,-2.0262642889684965,0.04296897689931742,0.011564205830448723,1.030848034725218,1.602777158993146,0.6063040867172251,0.6063040867172251,0.17430530203283467,9.243808154479893e-07,0.17430530203283467,0.17430530203283467,0.17430530203283467,0.0,0.07183219327849066,0.07183219327849066,0.07831294248976306,1.5400990331926323e-06,0.07831294248976306,0.07831294248976306,0.07831294248976306,0.0,b_to_a,0.6063040867172251,0.1743053020328329,0.07183219327849066,0.07831294248976306,weapon,1,0.5344718934387345,0.5344718934387345,0.09599235954307161,-6.15718217744643e-07,0.09599235954307161,0.09599235954307161,0.09599235954307161,0.0,,,,,,,,,0.8992663588891537,0.43765276919472074,0.19153994638381072,True,True,0.0,0.0,0.0,True,6.15718217744643e-07,0.0,True,0.0,True,0.0,0.0,True,True,12,group,club-lex-0,8.881784197001252e-16,True,1.0,True,3,3,0.5344718934387345,0.09599235954306984,0.0,1.7763568394002505e-15,True,True,True,1.0,ok,True,True,True,True,True,True,70.49234608568001,False,group,1,0.8844363011155216,1.0,1.0,1.0,1.0,1.0,True,True,True,True,True,True,True,True,club,0
3.8752503302893324e-05,1.298958183261671e-05,1.313742103324424e-05,0.006943075971586014,0.004636140573645166,0.003776732844963612,0.9930181715251111,0.9953508698445223,0.9962101297340031,112,0.0068359375,True,True,True,-5.188304823800001,weapon,0.5710523879842087,0.5710523879842088,37.57936424066528,37.57936424066528,0.6072052024131886,0.6072052024131886,-2.5762921470276613e-05,-2.5615082269649085e-05,-0.0023069353979408482,-0.0031663431266224016,0.002332698319411186,0.003191958208892065,0.0,0.2163400247602203,0.011317086714962343,-0.20502293804525618,0.0,0.2163400247602203,0.0,-0.06778021648204735,1.1348166062312544,0.39847814300292583,1.7581280713267269,-0.4662583594849856,-0.6233114650954867,0.09321104143068473,0.09725967427798166,0.9003245868588726,0.7057938940575181,-1.6001869721394062,-0.6355184252827293,-1.1339286126544295,-0.012206960187256755,-0.4662583594849856,-0.6233114650954867,0.09321104143068473,0.09725967427798166,0.9003245868588726,0.7057938940575181,-1.0930477163978871,-1.0930477163978871,-1.081730629682923,3.459088642188135e-07,-1.081730629682923,-1.081730629682923,-1.081730629682923,0.0,-0.40386265269380406,-0.40386265269380406,-0.6088855907390602,1.4862763091372244e-06,-0.6088855907390602,-0.6088855907390602,-0.6088855907390602,0.0,a_to_b,-1.0930477163978871,-1.0817306296829248,-0.40386265269380406,-0.6088855907390602,group,1,-0.6891850637040831,-0.6891850637040831,-0.47284503894386276,-1.140367444918411e-06,-0.47284503894386276,-0.47284503894386276,-0.47284503894386276,0.0,,,,,,,,,0.8391941437011602,0.5454207288313703,0.2974837714389502,True,True,0.0,0.0,0.0,True,1.140367444918411e-06,0.0,True,0.0,True,0.0,0.0,True,True,4,weapon,club-lex-1,8.881784197001252e-16,True,1.0,True,3,3,-0.6891850637040831,-0.47284503894386454,0.0,1.7763568394002505e-15,True,True,True,1.0,ok,True,True,True,True,True,True,61.8890682940714,False,weapon,1,0.7975938761386107,1.0,1.0,1.0,1.0,1.0,True,True,True,True,True,True,True,True,club,0
3.8752503302893324e-05,2.072801978148122e-05,1.144773906203189e-05,0.006943075971586014,0.003476516769984646,0.002631834943274981,0.9930181715251111,0.9965027552102339,0.997356717317663,62,0.0037841796875,True,True,True,-5.188304823800001,weapon,0.47301457460593155,0.47301457460593155,28.15899226751165,28.15899226751165,0.5180549209651392,0.5180549209651392,-1.8024483521412103e-05,-2.7304764240861433e-05,-0.0034665592016013677,-0.004311241028311033,0.003484583685122833,0.0043385457925518844,0.0,-0.31534458454177194,-0.593694148924758,-0.2783495643829843,0.0,-0.31534458454177194,0.0,0.25795592514289467,0.12995287507566022,0.5947517335139523,-0.027948710414253952,-0.33679580837106116,0.15790158548989552,0.1382526435280239,0.11483233072424998,0.8081734061269173,0.45587869519531965,-1.7128047959436667,-0.8155652016066952,-1.3760089875726091,-0.9734667870966085,-0.33679580837106116,0.15790158548989552,0.1382526435280239,0.11483233072424998,0.8081734061269173,0.45587869519531965,-0.6257089574821908,-0.6257089574821908,-1.219403106406947,7.992975632475918e-07,-1.219403106406947,-1.219403106406947,-1.219403106406947,0.0,-0.6917140355376894,-0.6917140355376894,-0.9700635999206737,1.0772888776600098e-06,-0.9700635999206737,-0.9700635999206737,-0.9700635999206737,0.0,a_to_b,-0.6257089574821908,-1.2194031064069488,-0.6917140355376894,-0.9700635999206737,group,1,0.0660050780554986,0.0660050780554986,-0.24933950648627334,-2.77991314412418e-07,-0.24933950648627334,-0.24933950648627334,-0.24933950648627334,0.0,,,,,,,,,0.776366040707975,0.6331325357273516,0.4008568077965554,True,True,0.0,0.0,0.0,True,2.77991314412418e-07,0.0,True,0.0,True,0.0,0.0,True,True,8,weapon,club-lex-1,8.881784197001252e-16,True,1.0,True,3,3,0.0660050780554986,-0.24933950648627512,0.0,1.7763568394002505e-15,True,True,True,1.0,ok,True,True,True,True,True,True,54.355225919003516,False,weapon,1,0.7163573999873758,1.0,0.0,1.0,0.0,1.0,True,True,True,True,True,True,True,True,club,0
3.8752503302893324e-05,3.033913517181965e-05,3.0152584253613848e-05,0.006943075971586014,0.007123739649490919,0.008834391823496457,0.9930181715251111,0.9928459212153373,0.9911354555922499,154,0.0093994140625,True,True,True,-5.188304823800001,weapon,0.6710684095351648,0.6710684095351647,54.007983279817026,54.00798327981703,0.8024037832693656,0.8024037832693657,-8.413368131073675e-06,-8.599919049279476e-06,0.00018066367790490513,0.0018913158519104434,-0.0001722503097737471,-0.0018827159328611565,0.0,-0.22138728325080237,-0.006167836238679669,0.21521944701212448,0.0,-0.22138728325080237,0.0,0.14729302820826806,0.03603164794218472,0.4804242697081271,0.15247748200753364,-0.33313124149990614,-0.11644583406537379,0.04444629536380023,0.07030025375937729,0.6986683619163796,0.46858662656972583,-1.2999951497579136,-1.0212225090893288,-0.9668639082580537,-0.9047766750239798,-0.33313124149990614,-0.11644583406537379,0.04444629536380023,0.07030025375937729,0.6986683619163796,0.46858662656972583,-0.24475688611803825,-0.24475688611803825,-0.25092472235671615,-1.0508630410299702e-06,-0.25092472235671615,-0.25092472235671615,-0.25092472235671615,0.0,0.025687919312451513,0.025687919312451513,0.240907366324576,6.282101372434568e-07,0.240907366324576,0.240907366324576,0.240907366324576,0.0,a_to_b,-0.24475688611803825,-0.2509247223567179,0.025687919312451513,0.240907366324576,group,1,-0.27044480543048977,-0.27044480543048977,-0.49183208868129213,-1.679073178273427e-06,-0.49183208868129213,-0.49183208868129213,-0.49183208868129213,0.0,,,,,,,,,0.8705135743636956,0.49342011641677463,0.24346341128474755,True,True,0.0,0.0,0.0,True,1.679073178273427e-06,0.0,True,0.0,True,0.0,0.0,True,True,12,weapon,club-lex-1,8.881784197001252e-16,True,1.0,True,3,3,-0.27044480543048977,-0.4918320886812939,0.0,1.7763568394002505e-15,True,True,True,1.0,ok,True,True,True,True,True,True,67.30773758289551,False,weapon,1,0.8350552264579414,1.0,1.0,1.0,1.0,1.0,True,True,True,True,True,True,True,True,club,0
0.0003561557444866206,0.00019846937697819527,0.00042379084622388573,0.0017230040236596894,0.001721636794529081,0.0020466323327657096,0.9979208402318537,0.9980798938284927,0.9975295768210104,78,0.0047607421875,True,True,True,-1.5764564520925353,group,0.5710523879842087,0.5710523879842087,37.57936424066528,37.57936424066528,0.6072052024131886,0.6072052024131886,-0.00015768636750842534,6.763510173726512e-05,-1.367229130608532e-06,0.00032362830910602014,0.00015905359663903607,-0.00039126341084327887,0.0,0.5856850154572832,0.7586052302420576,0.17292021478477348,0.0,0.5856850154572832,0.0,1.2207706800455744,0.3027086468974334,0.9955839768108241,0.4288630920604177,0.2251867032347441,-0.12615444516299945,0.08755999514044822,0.03190242845982809,0.671984584210565,0.5458286580982735,-0.774054935446916,-0.48293335945774096,-0.9992416386816672,-0.3567789142947557,0.2251867032347441,-0.12615444516299945,0.08755999514044822,0.03190242845982809,0.671984584210565,0.5458286580982735,-0.5847333036206361,-0.5847333036206361,0.1738719266214197,8.844635086546759e-07,0.1738719266214197,0.1738719266214197,0.1738719266214197,0.0,-0.0007938297631424618,-0.0007938297631424618,0.17212638502163013,5.071446800286594e-07,0.17212638502163013,0.17212638502163013,0.17212638502163013,0.0,b_to_a,-0.5847333036206388,0.17387192662141882,-0.0007938297631424618,0.17212638502163102,weapon,1,-0.5839394738574937,-0.5839394738574937,0.0017455415997895685,3.773188286260165e-07,0.0017455415997895685,0.0017455415997895685,0.0017455415997895685,0.0,,,,,,,,,0.8784223311931199,0.48024412700342545,0.230634421521288,True,True,0.0,0.0,0.0,True,3.773188286260165e-07,0.0,True,0.0,True,0.0,0.0,True,True,4,group,club-lex-1,0.0,True,1.0,True,3,3,-0.5839394738574963,0.0017455415997877921,2.6645352591003757e-15,1.7763568394002505e-15,True,True,True,1.0,ok,True,True,True,True,True,True,61.8890682940714,False,group,1,0.8308806288672264,1.0,0.0,1.0,0.0,1.0,True,True,True,True,True,True,True,True,club,0
0.0003561557444866206,0.00035361557173891874,0.00032635444181082675,0.0017230040236596894,0.0029534690612381172,0.00189970350813422,0.9979208402318537,0.9966929153670229,0.997773942050055,52,0.003173828125,True,True,True,-1.5764564520925353,group,0.47301457460593155,0.47301457460593155,28.15899226751165,28.15899226751165,0.5180549209651392,0.5180549209651392,-2.540172747701871e-06,-2.980130267579386e-05,0.0012304650375784278,0.00017669948447453059,-0.0012279248648308094,-0.00014689818179869363,0.0,0.36105627482309366,-0.0802263319544334,-0.44128260677752795,0.0,0.36105627482309366,0.0,0.9208888677569713,0.2769732181470175,0.14779019497824208,-0.3439277650560193,0.7730986727787048,0.6209009832030361,0.0823310981774704,0.051078227370047254,0.8406119994029064,0.5279720274309627,0.13757780743270054,0.6920535211666738,-0.6355208653460291,0.07115253796363774,0.7730986727787048,0.6209009832030361,0.0823310981774704,0.051078227370047254,0.8406119994029064,0.5279720274309627,-0.007157752179518084,-0.007157752179518084,-0.08738408413395149,1.3225842074859884e-06,-0.08738408413395149,-0.08738408413395149,-0.08738408413395149,0.0,0.5389111396157418,0.5389111396157418,0.09762853283821471,1.0939958849931486e-06,0.09762853283821471,0.09762853283821471,0.09762853283821471,0.0,b_to_a,-0.0071577521795189725,-0.08738408413395238,0.5389111396157418,0.09762853283821382,weapon,1,-0.5460688917952599,-0.5460688917952599,-0.1850126169721662,2.2858832249283978e-07,-0.1850126169721662,-0.1850126169721662,-0.1850126169721662,0.0,,,,,,,,,0.806727629521319,0.5956765254076691,0.3548305229217617,True,True,0.0,0.0,0.0,True,2.2858832249283978e-07,0.0,True,0.0,True,0.0,0.0,True,True,8,group,club-lex-1,0.0,True,1.0,True,3,3,-0.5460688917952607,-0.1850126169721662,8.881784197001252e-16,0.0,True,True,True,1.0,ok,True,True,True,True,True,True,54.355225919003516,False,group,1,0.7316277549884694,1.0,1.0,1.0,1.0,1.0,True,True,True,True,True,True,True,True,club,0
0.0003561557444866206,0.00016645412114136662,0.00024118251728468706,0.0017230040236596894,0.0010847585778017495,0.0011712554194154067,0.9979208402318537,0.9987487873010569,0.9985875620632999,168,0.01025390625,True,True,True,-1.5764564520925353,group,0.6710684095351648,0.6710684095351648,54.007983279817026,54.007983279817026,0.8024037832693656,0.8024037832693656,-0.00018970162334525399,-0.00011497322720193355,-0.0006382454458579399,-0.0005517486042442828,0.0008279470692031943,0.0006667218314462264,0.0,0.29411552894043247,0.37083425724062913,0.07671872830019932,0.0,0.29411552894043247,0.0,1.6685299212387754,1.019416958873813,0.3916399945667841,0.749646757317084,1.276889926672002,0.26977020155672804,0.1484923682677043,0.08775966707638008,0.9391049315644927,0.37802656996560813,0.6539829612591728,-0.1764353250710453,-0.6229069654128221,-0.44620552662777513,1.276889926672002,0.26977020155672804,0.1484923682677043,0.08775966707638008,0.9391049315644927,0.37802656996560813,-0.760648396947083,-0.760648396947083,-0.38981413970645207,-3.433590585188995e-07,-0.38981413970645207,-0.38981413970645207,-0.38981413970645207,0.0,-0.46271183951180284,-0.46271183951180284,-0.3859931112116044,-5.813123316045221e-08,-0.3859931112116044,-0.3859931112116044,-0.3859931112116044,0.0,b_to_a,-0.7606483969470821,-0.38981413970645296,-0.46271183951180284,-0.3859931112116035,weapon,1,-0.29793655743528014,-0.29793655743528014,-0.003821028494847667,-2.8522782535844726e-07,-0.003821028494847667,-0.003821028494847667,-0.003821028494847667,0.0,,,,,,,,,0.8929762724987154,0.4508250017699966,0.20324318222092075,True,True,0.0,0.0,0.0,True,2.8522782535844726e-07,0.0,True,0.0,True,0.0,0.0,True,True,12,group,club-lex-1,0.0,True,1.0,True,3,3,-0.29793655743527925,-0.0038210284948494433,-8.881784197001252e-16,1.7763568394002505e-15,True,True,True,1.0,ok,True,True,True,True,True,True,67.30773758289551,False,group,1,0.867484990329666,1.0,1.0,1.0,1.0,1.0,True,True,True,True,True,True,True,True,club,0
2.6907833930136215e-06,7.684861600418185e-06,2.226308493524537e-06,0.0029389258783725706,0.0016553828488771914,0.0014488954483436183,0.9970583833382345,0.9983369322895224,0.9985488782431629,98,0.0059814453125,True,True,True,-6.995967070699897,weapon,0.5554470642786997,0.5554470642786996,34.63853551187351,34.63853551187352,0.6398658845253674,0.6398658845253675,4.994078207404564e-06,-4.644748994890845e-07,-0.0012835430294953793,-0.0014900304300289524,0.0012785489512878723,0.0014904949049283633,0.0,-1.1056767337136924,-1.238907538034013,-0.13323080432032164,0.0,-1.1056767337136924,0.0,-3.016218134310635,-0.02731014141122312,1.6600826021029853,-0.01355120325014525,-4.676300736413705,-0.01375893816109297,0.0533544243528545,0.02557673330679564,2.2527902137464295,0.5790177746803804,-4.685362562988316,-0.4546997446629515,-0.009061826574695786,-0.44094080650187273,-4.676300736413705,-0.01375893816109297,0.0533544243528545,0.02557673330679564,2.2527902137464295,0.5790177746803804,1.0494199923893053,1.0494199923893053,-0.1894875456447096,6.918064308081284e-07,-0.1894875456447096,-0.1894875456447096,-0.1894875456447096,0.0,-0.5740118563992258,-0.5740118563992258,-0.7072426607195483,1.3301685619637738e-07,-0.7072426607195483,-0.7072426607195483,-0.7072426607195483,0.0,a_to_b,1.0494199923893017,-0.18948754564471137,-0.5740118563992258,-0.7072426607195474,group,1,1.623431848788531,1.623431848788531,0.5177551150748387,5.58789574611751e-07,0.5177551150748387,0.5177551150748387,0.5177551150748387,0.0,,,,,,,,,0.8591272852733733,0.5123633144810699,0.2625161660260336,True,True,0.0,0.0,0.0,True,5.58789574611751e-07,0.0,True,0.0,True,0.0,0.0,True,True,4,weapon,club-lex-2,-1.7763568394002505e-15,True,1.0,True,3,3,1.6234318487885275,0.5177551150748361,3.552713678800501e-15,2.6645352591003757e-15,True,True,True,1.0,ok,True,True,True,True,True,True,54.13405582259992,False,weapon,1,0.8343107922247597,1.0,1.0,1.0,1.0,1.0,True,True,True,True,True,True,True,True,club,0
2.6907833930136215e-06,1.1934730695411144e-05,7.297424548636661e-06,0.0029389258783725706,0.001572234945937613,0.0025187035385794932,0.9970583833382345,0.998415830323367,0.9974739990368718,74,0.0045166015625,True,True,True,-6.995967070699897,weapon,0.5209727371388972,0.5209727371388972,33.83617639770526,33.83617639770526,0.6442729326883256,0.6442729326883256,9.243947302397523e-06,4.606641155623039e-06,-0.0013666909324349576,-0.0004202223397930774,0.0013574469851325155,0.0004156156986373505,0.0,-0.9631773716937824,-0.49193121091539105,0.4712461607783913,0.0,-0.9631773716937824,0.0,-6.579467006582482,-2.123256166605649,1.9917460524282706,1.0587058624252794,-8.571213059010807,-3.181962029030995,0.07157236813608071,0.03890776030545596,4.627179418219894,1.160962605821487,-7.788630069134829,-2.3181570550574433,0.7825829898759249,0.863804973973485,-8.571213059010807,-3.181962029030995,0.07157236813608071,0.03890776030545596,4.627179418219894,1.160962605821487,1.4896203198791511,1.4896203198791511,0.9976891089637601,2.559540170921082e-07,0.9976891089637601,0.9976891089637601,0.9976891089637601,0.0,-0.6255460275598228,-0.6255460275598228,-0.15429986678143148,-3.5547206689301447e-07,-0.15429986678143148,-0.15429986678143148,-0.15429986678143148,0.0,a_to_b,1.4896203198791493,0.9976891089637583,-0.6255460275598219,-0.1542998667814306,group,1,2.115166347438974,2.115166347438974,1.1519889757451915,6.114260839851227e-07,1.1519889757451915,1.1519889757451915,1.1519889757451915,0.0,,,,,,,,,0.8091615645557884,0.5893411617879355,0.347323004977562,True,True,0.0,0.0,0.0,True,6.114260839851227e-07,0.0,True,0.0,True,0.0,0.0,True,True,8,weapon,club-lex-2,-1.7763568394002505e-15,True,1.0,True,3,3,2.1151663474389713,1.1519889757451889,2.6645352591003757e-15,2.6645352591003757e-15,True,True,True,1.0,ok,True,True,True,True,True,True,52.51838883952291,False,weapon,1,0.7637144245804814,1.0,1.0,1.0,1.0,1.0,True,True,True,True,True,True,True,True,club,0
2.6907833930136215e-06,7.058228265522836e-06,6.604189438236539e-06,0.0029389258783725706,0.0011025092067143507,0.00110885079854912,0.9970583833382345,0.9988904325650201,0.9988845450120126,156,0.009521484375,True,True,True,-6.995967070699897,weapon,0.699129525563027,0.699129525563027,57.00219116994282,57.00219116994282,0.8222529895422781,0.8222529895422781,4.367444872509215e-06,3.913406045222918e-06,-0.00183641667165822,-0.0018300750798234506,0.0018320492267855926,0.0018261616737781372,0.0,-0.07222533842056666,-0.06648985509450434,0.0057354833260623295,0.0,-0.07222533842056666,0.0,-7.793515014502797,-3.076974603385313,1.2498494576428847,0.7949965859978967,-9.043364472145727,-3.8719711893832667,0.0855108362316026,0.03325960365273547,5.525919462198427,1.8922830326136704,-8.71665186317109,-3.9808893375909795,0.3267126089745922,-0.1089181482077688,-9.043364472145727,-3.8719711893832667,0.0855108362316026,0.03325960365273547,5.525919462198427,1.8922830326136704,0.964361690734151,0.964361690734151,0.8978718356396467,-2.0757708263374752e-07,0.8978718356396467,0.8978718356396467,0.8978718356396467,0.0,-0.9804554880373004,-0.9804554880373004,-0.9747200047112381,4.459565854375569e-07,-0.9747200047112381,-0.9747200047112381,-0.9747200047112381,0.0,a_to_b,0.9643616907341492,0.8978718356396449,-0.9804554880372995,-0.9747200047112372,group,1,1.9448171787714514,1.9448171787714514,1.8725918403508848,-6.535336680713044e-07,1.8725918403508848,1.8725918403508848,1.8725918403508848,0.0,,,,,,,,,0.8887796867858222,0.4592425467475762,0.21090371674320327,True,True,0.0,0.0,0.0,True,6.535336680713044e-07,0.0,True,0.0,True,0.0,0.0,True,True,12,weapon,club-lex-2,-1.7763568394002505e-15,True,1.0,True,3,3,1.9448171787714488,1.872591840350882,2.6645352591003757e-15,2.6645352591003757e-15,True,True,True,1.0,ok,True,True,True,True,True,True,69.32439516173011,False,weapon,1,0.859917109175572,1.0,1.0,1.0,1.0,1.0,True,True,True,True,True,True,True,True,club,0
0.0023148405089622706,0.001280510346631815,0.0019327231074882502,0.0011758097693495462,0.0011870918755124006,0.0011038004388600157,0.9965093497216883,0.9975323977778559,0.9969634764536517,74,0.0045166015625,True,True,True,0.6773837149135602,weapon,0.5554470642786997,0.5554470642786997,34.63853551187351,34.63853551187351,0.6398658845253674,0.6398658845253674,-0.0010343301623304557,-0.00038211740147402044,1.1282106162854378e-05,-7.200933048953054e-05,0.001023048056167597,0.00045412673196343345,0.0,0.48441858269043436,0.41167123822895313,-0.07274734446148035,0.0,0.48441858269043436,0.0,1.0287008493550407,0.4592997836731061,0.8972874295181175,0.949008447415892,0.1314134198369281,-0.48970866374279964,0.18937579731450843,0.05297181187748779,0.6701741877512234,0.5383619753145338,-0.9699320106965246,-0.953865454728918,-1.1013454305334491,-0.4641567909861344,0.1314134198369281,-0.48970866374279964,0.18937579731450843,0.05297181187748779,0.6701741877512234,0.5383619753145338,-0.592082083773529,-0.592082083773529,-0.18041084554457587,1.1634827679074533e-07,-0.18041084554457587,-0.18041084554457587,-0.18041084554457587,0.0,0.009549438440258129,0.009549438440258129,-0.0631979060212231,1.435057677134921e-06,-0.0631979060212231,-0.0631979060212231,-0.0631979060212231,0.0,b_to_a,-0.592082083773529,-0.18041084554457587,0.009549438440259017,-0.06319790602122133,weapon,1,-0.6016315222137871,-0.6016315222137871,-0.11721293952335277,-1.3187094003441757e-06,-0.11721293952335277,-0.11721293952335277,-0.11721293952335277,0.0,,,,,,,,,0.879423350732721,0.4761122917678167,0.2266829143724084,True,True,0.0,0.0,0.0,True,1.3187094003441757e-06,0.0,True,0.0,True,0.0,0.0,True,True,4,group,club-lex-2,-8.881784197001252e-16,True,1.0,True,3,3,-0.601631522213788,-0.11721293952335454,8.881784197001252e-16,1.7763568394002505e-15,True,True,True,1.0,ok,True,True,True,True,True,True,54.13405582259992,False,group,1,0.8711562964584028,1.0,1.0,1.0,1.0,1.0,True,True,True,True,True,True,True,True,club,0
0.0023148405089622706,0.001155968616723094,0.00235296481651175,0.0011758097693495462,0.0024532131205803383,0.0020609594049708383,0.9965093497216883,0.9963908182626966,0.9955860757785174,60,0.003662109375,True,True,True,0.6773837149135602,weapon,0.5209727371388972,0.5209727371388972,33.83617639770526,33.83617639770526,0.6442729326883256,0.6442729326883256,-0.0011588718922391765,3.812430754947943e-05,0.0012774033512307922,0.0008851496356212922,-0.00011853145899165529,-0.0009232739431708215,0.0,0.8849645734641509,0.710737535306488,-0.17422703815766116,0.0,0.8849645734641509,0.0,0.8901267419559011,-0.13152703578462877,0.19600758754411807,-0.5183112326049226,0.6941191544117764,0.3867841968202974,0.3082248033555477,0.26307321150835805,0.757726287556877,0.4773165064411289,0.04596953262499959,0.4414722644385769,-0.6481496217867839,0.054688067618281266,0.6941191544117764,0.3867841968202974,0.3082248033555477,0.26307321150835805,0.757726287556877,0.4773165064411289,-0.6944021688298712,-0.6944021688298712,0.016335366476618596,1.7326843870790753e-07,0.016335366476618596,0.016335366476618596,0.016335366476618596,0.0,0.7354415674741341,0.7354415674741341,0.561214529316473,1.0203420748311487e-06,0.561214529316473,0.561214529316473,0.561214529316473,0.0,b_to_a,-0.6944021688298703,0.016335366476617708,0.735441567474135,0.5612145293164739,weapon,1,-1.4298437363040053,-1.4298437363040053,-0.5448791628398544,-8.470736361232412e-07,-0.5448791628398544,-0.5448791628398544,-0.5448791628398544,0.0,,,,,,,,,0.7911389653089167,0.6120957488827579,0.3746612058003526,True,True,0.0,0.0,0.0,True,8.470736361232412e-07,0.0,True,0.0,True,0.0,0.0,True,True,8,group,club-lex-2,-8.881784197001252e-16,True,1.0,True,3,3,-1.4298437363040053,-0.5448791628398562,0.0,1.7763568394002505e-15,True,True,True,1.0,ok,True,True,True,True,True,True,52.51838883952291,False,group,1,0.7674309871071276,1.0,1.0,1.0,1.0,1.0,True,True,True,True,True,True,True,True,club,0
0.0023148405089622706,0.001931115712684899,0.004440647943558082,0.0011758097693495462,0.0022336818914650875,0.0016126119829302803,0.9965093497216883,0.99583520239585,0.9939467400735117,148,0.009033203125,True,True,True,0.6773837149135602,weapon,0.699129525563027,0.699129525563027,57.00219116994282,57.00219116994282,0.8222529895422781,0.8222529895422781,-0.00038372479627737173,0.0021258074345958116,0.0010578721221155413,0.00043680221358073407,-0.0006741473258382591,-0.0025626096481765614,0.0,1.1584984559705829,0.8327023736692327,-0.32579608230135015,0.0,1.1584984559705829,0.0,1.2835629014109542,1.2061456838787383,0.5585041828119301,0.26223043469557084,0.7250587185990263,0.9439152491831493,0.19278438011563673,0.09048375740921216,0.7748494276273193,0.8920393501663296,0.22462708285397248,1.1026551284925983,-0.500431635745052,0.15873987930942945,0.7250587185990263,0.9439152491831493,0.19278438011563673,0.09048375740921216,0.7748494276273193,0.8920393501663296,-0.18124286518664068,-0.18124286518664068,0.651459508482592,5.919578134339076e-07,0.651459508482592,0.651459508482592,0.651459508482592,0.0,0.6416942207217282,0.6416942207217282,0.31589813842037806,8.740255950101528e-07,0.31589813842037806,0.31589813842037806,0.31589813842037806,0.0,b_to_a,-0.18124286518664068,0.651459508482592,0.6416942207217291,0.31589813842037895,weapon,1,-0.8229370859083689,-0.8229370859083689,0.335561370062214,-2.820677815762451e-07,0.335561370062214,0.335561370062214,0.335561370062214,0.0,,,,,,,,,0.9008896701861635,0.4347109995909507,0.18897365316536677,True,True,0.0,0.0,0.0,True,2.820677815762451e-07,0.0,True,0.0,True,0.0,0.0,True,True,12,group,club-lex-2,-8.881784197001252e-16,True,1.0,True,3,3,-0.8229370859083698,0.3355613700622131,8.881784197001252e-16,8.881784197001252e-16,True,True,True,1.0,ok,True,True,True,True,True,True,69.32439516173011,False,group,1,0.8768927742722521,1.0,0.0,1.0,0.0,1.0,True,True,True,True,True,True,True,True,club,0
0.0001280694407503422,8.787852913028703e-05,8.145049085587874e-05,0.0056454574638690426,0.005118808788905057,0.004095013478729099,0.9942264730953806,0.9947933126819647,0.9958235360304151,77,0.00469970703125,True,True,True,-3.7860338893939325,weapon,0.5020053800985222,0.5020053800985225,30.37728703064716,30.377287030647153,0.6134395186734459,0.6134395186734457,-4.019091162005517e-05,-4.6618949894463454e-05,-0.000526648674963986,-0.0015504439851399439,0.0005668395865841003,0.0015970629350344767,0.0,0.14719159613109145,-0.07596014862562583,-0.22315174475671373,0.0,0.14719159613109145,0.0,0.6675924345184852,0.2657250674741123,0.6510738388176485,0.3043753449744777,0.016518595700830474,-0.03865027750036276,0.06493953091137795,0.01748666220678191,0.7739049223777233,0.4786507029479008,-0.6861779065776403,-0.7343062844429395,-0.7026965022784744,-0.6956560069425777,0.016518595700830474,-0.03865027750036276,0.06493953091137795,0.01748666220678191,0.7739049223777233,0.4786507029479008,-0.3766171125543032,-0.3766171125543032,-0.45257726117992547,-4.986331294531965e-07,-0.45257726117992547,-0.45257726117992547,-0.45257726117992547,0.0,-0.09792947952508957,-0.09792947952508957,-0.3210812242818033,-1.4242924981644478e-06,-0.3210812242818033,-0.3210812242818033,-0.3210812242818033,0.0,a_to_b,-0.3766171125543014,-0.45257726117992725,-0.09792947952508957,-0.3210812242818033,group,1,-0.2786876330292136,-0.2786876330292136,-0.13149603689812217,9.256593687112513e-07,-0.13149603689812217,-0.13149603689812217,-0.13149603689812217,0.0,,,,,,,,,0.8601292191386741,0.5106836512134573,0.2607977916167145,True,True,0.0,0.0,0.0,True,9.256593687112513e-07,0.0,True,0.0,True,0.0,0.0,True,True,4,weapon,club-lex-3,8.881784197001252e-16,True,1.0,True,3,3,-0.27868763302921185,-0.13149603689812395,-1.7763568394002505e-15,1.7763568394002505e-15,True,True,True,1.0,ok,True,True,True,True,True,True,49.5196121311806,False,weapon,1,0.8352281100705871,1.0,1.0,1.0,1.0,1.0,True,True,True,True,True,True,True,True,club,0
0.0001280694407503422,0.00015408407111212647,0.00011074113331772543,0.0056454574638690426,0.009496887088610295,0.006375538739965237,0.9942264730953806,0.9903490288402775,0.993513720126717,74,0.0045166015625,True,True,True,-3.7860338893939325,weapon,0.5522095559136494,0.5522095559136494,34.85741120098148,34.85741120098148,0.7292904123585361,0.7292904123585361,2.6014630361784267e-05,-1.7328307432616766e-05,0.0038514296247412526,0.0007300812760961941,-0.0038774442551030575,-0.000712752968663577,0.0,0.0681924499381541,-0.3303030243843583,-0.39849547432251153,0.0,0.0681924499381541,0.0,1.2828038026944313,1.291934187048355,1.345941474174026,0.9848583483636713,-0.06313767147961258,0.3070758386846464,0.10566590387089754,0.06884880751151376,0.8088397693683271,0.5932208475499402,-0.5112952198642517,-0.041980779177707817,-0.44815754838465693,-0.3490566178623933,-0.06313767147961258,0.3070758386846464,0.10566590387089754,0.06884880751151376,0.8088397693683271,0.5932208475499402,0.18492574708947807,0.18492574708947807,-0.14537727729488026,5.100871636187776e-07,-0.14537727729488026,-0.14537727729488026,-0.14537727729488026,0.0,0.5201128369358674,0.5201128369358674,0.12161736261335498,-4.546062895016689e-07,0.12161736261335498,0.12161736261335498,0.12161736261335498,0.0,a_to_b,0.18492574708947807,-0.14537727729488026,0.5201128369358665,0.12161736261335498,group,1,-0.33518708984638934,-0.33518708984638934,-0.26699463990823524,9.646934531204465e-07,-0.26699463990823524,-0.26699463990823524,-0.26699463990823524,0.0,,,,,,,,,0.8045821295762248,0.5940423605211392,0.35288632609353504,True,True,0.0,0.0,0.0,True,9.646934531204465e-07,0.0,True,0.0,True,0.0,0.0,True,True,8,weapon,club-lex-3,8.881784197001252e-16,True,1.0,True,3,3,-0.33518708984638845,-0.26699463990823524,-8.881784197001252e-16,0.0,True,True,True,1.0,ok,True,True,True,True,True,True,47.79633820805637,False,weapon,1,0.78913126141461,1.0,1.0,1.0,1.0,1.0,True,True,True,True,True,True,True,True,club,0
0.0001280694407503422,0.00014150649093933236,0.0001350716135103885,0.0056454574638690426,0.0060936881245405505,0.005517426091482483,0.9942264730953806,0.9937648053845201,0.9943475022950071,147,0.00897216796875,True,True,True,-3.7860338893939325,weapon,0.5882065877739208,0.5882065877739207,41.18778614641134,41.18778614641134,0.7851618110262958,0.7851618110262958,1.3437050188990158e-05,7.002172760046298e-06,0.00044823066067150794,-0.00012803137238655976,-0.00046166771086053604,0.00012102919962653225,0.0,0.05280155786485885,-0.046540480157919006,-0.09934203802277697,0.0,0.05280155786485885,0.0,1.223855293071539,0.9295194390729549,1.2700698117274758,0.6107016411720867,-0.0462145186559475,0.31881779790084863,0.06064147344170738,0.03220119438595808,0.7384823803484741,0.6080892464261991,-0.8793134313189945,0.2604120090711266,-0.8330989126630577,-0.05840578882974512,-0.0462145186559475,0.31881779790084863,0.06064147344170738,0.03220119438595808,0.7384823803484741,0.6080892464261991,0.09977296571540073,0.09977296571540073,0.053232485557481724,-3.156434615902981e-07,0.053232485557481724,0.053232485557481724,0.053232485557481724,0.0,0.0764022687005621,0.0764022687005621,-0.022939769322215753,1.2100864488218122e-07,-0.022939769322215753,-0.022939769322215753,-0.022939769322215753,0.0,a_to_b,0.09977296571540073,0.053232485557481724,0.07640226870056122,-0.022939769322215753,group,1,0.023370697014838626,0.023370697014838626,0.07617225487969748,-4.366521064724793e-07,0.07617225487969748,0.07617225487969748,0.07617225487969748,0.0,,,,,,,,,0.8878978380419956,0.4608035254278948,0.2123398890467796,True,True,0.0,0.0,0.0,True,4.366521064724793e-07,0.0,True,0.0,True,0.0,0.0,True,True,12,weapon,club-lex-3,8.881784197001252e-16,True,1.0,True,3,3,0.023370697014839514,0.07617225487969748,-8.881784197001252e-16,0.0,True,True,True,1.0,ok,True,True,True,True,True,True,52.45770434577583,False,weapon,1,0.8613938789711564,1.0,1.0,1.0,1.0,1.0,True,True,True,True,True,True,True,True,club,0
5.422629783579901e-05,4.752977828679041e-05,6.254261281226526e-05,0.033942984067149476,0.03939171986155571,0.04168901551167478,0.9660027896350147,0.9605607503601574,0.958248441875513,68,0.004150390625,True,True,True,-6.439271466063698,group,0.5020053800985222,0.5020053800985225,30.37728703064716,30.377287030647153,0.6134395186734459,0.6134395186734457,-6.696519549008604e-06,8.316314976466248e-06,0.0054487357944062315,0.007746031444525306,-0.005442039274857313,-0.0077543477595017896,0.0,0.21780966480231356,0.27449170350051944,0.05668203869820587,0.0,0.21780966480231356,0.0,0.05403788697832834,0.8484034533645255,-0.20147662021322432,0.1570400782360295,0.2555145071915774,0.6913633751285246,0.1933820563285733,0.1191739959580657,0.6488769630164175,0.5590688817106897,-0.3263826593092247,0.33713900597688706,-0.5818971665007808,-0.35422436915160915,0.2555145071915774,0.6913633751285246,0.1933820563285733,0.1191739959580657,0.6488769630164175,0.5590688817106897,-0.13180956478202432,-0.13180956478202432,0.1426821387184951,-8.984081087959339e-07,0.1426821387184951,0.1426821387184951,0.1426821387184951,0.0,0.14887346064175322,0.14887346064175322,0.2055554993399591,-3.977698908030902e-07,0.2055554993399591,0.2055554993399591,0.2055554993399591,0.0,b_to_a,-0.13180956478202255,0.1426821387184969,0.14887346064175322,0.2055554993399591,weapon,1,-0.28068302542377754,-0.28068302542377754,-0.06287336062146398,-5.006382179928437e-07,-0.06287336062146398,-0.06287336062146398,-0.06287336062146398,0.0,,,,,,,,,0.8842423215345471,0.46709801222614267,0.21818055302561887,True,True,0.0,0.0,0.0,True,5.006382179928437e-07,0.0,True,0.0,True,0.0,0.0,True,True,4,group,club-lex-3,1.7763568394002505e-15,True,1.0,True,3,3,-0.28068302542377577,-0.0628733606214622,-1.7763568394002505e-15,-1.7763568394002505e-15,True,True,True,1.0,ok,True,True,True,True,True,True,49.5196121311806,False,group,1,0.8761778179277332,1.0,1.0,1.0,1.0,1.0,True,True,True,True,True,True,True,True,club,0
5.422629783579901e-05,4.8791009499170006e-05,5.653666576152175e-05,0.033942984067149476,0.04048802471807514,0.04832018461449022,0.9660027896350147,0.9594631842724257,0.9516232787197483,67,0.00408935546875,True,True,True,-6.439271466063698,group,0.5522095559136494,0.5522095559136494,34.85741120098148,34.85741120098148,0.7292904123585361,0.7292904123585361,-5.435288336629005e-06,2.3103679257227355e-06,0.0065450406509256626,0.014377200547340742,-0.006539605362589018,-0.014379510915266458,0.0,-0.02949981497428933,0.14734331489376906,0.17684312986805617,0.0,-0.02949981497428933,0.0,-0.009720297091250385,-0.17819161353988466,-0.6643790160270555,-0.26556035427333313,0.6546587189358171,0.08736874073345646,0.34848168967429904,0.09865921352389496,0.7268406648100117,0.46768219918433424,0.23387587108376806,-0.35223200274699984,-0.4207828478520348,-0.439600743480451,0.6546587189358171,0.08736874073345646,0.34848168967429904,0.09865921352389496,0.7268406648100117,0.46768219918433424,-0.10561992638467466,-0.10561992638467466,0.04172338850909263,-3.6346659548769367e-07,0.04172338850909263,0.04172338850909263,0.04172338850909263,0.0,0.17632406663709066,0.17632406663709066,0.3531671965051473,4.7321223473062446e-07,0.3531671965051473,0.3531671965051473,0.3531671965051473,0.0,b_to_a,-0.10561992638467466,0.041723388509094406,0.1763240666370911,0.3531671965051473,weapon,1,-0.2819439930217653,-0.2819439930217653,-0.31144380799605464,-8.366788302183181e-07,-0.31144380799605464,-0.31144380799605464,-0.31144380799605464,0.0,,,,,,,,,0.8049818909030222,0.5940522339954446,0.35289805671498614,True,True,0.0,0.0,0.0,True,8.366788302183181e-07,0.0,True,0.0,True,0.0,0.0,True,True,8,group,club-lex-3,1.7763568394002505e-15,True,1.0,True,3,3,-0.28194399302176576,-0.31144380799605287,4.440892098500626e-16,-1.7763568394002505e-15,True,True,True,1.0,ok,True,True,True,True,True,True,47.79633820805637,False,group,1,0.7750837070653349,1.0,1.0,1.0,1.0,1.0,True,True,True,True,True,True,True,True,club,0
5.422629783579901e-05,5.146709369021091e-05,7.907887756635653e-05,0.033942984067149476,0.04619261710877102,0.055146762979359304,0.9660027896350147,0.9537559157975388,0.9447741581430744,186,0.0113525390625,True,True,True,-6.439271466063698,group,0.5882065877739208,0.5882065877739208,41.18778614641134,41.18778614641134,0.7851618110262958,0.7851618110262958,-2.7592041455881008e-06,2.4852579730557517e-05,0.012249633041621542,0.021203778912209828,-0.012246873837475913,-0.02122863149194032,0.0,0.2523250919208566,0.4295031585764608,0.1771780666556042,0.0,0.2523250919208566,0.0,-0.10665283385961083,-0.5383912607478071,-0.5450190137215358,-0.24680284419138587,0.4383661798619336,-0.2915884165564009,0.2743799363308369,0.16148303929266244,0.6776772116496115,0.6946152494861025,0.1551131503395453,-0.41967139205300796,-0.2832530295223794,-0.12808297549658754,0.4383661798619336,-0.2915884165564009,0.2743799363308369,0.16148303929266244,0.6776772116496115,0.6946152494861025,-0.05222334471893575,-0.05222334471893575,0.37727981385752507,1.3370243578947338e-07,0.37727981385752507,0.37727981385752507,0.37727981385752507,0.0,0.3081378046991725,0.3081378046991725,0.4853158713547767,2.8971495069640696e-07,0.4853158713547767,0.4853158713547767,0.4853158713547767,0.0,b_to_a,-0.05222334471893397,0.37727981385752685,0.3081378046991725,0.4853158713547767,weapon,1,-0.36036114941810826,-0.36036114941810826,-0.10803605749725165,-1.5601251490693357e-07,-0.10803605749725165,-0.10803605749725165,-0.10803605749725165,0.0,,,,,,,,,0.899148034554319,0.43797667644187405,0.19182356910707293,True,True,0.0,0.0,0.0,True,1.5601251490693357e-07,0.0,True,0.0,True,0.0,0.0,True,True,12,group,club-lex-3,1.7763568394002505e-15,True,1.0,True,3,3,-0.3603611494181065,-0.10803605749724987,-1.7763568394002505e-15,-1.7763568394002505e-15,True,True,True,1.0,ok,True,True,True,True,True,True,52.45770434577583,False,group,1,0.8820964319912733,1.0,1.0,1.0,1.0,1.0,True,True,True,True,True,True,True,True,club,0
1.3379518353961576e-05,4.9793659746576736e-05,5.035388742954439e-05,0.0019948128814877538,0.002914960424071288,0.0013536488753136421,0.9979918076001583,0.9970352459161822,0.9985959972372568,70,0.0042724609375,True,True,True,-5.004580474594188,observe,0.6875108286693185,0.6875108286693185,43.14305502488341,43.14305502488341,0.7083541443434999,0.7083541443434999,3.641414139261516e-05,3.6974369075582815e-05,0.0009201475425835342,-0.0006411640061741116,-0.0009565616839760649,0.0006041896370985178,0.0,0.778240588913885,0.011188162718443806,-0.7670524261954403,0.0,0.778240588913885,0.0,0.9290016246843411,-0.8291053921548546,1.3504296528075361,1.3521564210628316,-0.421428028123195,-2.1812618132176986,0.04256631297032007,0.09458990392575192,1.1191873485964579,1.3433472033812988,0.04427776818507212,-2.5034841373211396,0.46570579630826714,-0.3222223241034543,-0.421428028123195,-2.1812618132176986,0.04256631297032007,0.09458990392575192,1.1191873485964579,1.3433472033812988,1.3141626050092903,1.3141626050092903,1.3253507677277359,3.4950643090780886e-07,1.3253507677277359,1.3253507677277359,1.3253507677277359,0.0,0.379305990859919,0.379305990859919,-0.38774643533552045,5.466328847347768e-07,-0.38774643533552045,-0.38774643533552045,-0.38774643533552045,0.0,a_to_b,1.3141626050092903,1.325350767727734,0.379305990859919,-0.38774643533552133,timepiece,1,0.9348566141493713,0.9348566141493713,1.7130972030632563,-1.9712645382696792e-07,1.7130972030632563,1.7130972030632563,1.7130972030632563,0.0,,,,,,,,,0.8416055692265718,0.5419716129528391,0.2937332292467093,True,True,0.0,0.0,0.0,True,1.9712645382696792e-07,0.0,True,0.0,True,0.0,0.0,True,True,4,observe,watch-lex-0,1.7763568394002505e-15,True,1.0,True,3,3,0.9348566141493713,1.7130972030632554,0.0,8.881784197001252e-16,True,True,True,1.0,ok,True,True,True,True,True,True,60.90605295302993,False,observe,1,0.7965149560139249,1.0,1.0,1.0,1.0,1.0,True,True,True,True,True,True,True,True,watch,0
1.3379518353961576e-05,6.575285596479219e-05,4.817767752582224e-05,0.0019948128814877538,0.0028432500889718827,0.0020158331405410075,0.9979918076001583,0.9970909970550633,0.9979359891819332,60,0.003662109375,True,True,True,-5.004580474594188,observe,0.6103487117048843,0.6103487117048843,40.603963434517254,40.603963434517254,0.6260238802603116,0.6260238802603116,5.237333761083061e-05,3.4798159171860664e-05,0.0008484372074841289,2.102025905325374e-05,-0.0009008105450949433,-5.581841822510647e-05,0.0,0.03290790125001131,-0.31100731492981204,-0.34391521617982335,0.0,0.03290790125001131,0.0,2.5864119714915557,1.072540517655689,1.6363589225924873,1.309526850277427,0.950053048899111,-0.23698633262170432,0.07583860370786957,0.09996448719521968,1.1592460927749881,0.598711607107911,1.4214102610245245,-0.12808465118934542,0.4713572121254561,0.10890168143239176,0.950053048899111,-0.23698633262170432,0.07583860370786957,0.09996448719521968,1.1592460927749881,0.598711607107911,1.592178050251011,1.592178050251011,1.281170735321199,1.8185308370277653e-07,1.281170735321199,1.281170735321199,1.281170735321199,0.0,0.3543975431722899,0.3543975431722899,0.01048232699246654,1.441943011215585e-06,0.01048232699246654,0.01048232699246654,0.01048232699246654,0.0,a_to_b,1.592178050251011,1.281170735321199,0.354397543172289,0.010482326992465651,timepiece,1,1.2377805070787211,1.2377805070787211,1.2706884083287324,-1.2600899275128086e-06,1.2706884083287324,1.2706884083287324,1.2706884083287324,0.0,,,,,,,,,0.8112786101805296,0.5864573400961608,0.343932211752672,True,True,0.0,0.0,0.0,True,1.2600899275128086e-06,0.0,True,0.0,True,0.0,0.0,True,True,8,observe,watch-lex-0,1.7763568394002505e-15,True,1.0,True,3,3,1.237780507078722,1.2706884083287333,-8.881784197001252e-16,-8.881784197001252e-16,True,True,True,1.0,ok,True,True,True,True,True,True,64.86008715455618,False,observe,1,0.765396205174637,1.0,1.0,1.0,1.0,1.0,True,True,True,True,True,True,True,True,watch,0
1.3379518353961576e-05,4.6207477328699536e-05,2.343975142725444e-05,0.0019948128814877538,0.002108742715747732,0.002292110321094214,0.9979918076001583,0.9978450498069236,0.9976844499274785,136,0.00830078125,True,True,True,-5.004580474594188,observe,0.6859361579182184,0.6859361579182184,55.94455124175019,55.94455124175019,0.7245595175420365,0.7245595175420365,3.282795897473796e-05,1.0060233073292866e-05,0.0001139298342599784,0.00029729743960646036,-0.0001467577932346975,-0.00030735767267975334,0.0,-0.7620893021535311,-0.678708271920172,0.08338103023336085,0.0,-0.7620893021535311,0.0,1.3237125763492887,0.40662927140867033,1.2795876137086122,0.5967530285726017,0.04412496264068366,-0.1901237571639065,0.08453760706462794,0.12692465962677077,0.9652882611555256,0.5315213651988161,0.2827403696728794,-0.07424212714929723,0.23861540703220374,0.11588163001463414,0.04412496264068366,-0.1901237571639065,0.08453760706462794,0.12692465962677077,0.9652882611555256,0.5315213651988161,1.2394165753430446,1.2394165753430446,0.5607083034228744,-1.558434075121795e-07,0.5607083034228744,0.5607083034228744,0.5607083034228744,0.0,0.055541648370986074,0.055541648370986074,0.13892267860434693,3.99650074811575e-07,0.13892267860434693,0.13892267860434693,0.13892267860434693,0.0,a_to_b,1.2394165753430464,0.5607083034228744,0.055541648370985186,0.13892267860434604,timepiece,1,1.1838749269720585,1.1838749269720585,0.42178562481852744,-5.554934823237545e-07,0.42178562481852744,0.42178562481852744,0.42178562481852744,0.0,,,,,,,,,0.8852079114874981,0.46592814305565694,0.21708903449129696,True,True,0.0,0.0,0.0,True,5.554934823237545e-07,0.0,True,0.0,True,0.0,0.0,True,True,12,observe,watch-lex-0,1.7763568394002505e-15,True,1.0,True,3,3,1.1838749269720612,0.4217856248185283,-2.6645352591003757e-15,-8.881784197001252e-16,True,True,True,1.0,ok,True,True,True,True,True,True,77.21180922656843,False,observe,1,0.8590912300107677,1.0,1.0,1.0,1.0,1.0,True,True,True,True,True,True,True,True,watch,0
0.00018969048168056683,7.70890480259618e-05,9.364493427006958e-05,0.00021977635609140834,0.0006031938355786385,0.0006091606385608263,0.999590533162228,0.9993197171163954,0.999297194427169,81,0.00494384765625,True,True,True,-0.14721676604129996,timepiece,0.6875108286693185,0.6875108286693185,43.14305502488341,43.14305502488341,0.7083541443434999,0.7083541443434999,-0.00011260143365460504,-9.604554741049725e-05,0.0003834174794872302,0.0003893842824694179,-0.000270816045832567,-0.00029333873505899,0.0,0.1847057036093247,0.1945491137467137,0.00984341013738721,0.0,0.1847057036093247,0.0,-3.472590854047114,-2.0540671444971004,-2.2240225587225098,-1.6439241606273356,-1.2485682953246169,-0.41014298386976833,0.21876737252527328,0.16972491477527837,1.7029421138382106,1.270538704859181,-0.2414411411509647,0.6094329352115739,1.0071271541736388,1.0195759190813387,-1.2485682953246169,-0.41014298386976833,0.21876737252527328,0.16972491477527837,1.7029421138382106,1.270538704859181,-0.9004324785098952,-0.9004324785098952,-0.7058833647631815,-2.1291862317696086e-07,-0.7058833647631815,-0.7058833647631815,-0.7058833647631815,0.0,1.0096281310294302,1.0096281310294302,1.0194715411668192,6.063313939819182e-08,1.0194715411668192,1.0194715411668192,1.0194715411668192,0.0,b_to_a,-0.9004324785098952,-0.7058833647631815,1.009628131029432,1.0194715411668192,observe,1,-1.9100606095393253,-1.9100606095393253,-1.7253549059300006,-2.735517625751527e-07,-1.7253549059300006,-1.7253549059300006,-1.7253549059300006,0.0,,,,,,,,,0.8720334664972533,0.4898179559009038,0.23992162992294558,True,True,0.0,0.0,0.0,True,2.735517625751527e-07,0.0,True,0.0,True,0.0,0.0,True,True,4,timepiece,watch-lex-0,0.0,True,1.0,True,3,3,-1.910060609539327,-1.7253549059300006,1.7763568394002505e-15,0.0,True,True,True,1.0,ok,True,True,True,True,True,True,60.90605295302993,False,timepiece,1,0.852954771202147,1.0,1.0,1.0,1.0,1.0,True,True,True,True,True,True,True,True,watch,0
0.00018969048168056683,5.079379870348004e-05,7.734095883823146e-05,0.00021977635609140834,0.000916886146445038,0.0002504713092191394,0.999590533162228,0.9990323200548515,0.9996721877319426,77,0.00469970703125,True,True,True,-0.14721676604129996,timepiece,0.6103487117048843,0.6103487117048843,40.603963434517254,40.603963434517254,0.6260238802603116,0.6260238802603116,-0.00013889668297708678,-0.00011234952284233538,0.0006971097903536296,3.069495312773104e-05,-0.0005582131073764707,8.165456971453988e-05,0.0,1.7180883353455147,0.42044940943695863,-1.2976389259085588,0.0,1.7180883353455147,0.0,-2.6099402471158175,-0.26876934700158905,-2.253735044539887,-1.3346890865034666,-0.3562052025759428,1.0659197395018793,0.1537096447321264,0.46438971131825313,0.9717702917246602,0.8841301076018409,1.0724970364842434,1.1958877578790776,1.4287022390601738,0.12996801837720007,-0.3562052025759428,1.0659197395018793,0.1537096447321264,0.46438971131825313,0.9717702917246602,0.8841301076018409,-1.317619425672552,-1.317619425672552,-0.8971700162355933,1.0227403350882014e-06,-0.8971700162355933,-0.8971700162355933,-0.8971700162355933,0.0,1.4283728397379587,1.4283728397379587,0.13073391382940258,-9.035720420769167e-07,0.13073391382940258,0.13073391382940258,0.13073391382940258,0.0,b_to_a,-1.317619425672552,-0.8971700162355933,1.4283728397379596,0.1307339138294008,observe,1,-2.7459922654105107,-2.7459922654105107,-1.027903930064996,1.926312377165118e-06,-1.027903930064996,-1.027903930064996,-1.027903930064996,0.0,,,,,,,,,0.8037629619323629,0.5967279488868635,0.35608424498273145,True,True,0.0,0.0,0.0,True,1.926312377165118e-06,0.0,True,0.0,True,0.0,0.0,True,True,8,timepiece,watch-lex-0,0.0,True,1.0,True,3,3,-2.7459922654105116,-1.0279039300649941,8.881784197001252e-16,-1.7763568394002505e-15,True,True,True,1.0,ok,True,True,True,True,True,True,64.86008715455618,False,timepiece,1,0.7577288011708293,1.0,1.0,1.0,1.0,1.0,True,True,True,True,True,True,True,True,watch,0
0.00018969048168056683,4.163079129908223e-05,5.3634681916757526e-05,0.00021977635609140834,0.0007678859602179206,0.0005482893882399118,0.999590533162228,0.999190483248483,0.9993980759298433,165,0.01007080078125,True,True,True,-0.14721676604129996,timepiece,0.6859361579182184,0.6859361579182184,55.94455124175019,55.94455124175019,0.7245595175420365,0.7245595175420365,-0.0001480596903814846,-0.00013605579976380932,0.0005481096041265122,0.0003285130321485034,-0.000400049913744982,-0.0001924572323847018,0.0,0.5901938451145678,0.25335584058432836,-0.3368380045302395,0.0,0.5901938451145678,0.0,-2.3445578241606064,-1.8039888432418891,-2.539966781342569,-1.858768821742263,0.19540895718196083,0.054779978500391735,0.40722838645026893,0.2649416718008712,0.8759997716214639,0.8487243543448105,1.4461038443224048,0.9691739623147697,1.2506948871404422,0.9143939838143957,0.19540895718196083,0.054779978500391735,0.40722838645026893,0.2649416718008712,0.8759997716214639,0.8487243543448105,-1.516553631108195,-1.516553631108195,-1.2631977905238667,-8.261092467876097e-07,-1.2631977905238667,-1.2631977905238667,-1.2631977905238667,0.0,1.2510307667418008,1.2510307667418008,0.9141927622115613,-3.1855116056078714e-07,0.9141927622115613,0.9141927622115613,0.9141927622115613,0.0,b_to_a,-1.516553631108195,-1.2631977905238667,1.2510307667418017,0.9141927622115622,observe,1,-2.767584397849996,-2.767584397849996,-2.177390552735428,-5.075580862268225e-07,-2.177390552735428,-2.177390552735428,-2.177390552735428,0.0,,,,,,,,,0.8877892198043373,0.4607532430169662,0.21229355095065508,True,True,0.0,0.0,0.0,True,5.075580862268225e-07,0.0,True,0.0,True,0.0,0.0,True,True,12,timepiece,watch-lex-0,0.0,True,1.0,True,3,3,-2.7675843978499968,-2.177390552735429,8.881784197001252e-16,8.881784197001252e-16,True,True,True,1.0,ok,True,True,True,True,True,True,77.21180922656843,False,timepiece,1,0.8662659823282546,1.0,1.0,1.0,1.0,1.0,True,True,True,True,True,True,True,True,watch,0
1.5714089118610074e-05,1.964844101999041e-05,1.3808643426102487e-05,0.0031537106666601395,0.0018681436289332337,0.0018728311735381128,0.9968305752442213,0.9981122079300467,0.9981133601830358,52,0.003173828125,True,True,True,-5.301777321925527,observe,0.5696907752423166,0.5696907752423166,35.005892931125395,35.005892931125395,0.6040069311113772,0.6040069311113772,3.934351901380336e-06,-1.9054456925075868e-06,-0.0012855670377269058,-0.0012808794931220267,0.0012816326858254845,0.0012827849388145074,0.0,-0.35520932291315077,-0.3527032664408889,0.002506056472261875,0.0,-0.35520932291315077,0.0,0.9001598040650673,0.21783686641824396,0.22914516216661518,-0.12602657525638605,0.6710146418984735,0.34386344167464244,0.08968191136158288,0.09567582115533929,0.7198551255078359,0.42827703283713886,0.046679658188383044,-0.15666143325313264,-0.62433498371007,-0.5005248749277635,0.6710146418984735,0.34386344167464244,0.08968191136158288,0.09567582115533929,0.7198551255078359,0.42827703283713886,0.2234402917378855,0.2234402917378855,-0.1292629747030034,-7.206413670246548e-07,-0.1292629747030034,-0.1292629747030034,-0.1292629747030034,0.0,-0.5236345229669439,-0.5236345229669439,-0.521128466494682,-1.1137849611486672e-06,-0.521128466494682,-0.521128466494682,-0.521128466494682,0.0,a_to_b,0.2234402917378837,-0.12926297470300518,-0.523634522966943,-0.5211284664946811,timepiece,1,0.7470748147048294,0.7470748147048294,0.3918654917916786,3.9314359412401245e-07,0.3918654917916786,0.3918654917916786,0.3918654917916786,0.0,,,,,,,,,0.8586650819124461,0.5125784498829693,0.2627366672844339,True,True,0.0,0.0,0.0,True,3.9314359412401245e-07,0.0,True,0.0,True,0.0,0.0,True,True,4,observe,watch-lex-1,-1.7763568394002505e-15,True,1.0,True,3,3,0.7470748147048267,0.39186549179167596,2.6645352591003757e-15,2.6645352591003757e-15,True,True,True,1.0,ok,True,True,True,True,True,True,57.9561113093757,False,observe,1,0.8521543077540625,1.0,1.0,1.0,1.0,1.0,True,True,True,True,True,True,True,True,watch,0
1.5714089118610074e-05,2.3330424513520814e-05,3.50754687614752e-05,0.0031537106666601395,0.0017382534076849194,0.002577983241007804,0.9968305752442213,0.9982384161678015,0.9973869412902308,64,0.00390625,True,True,True,-5.301777321925527,observe,0.6088363596980476,0.6088363596980476,40.626180706947764,40.626180706947764,0.666056126010498,0.666056126010498,7.6163353949107405e-06,1.9361379642865125e-05,-0.0014154572589752201,-0.0005757274256523357,0.0014078409235802614,0.0005563660460095043,0.0,0.013617125225335869,0.4077437085420783,0.39412658331674155,0.0,0.013617125225335869,0.0,1.109528973646734,0.0058729400594366155,0.40206000248768703,0.8079899261598733,0.707468971159031,-0.8021169861004225,0.11550235982180528,0.06656018830498099,0.7530735650229052,0.4682788226667329,-0.15763309818022186,-0.9493957434759075,-0.8651020693392697,-0.1472787573754717,0.707468971159031,-0.8021169861004225,0.11550235982180528,0.06656018830498099,0.7530735650229052,0.4682788226667329,0.3952005758788939,0.3952005758788939,0.8029442844209722,-4.767871502053822e-07,0.8029442844209722,0.8029442844209722,0.8029442844209722,0.0,-0.5956989285619745,-0.5956989285619745,-0.20157234524523204,-1.6117666135073705e-07,-0.20157234524523204,-0.20157234524523204,-0.20157234524523204,0.0,a_to_b,0.3952005758788921,0.8029442844209704,-0.5956989285619727,-0.20157234524523115,timepiece,1,0.9908995044408684,0.9908995044408684,1.0045166296662043,-3.1561048885464515e-07,1.0045166296662043,1.0045166296662043,1.0045166296662043,0.0,,,,,,,,,0.8242407279605733,0.5662429710293202,0.3206311022401187,True,True,0.0,0.0,0.0,True,3.1561048885464515e-07,0.0,True,0.0,True,0.0,0.0,True,True,8,observe,watch-lex-1,-1.7763568394002505e-15,True,1.0,True,3,3,0.9908995044408648,1.0045166296662016,3.552713678800501e-15,2.6645352591003757e-15,True,True,True,1.0,ok,True,True,True,True,True,True,60.99513107144283,False,observe,1,0.8222709896290379,1.0,1.0,1.0,1.0,1.0,True,True,True,True,True,True,True,True,watch,0
1.5714089118610074e-05,4.56261521712423e-05,3.999626920561472e-05,0.0031537106666601395,0.0013031551900716013,0.0013775608572955556,0.9968305752442213,0.9986512186577571,0.9985824428734988,158,0.0096435546875,True,True,True,-5.301777321925527,observe,0.6868351335728918,0.6868351335728918,62.308352754129324,62.308352754129324,0.8198440340170359,0.8198440340170359,2.991206305263223e-05,2.4282180087004644e-05,-0.0018505554765885382,-0.001776149809364584,0.0018206434135358274,0.0017518676292775925,0.0,-0.18722093216397262,-0.13169488474772706,0.05552604741624556,0.0,-0.18722093216397262,0.0,0.9482033152450828,0.3823355185910824,1.0753098926206803,0.9446859395963436,-0.1271065773755815,-0.5623504210052523,0.16027449462002114,0.15631176826313906,0.6624884850021002,0.6525370591174005,-1.0594843936795666,-1.2542781318037957,-0.9323778163039691,-0.6919277107985353,-0.1271065773755815,-0.5623504210052523,0.16027449462002114,0.15631176826313906,0.6624884850021002,0.6525370591174005,1.0659233586271881,1.0659233586271881,0.9342284738794611,3.507839050342909e-07,0.9342284738794611,0.9342284738794611,0.9342284738794611,0.0,-0.8837913557906241,-0.8837913557906241,-0.8282653083743785,3.5297978051573864e-07,-0.8282653083743785,-0.8282653083743785,-0.8282653083743785,0.0,a_to_b,1.0659233586271863,0.9342284738794593,-0.8837913557906232,-0.8282653083743776,timepiece,1,1.9497147144178122,1.9497147144178122,1.7624937822538396,-2.195875481447729e-09,1.7624937822538396,1.7624937822538396,1.7624937822538396,0.0,,,,,,,,,0.8969908588069768,0.4422335620864855,0.19557052343570436,True,True,0.0,0.0,0.0,True,2.195875481447729e-09,0.0,True,0.0,True,0.0,0.0,True,True,12,observe,watch-lex-1,-1.7763568394002505e-15,True,1.0,True,3,3,1.9497147144178095,1.762493782253837,2.6645352591003757e-15,2.6645352591003757e-15,True,True,True,1.0,ok,True,True,True,True,True,True,76.00025147323886,False,observe,1,0.8842188496079002,1.0,1.0,1.0,1.0,1.0,True,True,True,True,True,True,True,True,watch,0
1.4721385210005638e-05,6.2010891746091545e-06,8.654867802816805e-06,0.0001031964115477646,7.257662938543089e-05,7.884594001426046e-05,0.9998820822032423,0.99992122228144,0.999912499192183,65,0.00396728515625,True,True,True,-1.9473328678050894,timepiece,0.5696907752423166,0.5696907752423166,35.005892931125395,35.005892931125395,0.6040069311113772,0.6040069311113772,-8.520296035396483e-06,-6.066517407188833e-06,-3.061978216233371e-05,-2.4350471533504133e-05,3.914007819771914e-05,3.0416988940684675e-05,0.0,0.25054410310497843,0.3333969644827679,0.08285286137779124,0.0,0.25054410310497843,0.0,-0.48236738769356613,-1.3787374055323847,-0.7092413295971678,-0.541209772676785,0.22687394190356258,-0.8375276328556467,0.30674550587176425,0.13252746917470035,0.6219128417965887,0.7285327254348634,-0.18013810718646184,-1.1539009190378646,-0.4070120490900635,-0.3163732861822659,0.22687394190356258,-0.8375276328556467,0.30674550587176425,0.13252746917470035,0.6219128417965887,0.7285327254348634,-0.8645762628674802,-0.8645762628674802,-0.5311792983847123,1.5535025355006837e-07,-0.5311792983847123,-0.5311792983847123,-0.5311792983847123,0.0,-0.3519911199036745,-0.3519911199036745,-0.269138258525885,-3.772922188005623e-07,-0.269138258525885,-0.269138258525885,-0.269138258525885,0.0,b_to_a,-0.864576262867482,-0.5311792983847141,-0.35199111990367626,-0.269138258525885,observe,1,-0.5125851429638058,-0.5125851429638058,-0.2620410398588273,5.326424723506307e-07,-0.2620410398588273,-0.2620410398588273,-0.2620410398588273,0.0,,,,,,,,,0.8378742498133,0.5458655810314699,0.2979692325548315,True,True,0.0,0.0,0.0,True,5.326424723506307e-07,0.0,True,0.0,True,0.0,0.0,True,True,4,timepiece,watch-lex-1,0.0,True,1.0,True,3,3,-0.5125851429638058,-0.2620410398588291,0.0,1.7763568394002505e-15,True,True,True,1.0,ok,True,True,True,True,True,True,57.9561113093757,False,timepiece,1,0.8362959421650479,1.0,1.0,1.0,1.0,1.0,True,True,True,True,True,True,True,True,watch,0
1.4721385210005638e-05,3.3765194153380564e-06,5.7997635271965306e-06,0.0001031964115477646,4.324710697364292e-05,4.610282944126861e-05,0.9998820822032423,0.999953376373611,0.9999480974070315,62,0.0037841796875,True,True,True,-1.9473328678050894,timepiece,0.6088363596980476,0.6088363596980476,40.626180706947764,40.626180706947764,0.666056126010498,0.666056126010498,-1.1344865794667581e-05,-8.921621682809107e-06,-5.994930457412168e-05,-5.7093582106495984e-05,7.129417036877417e-05,6.601520378923809e-05,0.0,0.4770277414670936,0.5409717253948276,0.06394398392773404,0.0,0.4770277414670936,0.0,-1.0533726828214034,-1.0779783800615172,-1.1383740928417279,-0.7353762308223448,0.08500141002028982,-0.342602149239184,0.5756243519661942,0.2696864058237887,0.7733635390475244,0.710663184937059,-0.8441269186239957,-1.1795376742229404,-0.9291283286443193,-0.8369355249837689,0.08500141002028982,-0.342602149239184,0.5756243519661942,0.2696864058237887,0.7733635390475244,0.710663184937059,-1.4724557926604636,-1.4724557926604636,-0.9314840672656359,-1.0680264317386445e-07,-0.9314840672656359,-0.9314840672656359,-0.9314840672656359,0.0,-0.8697037402611443,-0.8697037402611443,-0.8057597563334102,-7.628585425578649e-07,-0.8057597563334102,-0.8057597563334102,-0.8057597563334102,0.0,b_to_a,-1.4724557926604653,-0.9314840672656377,-0.869703740261146,-0.805759756333412,observe,1,-0.6027520523993193,-0.6027520523993193,-0.1257243109322257,6.560558993840004e-07,-0.1257243109322257,-0.1257243109322257,-0.1257243109322257,0.0,,,,,,,,,0.7824237185793016,0.6227695062087782,0.3878418578635351,True,True,0.0,0.0,0.0,True,6.560558993840004e-07,0.0,True,0.0,True,0.0,0.0,True,True,8,timepiece,watch-lex-1,0.0,True,1.0,True,3,3,-0.6027520523993193,-0.1257243109322257,0.0,0.0,True,True,True,1.0,ok,True,True,True,True,True,True,60.99513107144283,False,timepiece,1,0.7770633772656916,1.0,1.0,1.0,1.0,1.0,True,True,True,True,True,True,True,True,watch,0
1.4721385210005638e-05,1.8895885648149254e-06,3.2182802990448546e-06,0.0001031964115477646,3.331960185554276e-05,3.575847611989056e-05,0.9998820822032423,0.9999647908095796,0.999961023243581,191,0.01165771484375,True,True,True,-1.9473328678050894,timepiece,0.6868351335728918,0.6868351335728918,62.308352754129324,62.308352754129324,0.8198440340170359,0.8198440340170359,-1.2831796645190712e-05,-1.1503104910960783e-05,-6.987680969222183e-05,-6.743793542787403e-05,8.27086063373006e-05,7.89410403387869e-05,0.0,0.46184656628545717,0.5324880334718589,0.07064146718639819,0.0,0.46184656628545717,0.0,-1.8327788692031772,-1.350359832644834,-1.9015309014970558,-1.3282219027507178,0.06875203229384752,-0.02213792989411445,0.6923215386326681,0.5378465579989934,0.8450865743156349,0.7584384001324265,-1.2076929131962508,-1.1919720570998713,-1.2764449454901285,-1.169834127205755,0.06875203229384752,-0.02213792989411445,0.6923215386326681,0.5378465579989934,0.8450865743156349,0.7584384001324265,-2.0529420980144266,-2.0529420980144266,-1.5204540645425695,5.20106645751639e-07,-1.5204540645425695,-1.5204540645425695,-1.5204540645425695,0.0,-1.1304882125050337,-1.1304882125050337,-1.0598467453186338,5.541294161304222e-07,-1.0598467453186338,-1.0598467453186338,-1.0598467453186338,0.0,b_to_a,-2.0529420980144284,-1.5204540645425695,-1.1304882125050337,-1.0598467453186355,observe,1,-0.9224538855093929,-0.9224538855093929,-0.4606073192239357,-3.402277037878321e-08,-0.4606073192239357,-0.4606073192239357,-0.4606073192239357,0.0,,,,,,,,,0.890878388956245,0.45425482760944463,0.20634744840648936,True,True,0.0,0.0,0.0,True,3.402277037878321e-08,0.0,True,0.0,True,0.0,0.0,True,True,12,timepiece,watch-lex-1,0.0,True,1.0,True,3,3,-0.9224538855093947,-0.46060731922393394,1.7763568394002505e-15,-1.7763568394002505e-15,True,True,True,1.0,ok,True,True,True,True,True,True,76.00025147323886,False,timepiece,1,0.8943065540286406,1.0,1.0,1.0,1.0,1.0,True,True,True,True,True,True,True,True,watch,0
6.9575495820982105e-06,6.951061247235447e-06,9.302782739843519e-06,0.007405802091350104,0.004655383258724789,0.00372610220358961,0.9925872403590678,0.9953376656800279,0.9962645950136706,51,0.00311279296875,True,True,True,-6.970191697554461,observe,0.6113418883097562,0.6113418883097562,36.402029171820786,36.402029171820786,0.623458545210156,0.623458545210156,-6.488334862763294e-09,2.3452331577453084e-06,-0.002750418832625315,-0.0036796998877604943,0.002750425320960148,0.003677354654602838,0.0,0.5140807677729393,0.2914192293764639,-0.2226615383964763,0.0,0.5140807677729393,0.0,-0.0895767094041311,0.0917144611022529,0.006950743801693804,0.27559871397244606,-0.09652745320582312,-0.18388425287018606,0.10880875708251339,0.07497492230446766,0.7657780554289724,0.519395466987193,-0.1595469165678729,-0.4150064986554334,-0.06301946336204889,-0.2311222457852411,-0.09652745320582312,-0.18388425287018606,0.10880875708251339,0.07497492230446766,0.7657780554289724,0.519395466987193,-0.0009329954533967566,-0.0009329954533967566,0.2904862339230654,2.2726904269632087e-07,0.2904862339230654,0.2904862339230654,0.2904862339230654,0.0,-0.46423951934807395,-0.46423951934807395,-0.6869010577445511,-3.5811314003098005e-07,-0.6869010577445511,-0.6869010577445511,-0.6869010577445511,0.0,a_to_b,-0.000932995453398533,0.2904862339230654,-0.46423951934807395,-0.6869010577445502,timepiece,1,0.4633065238946772,0.4633065238946772,0.9773872916676165,5.853821827273009e-07,0.9773872916676165,0.9773872916676165,0.9773872916676165,0.0,,,,,,,,,0.8613402383785251,0.5081499207773754,0.2582163419860595,True,True,0.0,0.0,0.0,True,5.853821827273009e-07,0.0,True,0.0,True,0.0,0.0,True,True,4,observe,watch-lex-2,8.881784197001252e-16,True,1.0,True,3,3,0.4633065238946754,0.9773872916676156,1.7763568394002505e-15,8.881784197001252e-16,True,True,True,1.0,ok,True,True,True,True,True,True,58.38724876174463,False,observe,1,0.8502340132757559,1.0,1.0,1.0,1.0,1.0,True,True,True,True,True,True,True,True,watch,0
6.9575495820982105e-06,1.90348227848912e-05,1.2528851159203294e-05,0.007405802091350104,0.0027390281652150926,0.004805889181120017,0.9925872403590678,0.997241937012,0.9951815819677208,57,0.00347900390625,True,True,True,-6.970191697554461,observe,0.6186137863870241,0.6186137863870241,41.17515028411812,41.17515028411812,0.638144614567879,0.638144614567879,1.2077273202792991e-05,5.571301577105083e-06,-0.0046667739261350115,-0.002599912910230087,0.0046546966529322775,0.002594341608653017,0.0,-0.9804749076882722,-0.418236002340036,0.5622389053482362,0.0,-0.9804749076882722,0.0,1.526076905373948,0.903204051691544,1.0331246088492883,0.6113990918469785,0.49295229652465977,0.2918049598445691,0.35264796389758074,0.1792685831439991,0.9726961422537157,0.6303811053957535,-0.43828406250571916,-0.057700222825392444,-0.9312363590303798,-0.3495051826699589,0.49295229652465977,0.2918049598445691,0.35264796389758074,0.1792685831439991,0.9726961422537157,0.6303811053957535,1.0064427390130817,1.0064427390130817,0.5882067366730457,-9.743097706405024e-07,0.5882067366730457,0.5882067366730457,0.5882067366730457,0.0,-0.9946605861327216,-0.9946605861327216,-0.4324216807844854,-3.1892178675718696e-07,-0.4324216807844854,-0.4324216807844854,-0.4324216807844854,0.0,a_to_b,1.0064427390130817,0.5882067366730457,-0.9946605861327225,-0.4324216807844863,timepiece,1,2.0011033251458032,2.0011033251458032,1.020628417457531,-6.553879838833154e-07,1.020628417457531,1.020628417457531,1.020628417457531,0.0,,,,,,,,,0.8250935500887768,0.5652105755224696,0.31946299468244876,True,True,0.0,0.0,0.0,True,6.553879838833154e-07,0.0,True,0.0,True,0.0,0.0,True,True,8,observe,watch-lex-2,8.881784197001252e-16,True,1.0,True,3,3,2.001103325145804,1.020628417457532,-8.881784197001252e-16,-8.881784197001252e-16,True,True,True,1.0,ok,True,True,True,True,True,True,64.52322772009909,False,observe,1,0.8095255996600981,1.0,1.0,1.0,1.0,1.0,True,True,True,True,True,True,True,True,watch,0
6.9575495820982105e-06,3.159371810772915e-05,1.5210050954702024e-05,0.007405802091350104,0.0014487264787949683,0.002458548990095648,0.9925872403590678,0.9985196798030973,0.9975262409589496,160,0.009765625,True,True,True,-6.970191697554461,observe,0.7248615943509839,0.7248615943509837,66.91378888582047,66.91378888582047,0.8060933873846224,0.8060933873846224,2.4636168525630943e-05,8.252501372603814e-06,-0.005957075612555136,-0.004947253101254457,0.005932439444029547,0.004939000599881838,0.0,-1.2598883048985554,-0.7310018504268854,0.52888645447167,0.0,-1.2598883048985554,0.0,1.1400906603738576,1.1060080788591193,1.5505302340141451,0.8081964486192437,-0.4104395736402928,0.2978116302398739,0.4735259773432958,0.26185449511136927,1.159104262812291,0.8731413514957451,-1.8014103563342143,-0.6433778019464444,-1.3909707826939277,-0.9411894321863201,-0.4104395736402928,0.2978116302398739,0.4735259773432958,0.26185449511136927,1.159104262812291,0.8731413514957451,1.5131309659545238,1.5131309659545238,0.7821291155276384,-1.214628930767958e-07,0.7821291155276384,0.7821291155276384,0.7821291155276384,0.0,-1.6315788793661241,-1.6315788793661241,-1.102692424894454,-1.2141433991530448e-07,-1.102692424894454,-1.102692424894454,-1.102692424894454,0.0,a_to_b,1.5131309659545238,0.7821291155276384,-1.6315788793661241,-1.102692424894454,timepiece,1,3.144709845320648,3.144709845320648,1.8848215404220925,-4.8553161491327046e-11,1.8848215404220925,1.8848215404220925,1.8848215404220925,0.0,,,,,,,,,0.9012207687387003,0.4335455151952006,0.1879617137458748,True,True,0.0,0.0,0.0,True,4.8553161491327046e-11,0.0,True,0.0,True,0.0,0.0,True,True,12,observe,watch-lex-2,8.881784197001252e-16,True,1.0,True,3,3,3.144709845320648,1.8848215404220925,0.0,0.0,True,True,True,1.0,ok,True,True,True,True,True,True,83.00997121800351,False,observe,1,0.8885484464634399,1.0,1.0,1.0,1.0,1.0,True,True,True,True,True,True,True,True,watch,0
7.3543038750076985e-06,1.2446279498802237e-06,3.935401916924668e-06,5.1034612754327645e-05,2.777565924121512e-05,3.953489824685763e-05,0.9999416110833707,0.9999709797128089,0.9999565296998363,68,0.004150390625,True,True,True,-1.9372183809054153,timepiece,0.6113418883097562,0.6113418883097564,36.402029171820786,36.40202917182078,0.623458545210156,0.6234585452101559,-6.109675925127475e-06,-3.4189019580830305e-06,-2.3258953513112526e-05,-1.1499714507470015e-05,2.9368629438253357e-05,1.4918616465631196e-05,0.0,0.798152654354471,1.1511763658243943,0.3530237114699215,0.0,0.798152654354471,0.0,-1.2302287275712498,-1.4473858473698629,-1.752621992756751,-1.4869704706007845,0.522393265185503,0.039584623230890514,0.7059366482020313,0.49460185928303096,0.9551433044429991,0.9538134195341575,-0.11355513413124285,-0.24054497947923537,-0.6359483993167423,-0.2801296027101543,0.522393265185503,0.039584623230890514,0.7059366482020313,0.49460185928303096,0.9551433044429991,0.9538134195341575,-1.7764490532573127,-1.7764490532573127,-0.6252726874329184,9.279117296756567e-07,-0.6252726874329184,-0.6252726874329184,-0.6252726874329184,0.0,-0.6083440136803482,-0.6083440136803482,-0.2553203022104249,8.172911076798073e-07,-0.2553203022104249,-0.2553203022104249,-0.2553203022104249,0.0,b_to_a,-1.7764490532573127,-0.6252726874329184,-0.6083440136803482,-0.2553203022104267,observe,1,-1.1681050395769645,-1.1681050395769645,-0.3699523852224935,1.1062062199584943e-07,-0.3699523852224935,-0.3699523852224935,-0.3699523852224935,0.0,,,,,,,,,0.8357715476647035,0.5491456957276011,0.30156099513615864,True,True,0.0,0.0,0.0,True,1.1062062199584943e-07,0.0,True,0.0,True,0.0,0.0,True,True,4,timepiece,watch-lex-2,0.0,True,1.0,True,3,3,-1.1681050395769645,-0.36995238522249174,0.0,-1.7763568394002505e-15,True,True,True,1.0,ok,True,True,True,True,True,True,58.38724876174463,False,timepiece,1,0.8271069633115585,1.0,1.0,1.0,1.0,1.0,True,True,True,True,True,True,True,True,watch,0
7.3543038750076985e-06,4.805228252687926e-07,1.4184475027211545e-06,5.1034612754327645e-05,1.4762456771481092e-05,2.102503142921201e-05,0.9999416110833707,0.9999847570204032,0.9999775565210681,76,0.004638671875,True,True,True,-1.9372183809054153,timepiece,0.6186137863870241,0.6186137863870241,41.17515028411812,41.17515028411812,0.638144614567879,0.638144614567879,-6.873781049738906e-06,-5.9358563722865435e-06,-3.6272155982846554e-05,-3.0009581325115636e-05,4.314593703258485e-05,3.594543769747105e-05,0.0,0.7288170666586602,1.082443514112386,0.35362644745372407,0.0,0.7288170666586602,0.0,-0.32351108720583976,-0.9117429434653248,-1.7557343493655964,-1.4003121803047414,1.4322232621597912,0.4885692368394423,1.4727672219953456,0.6068583333526201,1.0577693631043832,0.7563188903301316,0.12271499718479362,-0.5369382072306639,-1.3095082649749656,-1.0255074440700795,1.4322232621597912,0.4885692368394423,1.4727672219953456,0.6068583333526201,1.0577693631043832,0.7563188903301316,-2.7281662516153755,-2.7281662516153755,-1.6457227375029895,-3.136759687549784e-07,-1.6457227375029895,-1.6457227375029895,-1.6457227375029895,0.0,-1.2404168307278916,-1.2404168307278916,-0.8867903832741657,1.4844608600128595e-06,-0.8867903832741657,-0.8867903832741657,-0.8867903832741657,0.0,b_to_a,-2.7281662516153755,-1.6457227375029895,-1.2404168307278898,-0.8867903832741657,observe,1,-1.487749420887484,-1.487749420887484,-0.7589323542288238,-1.7981368287678379e-06,-0.7589323542288238,-0.7589323542288238,-0.7589323542288238,0.0,,,,,,,,,0.7853847634403164,0.6192172203185891,0.3834299659390891,True,True,0.0,0.0,0.0,True,1.7981368287678379e-06,0.0,True,0.0,True,0.0,0.0,True,True,8,timepiece,watch-lex-2,0.0,True,1.0,True,3,3,-1.4877494208874857,-0.7589323542288238,1.7763568394002505e-15,0.0,True,True,True,1.0,ok,True,True,True,True,True,True,64.52322772009909,False,timepiece,1,0.8014842225396305,1.0,1.0,1.0,1.0,1.0,True,True,True,True,True,True,True,True,watch,0
7.3543038750076985e-06,4.771085110163822e-07,5.832508327719222e-07,5.1034612754327645e-05,9.975293202710697e-06,8.726558440673354e-06,0.9999416110833707,0.9999895475982863,0.9999906901907266,159,0.00970458984375,True,True,True,-1.9372183809054153,timepiece,0.7248615943509839,0.7248615943509839,66.91378888582047,66.91378888582047,0.8060933873846224,0.8060933873846224,-6.877195363991317e-06,-6.771053042235777e-06,-4.1059319551616946e-05,-4.230805431365429e-05,4.793651491563633e-05,4.907910735596488e-05,0.0,0.3346136734077181,0.2008733872887607,-0.1337402861189556,0.0,0.3346136734077181,0.0,-1.4141612972236155,-1.3981019989984782,-2.62755098862948,-2.393111912944505,1.2133896914058866,0.9950099139460136,2.1487478426640907,1.8343193989987197,1.1408478427642559,1.0222646902180437,-0.6114880528374229,-0.948937468315691,-1.8248777442432864,-1.943947382261717,1.2133896914058866,0.9950099139460136,2.1487478426640907,1.8343193989987197,1.1408478427642559,1.0222646902180437,-2.7352970306335997,-2.7352970306335997,-2.534423643344839,2.7373449107415126e-07,-2.534423643344839,-2.534423643344839,-2.534423643344839,0.0,-1.6323927278822215,-1.6323927278822215,-1.7661330140011788,1.2430072651170576e-06,-1.7661330140011788,-1.7661330140011788,-1.7661330140011788,0.0,b_to_a,-2.7352970306335997,-2.534423643344839,-1.6323927278822232,-1.7661330140011788,observe,1,-1.1029043027513783,-1.1029043027513783,-0.7682906293436602,-9.692727740429063e-07,-0.7682906293436602,-0.7682906293436602,-0.7682906293436602,0.0,,,,,,,,,0.8816256899642191,0.4721887163791218,0.22296218387576602,True,True,0.0,0.0,0.0,True,9.692727740429063e-07,0.0,True,0.0,True,0.0,0.0,True,True,12,timepiece,watch-lex-2,0.0,True,1.0,True,3,3,-1.1029043027513765,-0.7682906293436602,-1.7763568394002505e-15,0.0,True,True,True,1.0,ok,True,True,True,True,True,True,83.00997121800351,False,timepiece,1,0.8665910273257598,1.0,1.0,1.0,1.0,1.0,True,True,True,True,True,True,True,True,watch,0
5.496153779183775e-05,5.3614277465900054e-05,0.00013437260330480735,0.0024018435910067148,0.001331860391702374,0.0015335904933203928,0.9975431948712015,0.9986145253308317,0.9983320369033748,78,0.0047607421875,True,True,True,-3.77735825664588,observe,0.6441035608234417,0.6441035608234417,38.621636469723,38.621636469723,0.6607529766202298,0.6607529766202298,-1.3472603259376991e-06,7.94110655129696e-05,-0.0010699831993043409,-0.000868253097686322,0.0010713304596302597,0.0007888420321733314,0.0,0.7777662014039652,0.9188011596128032,0.14103495820883616,0.0,0.7777662014039652,0.0,0.2880242562277857,0.5472873337325161,-0.017323252038718095,0.8939383839395365,0.3053475082665038,-0.34665105020703635,0.07757928952126983,0.024825870103878385,1.205433605722927,0.699239107905797,-0.11406162559959654,-0.8922427168150051,-0.41940913386609946,-0.545591666607983,0.3053475082665038,-0.34665105020703635,0.07757928952126983,0.024825870103878385,1.205433605722927,0.699239107905797,-0.024818224484626228,-0.024818224484626228,0.8939829351281752,3.6839226957852134e-07,0.8939829351281752,0.8939829351281752,0.8939829351281752,0.0,-0.589659849796349,-0.589659849796349,-0.44862489158751284,-2.277977415587884e-07,-0.44862489158751284,-0.44862489158751284,-0.44862489158751284,0.0,a_to_b,-0.024818224484626228,0.893982935128177,-0.5896598497963499,-0.44862489158751373,timepiece,1,0.5648416253117228,0.5648416253117228,1.342607826715688,5.961900111373097e-07,1.342607826715688,1.342607826715688,1.342607826715688,0.0,,,,,,,,,0.8301480427977642,0.5585974484324707,0.31203110939527445,True,True,0.0,0.0,0.0,True,5.961900111373097e-07,0.0,True,0.0,True,0.0,0.0,True,True,4,observe,watch-lex-3,1.7763568394002505e-15,True,1.0,True,3,3,0.5648416253117237,1.3426078267156907,-8.881784197001252e-16,-2.6645352591003757e-15,True,True,True,1.0,ok,True,True,True,True,True,True,58.45094586977688,False,observe,1,0.7958423237958989,1.0,1.0,1.0,1.0,1.0,True,True,True,True,True,True,True,True,watch,0
5.496153779183775e-05,7.393663966859513e-05,0.00018307724970799936,0.0024018435910067148,0.001204967523046558,0.0013075395365054563,0.9975431948712015,0.9987210958372849,0.9985093832137866,63,0.00384521484375,True,True,True,-3.77735825664588,observe,0.5611248656710802,0.5611248656710803,34.919271556824725,34.919271556824725,0.595517888752126,0.595517888752126,1.8975101876757376e-05,0.00012811571191616162,-0.0011968760679601567,-0.0010943040545012585,0.0011779009660833895,0.0009661883425851059,0.0,0.8250051475844797,0.9066996875785165,0.08169453999403675,0.0,0.8250051475844797,0.0,2.591097300678088,2.85425567880716,0.3082964964023258,1.2139531125003504,2.2828008042757695,1.6403025663068007,0.18335713052357444,0.05521780578312884,1.7854771350083658,0.7875709033447057,1.5709823768991669,0.6926713893891048,-0.7118184273765946,-0.9476311769177039,2.2828008042757695,1.6403025663068007,0.18335713052357444,0.05521780578312884,1.7854771350083658,0.7875709033447057,0.2965748780197117,0.2965748780197117,1.2032745655982282,-5.991724627563144e-07,1.2032745655982282,1.2032745655982282,1.2032745655982282,0.0,-0.6897839906364043,-0.6897839906364043,-0.6080894506423675,-5.599011272394705e-07,-0.6080894506423675,-0.6080894506423675,-0.6080894506423675,0.0,a_to_b,0.2965748780197117,1.2032745655982282,-0.6897839906364052,-0.6080894506423684,timepiece,1,0.986358868656116,0.986358868656116,1.8113640162405957,-3.927133551684392e-08,1.8113640162405957,1.8113640162405957,1.8113640162405957,0.0,,,,,,,,,0.8063083258855113,0.5934083528069165,0.352133473181026,True,True,0.0,0.0,0.0,True,3.927133551684392e-08,0.0,True,0.0,True,0.0,0.0,True,True,8,observe,watch-lex-3,1.7763568394002505e-15,True,1.0,True,3,3,0.9863588686561169,1.8113640162405966,-8.881784197001252e-16,-8.881784197001252e-16,True,True,True,1.0,ok,True,True,True,True,True,True,58.63681379915569,False,observe,1,0.7586996126774898,1.0,1.0,1.0,1.0,1.0,True,True,True,True,True,True,True,True,watch,0
5.496153779183775e-05,6.459004782981265e-05,0.00011154519110976512,0.0024018435910067148,0.0012714604211773103,0.002044588560092516,0.9975431948712015,0.9986639495309929,0.9978438662487977,142,0.0086669921875,True,True,True,-3.77735825664588,observe,0.6646300274310775,0.6646300274310775,58.007513570291906,58.007513570291906,0.7709740405490134,0.7709740405490134,9.628510037974898e-06,5.658365331792736e-05,-0.0011303831698294044,-0.0003572550309141986,0.0011207546597914453,0.00030067137759626217,0.0,0.07133907125156913,0.5463694696622898,0.4750303984107207,0.0,0.07133907125156913,0.0,1.6558179117807352,1.3834526966097531,0.1688808233595438,0.7123079961187564,1.4869370884211897,0.671144700490963,0.12236024332257944,0.028841875446431436,1.0043106052687871,0.5675388073516698,0.7912825261613481,0.3958756042613665,-0.6956545622598433,-0.27526909622962936,1.4869370884211897,0.671144700490963,0.12236024332257944,0.028841875446431436,1.0043106052687871,0.5675388073516698,0.16142671283482635,0.16142671283482635,0.7077961824971162,-9.533478504408777e-07,0.7077961824971162,0.7077961824971162,0.7077961824971162,0.0,-0.6360704276540305,-0.6360704276540305,-0.16104002924330985,-9.347427996075908e-07,-0.16104002924330985,-0.16104002924330985,-0.16104002924330985,0.0,a_to_b,0.16142671283482635,0.7077961824971162,-0.6360704276540314,-0.16104002924331073,timepiece,1,0.7974971404888569,0.7974971404888569,0.868836211740426,-1.8605050833286896e-08,0.868836211740426,0.868836211740426,0.868836211740426,0.0,,,,,,,,,0.8732854003572763,0.48802025794101905,0.23816377216082252,True,True,0.0,0.0,0.0,True,1.8605050833286896e-08,0.0,True,0.0,True,0.0,0.0,True,True,12,observe,watch-lex-3,1.7763568394002505e-15,True,1.0,True,3,3,0.7974971404888578,0.8688362117404269,-8.881784197001252e-16,-8.881784197001252e-16,True,True,True,1.0,ok,True,True,True,True,True,True,75.23925647222123,False,observe,1,0.8451577869144004,1.0,1.0,1.0,1.0,1.0,True,True,True,True,True,True,True,True,watch,0
3.456940583383003e-06,2.435903717804125e-06,2.6927897886476567e-06,0.0002166734602300496,0.0002877126669549348,0.0002829276413258104,0.9997798695991866,0.9997098514293272,0.9997143795688856,76,0.004638671875,True,True,True,-4.138007455181127,timepiece,0.6441035608234417,0.6441035608234416,38.621636469723,38.621636469723,0.6607529766202298,0.6607529766202298,-1.0210368655788783e-06,-7.641507947353464e-07,7.103920672488518e-05,6.625418109576083e-05,-7.001816985940934e-05,-6.549003030098532e-05,0.0,0.11703104534126574,0.10025992799703509,-0.016771117344230646,0.0,0.11703104534126574,0.0,-0.1455357318791739,-0.3877623605824496,0.5301268176257565,0.4121248701253073,-0.6756625495049349,-0.7998872307077391,0.0944707073427526,0.0527114618367583,0.8788253364904948,0.9449957660221787,-0.39663614105613476,-0.5343835717832235,0.279026408448793,0.26550365892453165,-0.6756625495049349,-0.7998872307077391,0.0944707073427526,0.0527114618367583,0.8788253364904948,0.9449957660221787,-0.35006614910123446,-0.35006614910123446,-0.24980622110419937,-3.8259457113554163e-07,-0.24980622110419937,-0.24980622110419937,-0.24980622110419937,0.0,0.28357086929561603,0.28357086929561603,0.2667997519513854,-1.6016570700827515e-06,0.2667997519513854,0.2667997519513854,0.2667997519513854,0.0,b_to_a,-0.35006614910123446,-0.24980622110419937,0.28357086929561603,0.2667997519513854,observe,1,-0.6336370183968505,-0.6336370183968505,-0.5166059730555848,1.2190624989472099e-06,-0.5166059730555848,-0.5166059730555848,-0.5166059730555848,0.0,,,,,,,,,0.8798942202582692,0.4753408365826088,0.22594891092305983,True,True,0.0,0.0,0.0,True,1.2190624989472099e-06,0.0,True,0.0,True,0.0,0.0,True,True,4,timepiece,watch-lex-3,0.0,True,1.0,True,3,3,-0.6336370183968505,-0.5166059730555848,0.0,0.0,True,True,True,1.0,ok,True,True,True,True,True,True,58.45094586977688,False,timepiece,1,0.8671368785692892,1.0,1.0,1.0,1.0,1.0,True,True,True,True,True,True,True,True,watch,0
3.456940583383003e-06,1.6222598888621865e-06,2.382716590594334e-06,0.0002166734602300496,0.0004364446413562061,0.0005635352463232679,0.9997798695991866,0.999561933098755,0.9994340820370862,59,0.00360107421875,True,True,True,-4.138007455181127,timepiece,0.5611248656710802,0.5611248656710803,34.919271556824725,34.919271556824725,0.595517888752126,0.595517888752126,-1.8346806945208167e-06,-1.074223992788669e-06,0.00021977118112615653,0.00034686178609321825,-0.00021793650043167023,-0.0003457875621004636,0.0,0.1288527539576414,0.3844210911029151,0.2555683371452755,0.0,0.1288527539576414,0.0,-0.6654755211966474,0.12728483971389526,-0.2834179261856349,0.757736188000333,-0.38205759501103387,-0.6304513482864635,0.05655867835852344,0.030956955356042717,0.8147468415308378,0.7896358615696509,0.3169111933869573,0.32504210915286436,0.698968788397968,0.9554934574392995,-0.38205759501103387,-0.6304513482864635,0.05655867835852344,0.030956955356042717,0.8147468415308378,0.7896358615696509,-0.7565638031866797,-0.7565638031866797,-0.3721427120837628,-4.968237004021603e-07,-0.3721427120837628,-0.3721427120837628,-0.3721427120837628,0.0,0.7002701146726658,0.7002701146726658,0.9558384518179412,-1.1948877407519376e-06,0.9558384518179412,0.9558384518179412,0.9558384518179412,0.0,b_to_a,-0.7565638031866797,-0.3721427120837646,0.7002701146726666,0.9558384518179421,observe,1,-1.4568339178593455,-1.4568339178593455,-1.327981163901704,6.980640403497773e-07,-1.327981163901704,-1.327981163901704,-1.327981163901704,0.0,,,,,,,,,0.791611133400057,0.6112234303790469,0.37359408184433834,True,True,0.0,0.0,0.0,True,6.980640403497773e-07,0.0,True,0.0,True,0.0,0.0,True,True,8,timepiece,watch-lex-3,0.0,True,1.0,True,3,3,-1.4568339178593464,-1.3279811639017067,8.881784197001252e-16,2.6645352591003757e-15,True,True,True,1.0,ok,True,True,True,True,True,True,58.63681379915569,False,timepiece,1,0.7760461609535089,1.0,1.0,1.0,1.0,1.0,True,True,True,True,True,True,True,True,watch,0
3.456940583383003e-06,3.3797550104394e-06,2.881495021157365e-06,0.0002166734602300496,0.00043338571433380364,0.00037806464236645577,0.9997798695991866,0.9995632345306558,0.9996190538626124,187,0.01141357421875,True,True,True,-4.138007455181127,timepiece,0.6646300274310775,0.6646300274310774,58.007513570291906,58.007513570291906,0.7709740405490134,0.7709740405490134,-7.718557294360322e-08,-5.754455622256381e-07,0.00021671225410375405,0.00016139118213640618,-0.00021663506853086822,-0.00016081573657422688,0.0,-0.02293102656341439,-0.15949396072123356,-0.1365629341578174,0.0,-0.02293102656341439,0.0,-0.26742585471809655,-0.16200696410061965,0.04282932588905908,-0.10695035247978169,-0.31025518060715385,-0.05505661162084152,0.04854398929756573,0.030209573461222102,0.6834857380608576,0.5696574668601547,0.3797861232107511,0.5003438311842032,0.6900413038179041,0.5554004428050385,-0.31025518060715385,-0.05505661162084152,0.04854398929756573,0.030209573461222102,0.6834857380608576,0.5696574668601547,-0.022580748707362375,-0.022580748707362375,-0.18207470942859416,7.664045877930903e-07,-0.18207470942859416,-0.18207470942859416,-0.18207470942859416,0.0,0.6932366980701286,0.6932366980701286,0.5566737639123112,-9.27426135888254e-09,0.5566737639123112,0.5566737639123112,0.5566737639123112,0.0,b_to_a,-0.0225807487073606,-0.18207470942859416,0.6932366980701286,0.5566737639123112,observe,1,-0.7158174467774909,-0.7158174467774909,-0.7387484733409053,7.756788491519728e-07,-0.7387484733409053,-0.7387484733409053,-0.7387484733409053,0.0,,,,,,,,,0.8870172451174576,0.4617492701407735,0.21321238847554053,True,True,0.0,0.0,0.0,True,7.756788491519728e-07,0.0,True,0.0,True,0.0,0.0,True,True,12,timepiece,watch-lex-3,0.0,True,1.0,True,3,3,-0.7158174467774892,-0.7387484733409053,-1.7763568394002505e-15,0.0,True,True,True,1.0,ok,True,True,True,True,True,True,75.23925647222123,False,timepiece,1,0.8835557986994236,1.0,1.0,1.0,1.0,1.0,True,True,True,True,True,True,True,True,watch,0
3.5440730629545417e-05,2.1628877808860597e-05,2.387154629002664e-05,0.004244207955096526,0.0036843536743848284,0.006055858978248856,0.9957203513142739,0.9962940174478063,0.9939202694754611,70,0.0042724609375,True,True,True,-4.7854487568383375,fruit,0.5840379767046986,0.5840379767046986,32.73497348889743,32.73497348889743,0.6506363776588171,0.6506363776588171,-1.381185282068482e-05,-1.1569184339518778e-05,-0.0005598542807116976,0.00181165102315233,0.00057366613353238,-0.0018000818388128614,0.0,-0.3982732524629302,0.09865786051058834,0.4969311129735168,0.0,-0.3982732524629302,0.0,0.6958502083056057,0.23002110254613406,0.6334489368022354,-0.05346430435425731,0.062401271503354394,0.2834854069003967,0.024009649387055722,0.04513709609495148,0.4582962350715347,0.5858287159136076,0.4158165422728235,1.1104407204947595,0.3534152707694531,0.8269553135943664,0.062401271503354394,0.2834854069003967,0.024009649387055722,0.04513709609495148,0.4582962350715347,0.5858287159136076,-0.4938323840993313,-0.4938323840993313,-0.3951745235887447,-2.5155566820700415e-06,-0.3951745235887447,-0.3951745235887447,-0.3951745235887447,0.0,-0.14146010273441956,-0.14146010273441956,0.3554710102390972,-1.7950721620252352e-07,0.3554710102390972,0.3554710102390972,0.3554710102390972,0.0,a_to_b,-0.4938323840993295,-0.39517452358874117,-0.14146010273441867,0.3554710102390981,calendar,1,-0.3523722813649117,-0.3523722813649117,-0.7506455338278419,-2.336049465867518e-06,-0.7506455338278419,-0.7506455338278419,-0.7506455338278419,0.0,,,,,,,,,0.824859493901657,0.5664823822080655,0.32090228935213283,True,True,0.0,0.0,0.0,True,2.336049465867518e-06,0.0,True,0.0,True,0.0,0.0,True,True,4,fruit,date-lex-0,1.7763568394002505e-15,True,1.0,True,3,3,-0.35237228136491083,-0.7506455338278393,-8.881784197001252e-16,-2.6645352591003757e-15,True,True,True,1.0,ok,True,True,True,True,True,True,50.312239851524424,False,fruit,1,0.7888667997564289,1.0,1.0,1.0,1.0,1.0,True,True,True,True,True,True,True,True,date,0
3.5440730629545417e-05,2.9440723305289547e-05,3.9375250556416816e-05,0.004244207955096526,0.004458518962150303,0.004201719578248029,0.9957203513142739,0.9955120403145444,0.9957589051711956,61,0.00372314453125,True,True,True,-4.7854487568383375,fruit,0.555707059232557,0.555707059232557,33.38136735444841,33.38136735444841,0.702732894229652,0.702732894229652,-6.00000732425587e-06,3.934519926871399e-06,0.00021431100705377685,-4.24883768484971e-05,-0.00020831099972951073,3.855385692164148e-05,0.0,0.35008137283698026,0.29075859811045035,-0.059322774726529026,0.0,0.35008137283698026,0.0,0.7038011102780608,1.0225855601816018,0.43890709382685955,0.7365288344562195,0.2648940164512297,0.2860567257253912,0.07356900553612261,0.01912279906294588,0.46512462234770413,0.3649428884841729,0.44929887810183367,0.20696905244527208,0.1844048616506324,-0.07908767328011024,0.2648940164512297,0.2860567257253912,0.07356900553612261,0.01912279906294588,0.46512462234770413,0.3649428884841729,-0.18548287912953398,-0.18548287912953398,0.10527571898091814,-8.583688657637367e-07,0.10527571898091814,0.10527571898091814,0.10527571898091814,0.0,0.0492614202789472,0.0492614202789472,-0.010061354447580939,-1.1440066822743233e-06,-0.010061354447580939,-0.010061354447580939,-0.010061354447580939,0.0,a_to_b,-0.18548287912953043,0.10527571898091992,0.049261420278948975,-0.010061354447580051,calendar,1,-0.23474429940848118,-0.23474429940848118,0.11533707342849908,2.856378165105866e-07,0.11533707342849908,0.11533707342849908,0.11533707342849908,0.0,,,,,,,,,0.7856896346048602,0.6189121325133944,0.38305222777228726,True,True,0.0,0.0,0.0,True,2.856378165105866e-07,0.0,True,0.0,True,0.0,0.0,True,True,8,fruit,date-lex-0,1.7763568394002505e-15,True,1.0,True,3,3,-0.2347442994084794,0.11533707342849997,-1.7763568394002505e-15,-8.881784197001252e-16,True,True,True,1.0,ok,True,True,True,True,True,True,47.502212616703595,False,fruit,1,0.7667046484893209,1.0,0.0,1.0,0.0,1.0,True,True,True,True,True,True,True,True,date,0
3.5440730629545417e-05,5.795220020647625e-05,4.822647235010524e-05,0.004244207955096526,0.0038373803889305887,0.004103050435692368,0.9957203513142739,0.996104667410863,0.9958487230919575,151,0.00921630859375,True,True,True,-4.7854487568383375,fruit,0.6193620626528168,0.6193620626528167,51.45191392287435,51.451913922874354,0.8477588673548251,0.8477588673548252,2.2511469576930835e-05,1.2785741720559823e-05,-0.0004068275661659373,-0.00014115751940415797,0.00038431609658906574,0.00012837177768354469,0.0,-0.25065120957618525,-0.18371044721697416,0.0669407623592102,0.0,-0.25065120957618525,0.0,0.9777823720210534,0.32883416786159625,0.7956208618482155,0.14218440846389235,0.18216151017281845,0.1866497593976888,0.19432922253278337,0.31919685762011435,0.5432298039113329,0.53608050351778,0.13154776873785856,0.23886017779498125,-0.05061374143497943,0.05221041839727647,0.18216151017281845,0.1866497593976888,0.19432922253278337,0.31919685762011435,0.5432298039113329,0.53608050351778,0.49175679490768687,0.49175679490768687,0.3080463476907127,1.2731262479803718e-06,0.3080463476907127,0.3080463476907127,0.3080463476907127,0.0,-0.1007652759191684,-0.1007652759191684,-0.0338245135599573,8.815737455591943e-07,-0.0338245135599573,-0.0338245135599573,-0.0338245135599573,0.0,a_to_b,0.49175679490768864,0.3080463476907145,-0.10076527591916751,-0.0338245135599573,calendar,1,0.5925220708268553,0.5925220708268553,0.34187086125067,3.9155250242117745e-07,0.34187086125067,0.34187086125067,0.34187086125067,0.0,,,,,,,,,0.8923236221739447,0.45143117602666,0.20379010668881653,True,True,0.0,0.0,0.0,True,3.9155250242117745e-07,0.0,True,0.0,True,0.0,0.0,True,True,12,fruit,date-lex-0,1.7763568394002505e-15,True,1.0,True,3,3,0.5925220708268562,0.3418708612506718,-8.881784197001252e-16,-1.7763568394002505e-15,True,True,True,1.0,ok,True,True,True,True,True,True,60.691684751602146,False,fruit,1,0.8867063827766836,1.0,1.0,1.0,1.0,1.0,True,True,True,True,True,True,True,True,date,0
3.3492231987758565e-06,2.7035702842959017e-06,2.789811844402788e-06,0.0007951424000187486,0.0005559257933142892,0.0007587298984469026,0.9992015083767825,0.9994413706364014,0.9992384802897086,61,0.00372314453125,True,True,True,-5.4697927801487864,calendar,0.5840379767046986,0.5840379767046987,32.73497348889743,32.73497348889743,0.6506363776588171,0.6506363776588171,-6.456529144799548e-07,-5.594113543730685e-07,-0.00023921660670445934,-3.6412501571846004e-05,0.00023986225961891705,3.6971912926175854e-05,0.0,-0.2796101017007899,0.03140092725478105,0.3110110289555701,0.0,-0.2796101017007899,0.0,-0.07159096429741929,-0.10996008955552927,-0.08626954840767631,-0.03978502015060137,0.014678584110241033,-0.07017506940497675,0.004005334462956032,0.003208778594023705,0.4237569543217719,0.2983789294252573,-0.4127804953799812,-0.20866593315554605,-0.4274590794902382,-0.13849086375061948,0.014678584110241033,-0.07017506940497675,0.004005334462956032,0.003208778594023705,0.4237569543217719,0.2983789294252573,-0.21415521096378853,-0.21415521096378853,-0.18275428370900926,-8.80451279883232e-07,-0.18275428370900926,-0.18275428370900926,-0.18275428370900926,0.0,-0.3578863980535516,-0.3578863980535516,-0.0468753690979824,-1.67689895747003e-07,-0.0468753690979824,-0.0468753690979824,-0.0468753690979824,0.0,b_to_a,-0.21415521096378853,-0.18275428370900748,-0.3578863980535525,-0.0468753690979824,fruit,1,0.14373118708976307,0.14373118708976307,-0.13587891461102686,-7.12761384136229e-07,-0.13587891461102686,-0.13587891461102686,-0.13587891461102686,0.0,,,,,,,,,0.8805938177811931,0.47470576464392883,0.22534556298618283,True,True,0.0,0.0,0.0,True,7.12761384136229e-07,0.0,True,0.0,True,0.0,0.0,True,True,4,calendar,date-lex-0,8.881784197001252e-16,True,1.0,True,3,3,0.14373118708976396,-0.13587891461102508,-8.881784197001252e-16,-1.7763568394002505e-15,True,True,True,1.0,ok,True,True,True,True,True,True,50.312239851524424,False,calendar,1,0.8524684751052067,1.0,0.0,1.0,0.0,1.0,True,True,True,True,True,True,True,True,date,0
3.3492231987758565e-06,1.3775582312955746e-06,3.6182740863003913e-06,0.0007951424000187486,0.00035615452740076956,0.0007516512669363228,0.9992015083767825,0.999642467914368,0.9992447304589773,73,0.00445556640625,True,True,True,-5.4697927801487864,calendar,0.555707059232557,0.5557070592325569,33.38136735444841,33.38136735444841,0.702732894229652,0.702732894229652,-1.971664967480282e-06,2.690508875245348e-07,-0.000438987872617979,-4.3491133082425824e-05,0.00044095953758549467,4.322208219487145e-05,0.0,0.21877683287398142,0.9656846060813944,0.7469077732074139,0.0,0.21877683287398142,0.0,-0.1863059106214795,0.4960591176653253,-0.5623289360896244,0.34113833326701126,0.37602302546807387,0.1549207843982785,0.008832110140595081,0.0006598556577788828,0.5042363804620564,0.2880825154061822,-0.5525323082719016,0.08022571429740122,-0.9285553337400474,-0.07469507010091192,0.37602302546807387,0.1549207843982785,0.008832110140595081,0.0006598556577788828,0.5042363804620564,0.2880825154061822,-0.8884159036617181,-0.8884159036617181,0.07726870241967454,2.4890436201019384e-07,0.07726870241967454,0.07726870241967454,0.07726870241967454,0.0,-0.8031565157295315,-0.8031565157295315,-0.05624874252212031,9.915741241428577e-07,-0.05624874252212031,-0.05624874252212031,-0.05624874252212031,0.0,b_to_a,-0.8884159036617199,0.07726870241967454,-0.8031565157295333,-0.05624874252211942,fruit,1,-0.08525938793218657,-0.08525938793218657,0.13351744494179485,-7.426697621326639e-07,0.13351744494179485,0.13351744494179485,0.13351744494179485,0.0,,,,,,,,,0.8359422662422655,0.5488704047317794,0.3012587211904338,True,True,0.0,0.0,0.0,True,7.426697621326639e-07,0.0,True,0.0,True,0.0,0.0,True,True,8,calendar,date-lex-0,8.881784197001252e-16,True,1.0,True,3,3,-0.08525938793218657,0.13351744494179396,0.0,8.881784197001252e-16,True,True,True,1.0,ok,True,True,True,True,True,True,47.502212616703595,False,calendar,1,0.8283137879740594,1.0,0.0,1.0,0.0,1.0,True,True,True,True,True,True,True,True,date,0
3.3492231987758565e-06,1.9193706933942867e-06,4.135265998888963e-06,0.0007951424000187486,0.0004165694819721215,0.00080680418015823,0.9992015083767825,0.9995815111473345,0.9991890605538429,180,0.010986328125,True,True,True,-5.4697927801487864,calendar,0.6193620626528168,0.6193620626528167,51.45191392287435,51.451913922874354,0.8477588673548251,0.8477588673548252,-1.4298525053815698e-06,7.860428001131069e-07,-0.0003785729180466271,1.1661780139481386e-05,0.000380002770552057,-1.2447822939520847e-05,0.0,0.10652657051267767,0.7675542865813689,0.6610277160686913,0.0,0.10652657051267767,0.0,0.050600151455599374,0.45448986423744575,-0.2462025543998525,0.3546711366146731,0.29680270585538615,0.09981872762274513,0.006793515142547071,0.0030804906449537987,0.20937547676788926,0.3999059495383462,-0.4510946520875727,0.09145218905166885,-0.7478973579430255,-0.008366538571102922,0.29680270585538615,0.09981872762274513,0.006793515142547071,0.0030804906449537987,0.20937547676788926,0.3999059495383462,-0.5567310695297625,-0.5567310695297625,0.21082321705160645,-5.288543789561118e-07,0.21082321705160645,0.21082321705160645,0.21082321705160645,0.0,-0.6464679469788965,-0.6464679469788965,0.014559769089794727,-2.3161792306325424e-07,0.014559769089794727,0.014559769089794727,0.014559769089794727,0.0,b_to_a,-0.5567310695297625,0.21082321705160645,-0.6464679469788965,0.014559769089794727,fruit,1,0.08973687744913406,0.08973687744913406,0.19626344796181172,-2.972364558928575e-07,0.19626344796181172,0.19626344796181172,0.19626344796181172,0.0,,,,,,,,,0.8942861693629393,0.44760033846668795,0.20034606299549657,True,True,0.0,0.0,0.0,True,2.972364558928575e-07,0.0,True,0.0,True,0.0,0.0,True,True,12,calendar,date-lex-0,8.881784197001252e-16,True,1.0,True,3,3,0.08973687744913406,0.19626344796181172,0.0,0.0,True,True,True,1.0,ok,True,True,True,True,True,True,60.691684751602146,False,calendar,1,0.8846003183762882,1.0,1.0,1.0,1.0,1.0,True,True,True,True,True,True,True,True,date,0
7.041327589008646e-05,0.00017877081129882938,6.680122232429088e-05,0.0019185390991846485,0.0024226561489450126,0.0017164748692370046,0.9980110476249253,0.9973985730397562,0.9982167239084387,71,0.00433349609375,True,True,True,-3.304937466190358,fruit,0.5203826411018888,0.520382641101889,27.99393203565588,27.993932035655877,0.6398461300540087,0.6398461300540086,0.00010835753540874293,-3.6120535657955762e-06,0.0005041170497603641,-0.0002020642299476439,-0.0006124745851691094,0.00020567628351342293,0.0,-0.6397913956339032,-0.9843832230006182,-0.34459182736671856,0.0,-0.6397913956339032,0.0,1.0224184605169384,-0.0170532602944089,0.89533485697957,0.06482917884003392,0.12708360353735415,-0.08188243913442506,0.016254994271105872,0.09204641359881531,0.9645471324245508,0.5720768878405971,0.4942230597460213,0.08026954300876454,0.36713945620865296,0.16215198214320736,0.12708360353735415,-0.08188243913442506,0.016254994271105872,0.09204641359881531,0.9645471324245508,0.5720768878405971,0.9317227782740503,0.9317227782740503,-0.0526604447265715,2.0030652745361976e-06,-0.0526604447265715,-0.0526604447265715,-0.0526604447265715,0.0,0.23330050989650175,0.23330050989650175,-0.11129131747021681,1.7796098763511736e-06,-0.11129131747021681,-0.11129131747021681,-0.11129131747021681,0.0,a_to_b,0.9317227782740485,-0.05266044472656972,0.23330050989650264,-0.11129131747021592,calendar,1,0.6984222683775485,0.6984222683775485,0.05863087274364531,2.2345539818502402e-07,0.05863087274364531,0.05863087274364531,0.05863087274364531,0.0,,,,,,,,,0.8697050043032689,0.49451622089230346,0.2445462927256118,True,True,0.0,0.0,0.0,True,2.2345539818502402e-07,0.0,True,0.0,True,0.0,0.0,True,True,4,fruit,date-lex-1,0.0,True,1.0,True,3,3,0.6984222683775458,0.0586308727436462,2.6645352591003757e-15,-8.881784197001252e-16,True,True,True,1.0,ok,True,True,True,True,True,True,43.751037508491216,False,fruit,1,0.8391585276527332,1.0,1.0,1.0,1.0,1.0,True,True,True,True,True,True,True,True,date,0
7.041327589008646e-05,7.973609453118348e-05,9.457073945030967e-05,0.0019185390991846485,0.0024860651227862425,0.0016578283634845607,0.9980110476249253,0.9974341987826826,0.9982476008970651,66,0.0040283203125,True,True,True,-3.304937466190358,fruit,0.5922976949645576,0.5922976949645576,32.83287053875865,32.83287053875865,0.6957218998423624,0.6957218998423624,9.322818641097026e-06,2.4157463560223213e-05,0.000567526023601594,-0.0002607107357000878,-0.0005768488422427387,0.0002365532721397834,0.0,0.575818414275691,0.17062575685937453,-0.4051926574163165,0.0,0.575818414275691,0.0,-0.22957931481792215,-0.27374187069622913,0.030471909043825463,0.001681540344771193,-0.26005122386175117,-0.2754234110409861,0.04974129242776996,0.018349363097819513,0.5730508120319863,0.4254442500309627,-0.3124794081379161,-0.6714788126315216,-0.052428184276168466,-0.3960554015905213,-0.26005122386175117,-0.2754234110409861,0.04974129242776996,0.018349363097819513,0.5730508120319863,0.4254442500309627,0.12434053984698146,0.12434053984698146,0.294966296706356,9.043518822693386e-08,0.294966296706356,0.294966296706356,0.294966296706356,0.0,0.2591371779786451,0.2591371779786451,-0.1460554794376714,-7.882716701601566e-10,-0.1460554794376714,-0.1460554794376714,-0.1460554794376714,0.0,a_to_b,0.12434053984698146,0.294966296706356,0.259137177978646,-0.1460554794376705,calendar,1,-0.13479663813166365,-0.13479663813166365,0.4410217761440274,9.122345989709402e-08,0.4410217761440274,0.4410217761440274,0.4410217761440274,0.0,,,,,,,,,0.8197962357742782,0.5726662622784899,0.3279466479520236,True,True,0.0,0.0,0.0,True,9.122345989709402e-08,0.0,True,0.0,True,0.0,0.0,True,True,8,fruit,date-lex-1,0.0,True,1.0,True,3,3,-0.13479663813166454,0.4410217761440265,8.881784197001252e-16,8.881784197001252e-16,True,True,True,1.0,ok,True,True,True,True,True,True,47.192521244764556,False,fruit,1,0.8162584198238119,1.0,0.0,1.0,0.0,1.0,True,True,True,True,True,True,True,True,date,0
7.041327589008646e-05,6.798634705925107e-05,9.479498806920478e-05,0.0019185390991846485,0.0024069407676551953,0.0018145063997999653,0.9980110476249253,0.9975250728852855,0.9980906986121308,166,0.0101318359375,True,True,True,-3.304937466190358,fruit,0.5319946603473567,0.5319946603473567,35.90064431743705,35.90064431743705,0.7736615031798841,0.7736615031798841,-2.4269288308353856e-06,2.4381712179118327e-05,0.0004884016684705468,-0.00010403269938468319,-0.0004859747396398495,7.965098720552621e-05,0.0,0.6149527083500095,0.33240963291811454,-0.2825430754318967,0.0,0.6149527083500095,0.0,-0.11964427607728467,0.056248674252195485,-0.16461578526055298,-0.003072483868789888,0.04497150918327364,0.05932115812106176,0.07325640909917784,0.031917583119525667,0.36532654614144483,0.2269082101273949,-0.2015331779362146,-0.10926099937292477,-0.24650468711948292,-0.16858215749391015,0.04497150918327364,0.05932115812106176,0.07325640909917784,0.031917583119525667,0.36532654614144483,0.2269082101273949,-0.03507491689261499,-0.03507491689261499,0.29733471602549777,-4.4864646575604183e-07,0.29733471602549777,0.29733471602549777,0.29733471602549777,0.0,0.22679253955107725,0.22679253955107725,-0.05575053588081946,1.3040602375724575e-07,-0.05575053588081946,-0.05575053588081946,-0.05575053588081946,0.0,a_to_b,-0.03507491689261499,0.29733471602549955,0.22679253955107814,-0.055750535880818575,calendar,1,-0.26186745644369225,-0.26186745644369225,0.35308525190631723,-5.790524895132876e-07,0.35308525190631723,0.35308525190631723,0.35308525190631723,0.0,,,,,,,,,0.891752123742167,0.4525521390623141,0.20480343856987962,True,True,0.0,0.0,0.0,True,5.790524895132876e-07,0.0,True,0.0,True,0.0,0.0,True,True,12,fruit,date-lex-1,0.0,True,1.0,True,3,3,-0.26186745644369314,0.3530852519063181,8.881784197001252e-16,-8.881784197001252e-16,True,True,True,1.0,ok,True,True,True,True,True,True,46.40355526270742,False,fruit,1,0.8867233297968053,1.0,0.0,1.0,0.0,1.0,True,True,True,True,True,True,True,True,date,0
2.7422113514686087e-07,3.3652715411698267e-07,6.912653906593292e-07,0.001371372464065315,0.001695818915417242,0.0024302251866638786,0.9986283533147996,0.9983038445574286,0.9975690835479454,55,0.00335693359375,True,True,True,-8.517387751458834,calendar,0.5203826411018888,0.5203826411018888,27.99393203565588,27.99393203565588,0.6398461300540087,0.6398461300540087,6.23060189701218e-08,4.170442555124683e-07,0.0003244464513519269,0.0010588527225985636,-0.0003245087573710004,-0.0010592697668542206,0.0,0.36002681361779665,0.7198449759865113,0.35981816236871644,0.0,0.36002681361779665,0.0,1.2680707121245676,1.0764058454398513,0.5800100906751986,0.7394628131303911,0.6880606214493703,0.33694303230944556,0.014433393697514792,0.032266796515289596,0.5596754211855335,0.3901552162172079,0.9361410086573407,0.6114823148123705,0.2480803872079722,0.27453928250290716,0.6880606214493703,0.33694303230944556,0.014433393697514792,0.032266796515289596,0.5596754211855335,0.3901552162172079,0.20474399810248656,0.20474399810248656,0.9245889740889996,4.5172500762191703e-07,0.9245889740889996,0.9245889740889996,0.9245889740889996,0.0,0.21235372313666634,0.21235372313666634,0.5721718855053828,-1.4463019653021547e-06,0.5721718855053828,0.5721718855053828,0.5721718855053828,0.0,b_to_a,0.20474399810248833,0.9245889740889996,0.21235372313666634,0.5721718855053828,fruit,1,-0.0076097250341788936,-0.0076097250341788936,0.35241708858361775,1.8980269729240717e-06,0.35241708858361775,0.35241708858361775,0.35241708858361775,0.0,,,,,,,,,0.8713997865659949,0.4919380768478372,0.24200307145275451,True,True,0.0,0.0,0.0,True,1.8980269729240717e-06,0.0,True,0.0,True,0.0,0.0,True,True,4,calendar,date-lex-1,0.0,True,1.0,True,3,3,-0.007609725034178005,0.35241708858361687,-8.881784197001252e-16,8.881784197001252e-16,True,True,True,1.0,ok,True,True,True,True,True,True,43.751037508491216,False,calendar,1,0.8347847694279832,1.0,0.0,1.0,0.0,1.0,True,True,True,True,True,True,True,True,date,0
2.7422113514686087e-07,3.022719563691762e-07,2.762428677818966e-07,0.001371372464065315,0.0014908314412936541,0.0012717206435520613,0.9986283533147996,0.99850886628675,0.9987280031135801,61,0.00372314453125,True,True,True,-8.517387751458834,calendar,0.5922976949645576,0.5922976949645576,32.83287053875865,32.83287053875865,0.6957218998423624,0.6957218998423624,2.805082122231534e-08,2.0217326350357384e-09,0.00011945897722833907,-9.965182051325377e-05,-0.00011948702804964739,9.964979878052116e-05,0.0,0.06891646225124681,-0.09004669541613275,-0.15896315766737867,0.0,0.06891646225124681,0.0,0.14864874275964013,0.19259908308158202,0.11168555451060413,0.11904004857484551,0.03696318824902889,0.0735590345067294,0.038618750886665124,0.004685746318337874,0.35123717301617663,0.3168304121256668,-0.21864272779847127,0.056273371578210885,-0.25560591604750726,-0.017285662928525625,0.03696318824902889,0.0735590345067294,0.038618750886665124,0.004685746318337874,0.35123717301617663,0.3168304121256668,0.09739228646274611,0.09739228646274611,0.007345591046615141,-2.3369434032360914e-07,0.007345591046615141,0.007345591046615141,0.007345591046615141,0.0,0.0835219416537969,0.0835219416537969,-0.07544121601358178,-1.4479022585334178e-06,-0.07544121601358178,-0.07544121601358178,-0.07544121601358178,0.0,b_to_a,0.09739228646274789,0.007345591046615141,0.0835219416537969,-0.07544121601358178,fruit,1,0.013870344808950108,0.013870344808950108,0.08278680706019692,1.2142079182098087e-06,0.08278680706019692,0.08278680706019692,0.08278680706019692,0.0,,,,,,,,,0.8220005408474531,0.5700003353715904,0.3249003823237323,True,True,0.0,0.0,0.0,True,1.2142079182098087e-06,0.0,True,0.0,True,0.0,0.0,True,True,8,calendar,date-lex-1,0.0,True,1.0,True,3,3,0.013870344808950996,0.08278680706019692,-8.881784197001252e-16,0.0,True,True,True,1.0,ok,True,True,True,True,True,True,47.192521244764556,False,calendar,1,0.7978081561523112,1.0,1.0,1.0,1.0,1.0,True,True,True,True,True,True,True,True,date,0
2.7422113514686087e-07,2.734522382541285e-07,2.696185095254418e-07,0.001371372464065315,0.0013235652752255811,0.0012723220529506376,0.9986283533147996,0.9986761612725361,0.9987274083285398,171,0.01043701171875,True,True,True,-8.517387751458834,calendar,0.5319946603473567,0.5319946603473567,35.90064431743705,35.90064431743705,0.7736615031798841,0.7736615031798841,-7.688968927323783e-10,-4.602625621419072e-09,-4.780718883973397e-05,-9.90504111146775e-05,4.780795773651203e-05,9.905501374019021e-05,0.0,0.025366499661579667,-0.014118942808929447,-0.03948544247051089,0.0,0.025366499661579667,0.0,0.20890808132901517,-0.15232894713712986,0.17061763884222358,-0.14452840281457213,0.03829044248679736,-0.00780054432258126,0.012224111540051525,0.011103537897978247,0.24030994233285294,0.18886241868508558,-0.06095640483953346,0.021112689208498736,-0.0992468473263255,0.028913233531055127,0.03829044248679736,-0.00780054432258126,0.012224111540051525,0.011103537897978247,0.24030994233285294,0.18886241868508558,-0.0028078684677730337,-0.0028078684677730337,-0.016926811276704257,-1.0231348497313775e-06,-0.016926811276704257,-0.016926811276704257,-0.016926811276704257,0.0,-0.03548297533838163,-0.03548297533838163,-0.07496841780889252,-5.525960267149799e-07,-0.07496841780889252,-0.07496841780889252,-0.07496841780889252,0.0,b_to_a,-0.0028078684677730337,-0.01692681127670248,-0.03548297533838163,-0.07496841780889252,fruit,1,0.03267510687060948,0.03267510687060948,0.05804160653218915,-4.705388221282192e-07,0.05804160653218915,0.05804160653218915,0.05804160653218915,0.0,,,,,,,,,0.8985387240076171,0.43889483703220633,0.1926286779735301,True,True,0.0,0.0,0.0,True,4.705388221282192e-07,0.0,True,0.0,True,0.0,0.0,True,True,12,calendar,date-lex-1,0.0,True,1.0,True,3,3,0.032675106870608595,0.05804160653219004,8.881784197001252e-16,-8.881784197001252e-16,True,True,True,1.0,ok,True,True,True,True,True,True,46.40355526270742,False,calendar,1,0.8992574136264943,1.0,1.0,1.0,1.0,1.0,True,True,True,True,True,True,True,True,date,0
0.00018776055739035217,0.00015302477735717467,0.00018363025783905152,0.004020319385805811,0.0032352630506510436,0.0063574173201271355,0.9957919200568038,0.9966117121719918,0.9934589524220337,78,0.0047607421875,True,True,True,-3.0639491074921663,fruit,0.47371906593503643,0.47371906593503643,24.264360131127564,24.264360131127564,0.5699862366846271,0.5699862366846271,-3.4735780033177493e-05,-4.130299551300651e-06,-0.0007850563351547678,0.002337097934321324,0.0008197921151880116,-0.002332967634770089,0.0,-0.4931875586725303,0.18232441586085635,0.6755119745333875,0.0,-0.4931875586725303,0.0,0.10074086469254517,0.3387709964903447,-0.12742188288722645,0.22536870066662118,0.2281627475797734,0.11340229582370398,0.014281361407993848,0.021338452267347128,0.36281219128193654,0.3119011462002265,-0.04672618291639097,0.20712907833617678,-0.2748889304961626,0.09372678251245325,0.2281627475797734,0.11340229582370398,0.014281361407993848,0.021338452267347128,0.36281219128193654,0.3119011462002265,-0.2045676683784574,-0.2045676683784574,-0.022243252517601064,1.6351215492704796e-07,-0.022243252517601064,-0.022243252517601064,-0.022243252517601064,0.0,-0.21725111007632503,-0.21725111007632503,0.4582608644570616,-2.404264209943108e-07,0.4582608644570616,0.4582608644570616,0.4582608644570616,0.0,a_to_b,-0.2045676683784574,-0.022243252517601064,-0.21725111007632592,0.4582608644570616,calendar,1,0.012683441697867615,0.012683441697867615,-0.48050411697466267,4.0393857592135873e-07,-0.48050411697466267,-0.48050411697466267,-0.48050411697466267,0.0,,,,,,,,,0.8191398202343886,0.576124228639873,0.3319191268258965,True,True,0.0,0.0,0.0,True,4.0393857592135873e-07,0.0,True,0.0,True,0.0,0.0,True,True,4,fruit,date-lex-2,1.7763568394002505e-15,True,1.0,True,3,3,0.012683441697868503,-0.48050411697466267,-8.881784197001252e-16,0.0,True,True,True,1.0,ok,True,True,True,True,True,True,42.570080765920345,False,fruit,1,0.7652030802557435,1.0,0.0,1.0,0.0,1.0,True,True,True,True,True,True,True,True,date,0
0.00018776055739035217,0.0002340489877498199,0.00020836679268936467,0.004020319385805811,0.0027172220803060028,0.0031244089116325047,0.9957919200568038,0.9970487289319442,0.9966672242956782,56,0.00341796875,True,True,True,-3.0639491074921663,fruit,0.5767499335005952,0.5767499335005952,40.259699142692234,40.259699142692234,0.7639645396591611,0.7639645396591611,4.628843035946772e-05,2.0606235299012505e-05,-0.0013030973054998086,-0.0008959104741733067,0.0012568088751403472,0.0008753042388743859,0.0,-0.25586554231702596,-0.11623048972373162,0.13963505259329345,0.0,-0.25586554231702596,0.0,0.3484852520621704,0.6595693439256962,0.346894112083481,0.5247828797009202,0.0015911399786432412,0.13478646422473872,0.022677243466750267,0.008556589445443257,0.610246849846778,0.34517796248687027,-0.15562134456353682,-0.26346230350153554,-0.15721248454222625,-0.39824876772631157,0.0015911399786432412,0.13478646422473872,0.022677243466750267,0.008556589445443257,0.610246849846778,0.34517796248687027,0.22036292263498325,0.22036292263498325,0.10413243291125163,5.310494071153471e-07,0.10413243291125163,0.10413243291125163,0.10413243291125163,0.0,-0.39175128425375316,-0.39175128425375316,-0.2521162316604588,7.781187854050131e-07,-0.2521162316604588,-0.2521162316604588,-0.2521162316604588,0.0,a_to_b,0.22036292263498325,0.10413243291125163,-0.39175128425375316,-0.2521162316604597,calendar,1,0.6121142068887364,0.6121142068887364,0.35624866457171045,-2.47069378289666e-07,0.35624866457171045,0.35624866457171045,0.35624866457171045,0.0,,,,,,,,,0.7823720181238838,0.623976504373647,0.3893466780103651,True,True,0.0,0.0,0.0,True,2.47069378289666e-07,0.0,True,0.0,True,0.0,0.0,True,True,8,fruit,date-lex-2,1.7763568394002505e-15,True,1.0,True,3,3,0.6121142068887364,0.35624866457171134,0.0,-8.881784197001252e-16,True,True,True,1.0,ok,True,True,True,True,True,True,52.698387232284226,False,fruit,1,0.7442583361500177,1.0,1.0,1.0,1.0,1.0,True,True,True,True,True,True,True,True,date,0
0.00018776055739035217,0.00018627109757716332,0.0001811558651001243,0.004020319385805811,0.00309752858146294,0.0029788658321897323,0.9957919200568038,0.9967162003209599,0.9968399783027101,190,0.0115966796875,True,True,True,-3.0639491074921663,fruit,0.6331549153797222,0.6331549153797222,54.28497581596855,54.28497581596855,0.7675341747358386,0.7675341747358386,-1.4894598131888525e-06,-6.604692290227863e-06,-0.0009227908043428715,-0.001041453553616079,0.0009242802641560299,0.0010480582459062582,0.0,0.011216594324975127,-0.02784533257330679,-0.03906192689828103,0.0,0.011216594324975127,0.0,0.5922997819105191,0.34082045028447894,0.06671599689969199,-0.0726615100688015,0.5255837850108414,0.41348196035326623,0.01733254562882192,0.023612717448875987,0.41050470719182347,0.3020402797008306,0.6536342501604029,0.34849031249230755,0.12805046514957574,-0.06499164786097289,0.5255837850108414,0.41348196035326623,0.01733254562882192,0.023612717448875987,0.41050470719182347,0.3020402797008306,-0.007964393743844056,-0.007964393743844056,-0.03580972631715085,-5.146183372772839e-07,-0.03580972631715085,-0.03580972631715085,-0.03580972631715085,0.0,-0.2607567869337446,-0.2607567869337446,-0.2998187138320265,7.099085763684343e-09,-0.2998187138320265,-0.2998187138320265,-0.2998187138320265,0.0,a_to_b,-0.007964393743844056,-0.03580972631715085,-0.2607567869337455,-0.2998187138320265,calendar,1,0.25279239318990054,0.25279239318990054,0.26400898751487567,-5.217174230409682e-07,0.26400898751487567,0.26400898751487567,0.26400898751487567,0.0,,,,,,,,,0.864137268396552,0.5032973487041523,0.25330822121263324,True,True,0.0,0.0,0.0,True,5.217174230409682e-07,0.0,True,0.0,True,0.0,0.0,True,True,12,fruit,date-lex-2,1.7763568394002505e-15,True,1.0,True,3,3,0.25279239318990143,0.26400898751487567,-8.881784197001252e-16,0.0,True,True,True,1.0,ok,True,True,True,True,True,True,70.72646092227978,False,fruit,1,0.8576998896996013,1.0,1.0,1.0,1.0,1.0,True,True,True,True,True,True,True,True,date,0
7.721582408475614e-05,6.499932979384656e-05,7.873647624852931e-05,0.01966526900286154,0.01844665027728847,0.015683515902656674,0.9802575151730537,0.9814883503929177,0.9842377476210947,70,0.0042724609375,True,True,True,-5.540004952825885,calendar,0.47371906593503643,0.47371906593503643,24.264360131127564,24.264360131127564,0.5699862366846271,0.5699862366846271,-1.2216494290909574e-05,1.5206521637731792e-06,-0.0012186187255730715,-0.003981753100204866,0.0012308352198640016,0.003980232448041021,0.0,0.35400215274644786,0.1917295738024407,-0.16227257894400493,0.0,0.35400215274644786,0.0,-0.19808689265231294,0.0524957032971205,-0.44804166648481214,-0.04259547952960929,0.24995477383246723,0.09509118282674578,0.0547475849393366,0.020356129286865417,0.7439460228472964,0.6151858946599841,0.01146191784601669,-0.5440595354052533,-0.23849285598648162,-0.6391507182319822,0.24995477383246723,0.09509118282674578,0.0547475849393366,0.020356129286865417,0.7439460228472964,0.6151858946599841,-0.17222745223874902,-0.17222745223874902,0.019502121563693464,2.318165149617357e-06,0.019502121563693464,0.019502121563693464,0.019502121563693464,0.0,-0.06397128784450157,-0.06397128784450157,-0.22624386678850694,-2.7478137099024025e-08,-0.22624386678850694,-0.22624386678850694,-0.22624386678850694,0.0,b_to_a,-0.17222745223874725,0.019502121563693464,-0.06397128784450157,-0.2262438667885065,fruit,1,-0.10825616439424746,-0.10825616439424746,0.2457459883522004,2.3456432867163812e-06,0.2457459883522004,0.2457459883522004,0.2457459883522004,0.0,,,,,,,,,0.8689279393528604,0.49651251122932416,0.2465246738072557,True,True,0.0,0.0,0.0,True,2.3456432867163812e-06,0.0,True,0.0,True,0.0,0.0,True,True,4,calendar,date-lex-2,8.881784197001252e-16,True,1.0,True,3,3,-0.10825616439424568,0.24574598835219996,-1.7763568394002505e-15,4.440892098500626e-16,True,True,True,1.0,ok,True,True,True,True,True,True,42.570080765920345,False,calendar,1,0.8294255648006176,1.0,0.0,1.0,0.0,1.0,True,True,True,True,True,True,True,True,date,0
7.721582408475614e-05,5.093822409055029e-05,9.109045022243763e-05,0.01966526900286154,0.017688824207194618,0.023712475923791793,0.9802575151730537,0.9822602375687148,0.9761964336259857,70,0.0042724609375,True,True,True,-5.540004952825885,calendar,0.5767499335005952,0.5767499335005952,40.259699142692234,40.259699142692234,0.7639645396591611,0.7639645396591611,-2.6277599994205848e-05,1.3874626137681494e-05,-0.001976444795666922,0.004047206920930253,0.0020027223956611273,-0.004061081547067968,0.0,0.28817108469743413,0.5812393651808705,0.2930682804834359,0.0,0.28817108469743413,0.0,-0.8852953984713867,-0.41335795285044874,-0.8204285776115015,-0.15954704212097148,-0.06486682085991191,-0.2538109107295057,0.11107478591620552,0.08957442939226429,0.755418337559457,0.5854700150713144,-0.3754602530430873,-0.05930356174745555,-0.3105934321832011,0.1945073489820217,-0.06486682085991191,-0.2538109107295057,0.11107478591620552,0.08957442939226429,0.755418337559457,0.5854700150713144,-0.4159908050426768,-0.4159908050426768,0.16524856013819367,9.06971422409697e-07,0.16524856013819367,0.16524856013819367,0.16524856013819367,0.0,-0.10592104562214377,-0.10592104562214377,0.1871472348612926,-4.022241526513426e-07,0.1871472348612926,0.1871472348612926,0.1871472348612926,0.0,b_to_a,-0.4159908050426768,0.16524856013819367,-0.10592104562214333,0.1871472348612926,fruit,1,-0.31006975942053305,-0.31006975942053305,-0.02189867472309892,1.3091955750610396e-06,-0.02189867472309892,-0.02189867472309892,-0.02189867472309892,0.0,,,,,,,,,0.8150983955557387,0.5793288237371031,0.3356218860126232,True,True,0.0,0.0,0.0,True,1.3091955750610396e-06,0.0,True,0.0,True,0.0,0.0,True,True,8,calendar,date-lex-2,8.881784197001252e-16,True,1.0,True,3,3,-0.3100697594205335,-0.02189867472309892,4.440892098500626e-16,0.0,True,True,True,1.0,ok,True,True,True,True,True,True,52.698387232284226,False,calendar,1,0.8124001646236717,1.0,1.0,1.0,1.0,1.0,True,True,True,True,True,True,True,True,date,0
7.721582408475614e-05,0.0001380906496608075,0.00016206424915000858,0.01966526900286154,0.0244283902570374,0.026766594262527872,0.9802575151730537,0.9754335190933018,0.9730713414883221,188,0.011474609375,True,True,True,-5.540004952825885,calendar,0.6331549153797222,0.6331549153797222,54.28497581596855,54.28497581596855,0.7675341747358386,0.7675341747358386,6.0874825576051356e-05,8.484842506525244e-05,0.0047631212541758595,0.007101325259666332,-0.004823996079751924,-0.007186173684731623,0.0,0.06867386896567496,0.16008250519395162,0.09140863622827666,0.0,0.06867386896567496,0.0,0.2235064008041654,0.2108183242738555,0.5089165539668752,0.5498704051356142,-0.2854101531627684,-0.3390520808617872,0.10050025655744434,0.3376358876290239,0.5531272428150809,0.6178671827357103,-0.26338455628492596,-0.21044555854214053,0.022025596877784714,0.12860652231961822,-0.2854101531627684,-0.3390520808617872,0.10050025655744434,0.3376358876290239,0.5531272428150809,0.6178671827357103,0.5813059398876455,0.5813059398876455,0.7413884450815971,4.102926176585697e-08,0.7413884450815971,0.7413884450815971,0.7413884450815971,0.0,0.21689190598018282,0.21689190598018282,0.3083005422084595,-3.4442302521142665e-07,0.3083005422084595,0.3083005422084595,0.3083005422084595,0.0,b_to_a,0.5813059398876455,0.7413884450815971,0.21689190598018282,0.3083005422084595,fruit,1,0.36441403390746263,0.36441403390746263,0.4330879028731376,3.854522869772836e-07,0.4330879028731376,0.4330879028731376,0.4330879028731376,0.0,,,,,,,,,0.882991997762544,0.4697937314925087,0.22070615014965894,True,True,0.0,0.0,0.0,True,3.854522869772836e-07,0.0,True,0.0,True,0.0,0.0,True,True,12,calendar,date-lex-2,8.881784197001252e-16,True,1.0,True,3,3,0.36441403390746263,0.4330879028731376,0.0,0.0,True,True,True,1.0,ok,True,True,True,True,True,True,70.72646092227978,False,calendar,1,0.8634723086679809,1.0,1.0,1.0,1.0,1.0,True,True,True,True,True,True,True,True,date,0
5.4494671776285367e-05,0.0001396712429120398,8.626028016842297e-05,0.005302638257404496,0.007814635050309802,0.007799436296128941,0.9946428670708192,0.9920456937067782,0.9921143034237027,67,0.00408935546875,True,True,True,-4.577856828785505,fruit,0.5028664620439781,0.5028664620439781,26.914440569534484,26.914440569534484,0.6671970060092266,0.6671970060092266,8.517657113575444e-05,3.1765608392137604e-05,0.0025119967929053055,0.0024967980387244444,-0.002597173364040972,-0.0025285636471165107,0.0,-0.4799753542205272,-0.4819221570298602,-0.0019468028093330147,0.0,-0.4799753542205272,0.0,1.8025071606020573,0.807009986309625,0.9394821670332991,0.5264015403926461,0.8630249935687715,0.2806084459170073,0.09278291986617682,0.011036734362634235,0.760432585159476,0.3095710642592299,1.3842631593339174,0.8389979814829349,0.5212381657651584,0.558389535565956,0.8630249935687715,0.2806084459170073,0.09278291986617682,0.011036734362634235,0.760432585159476,0.3095710642592299,0.9411884648801632,0.9411884648801632,0.459266307850303,-1.1533527004559119e-06,0.459266307850303,0.459266307850303,0.459266307850303,0.0,0.3877937830457814,0.3877937830457814,0.38584698023644837,-3.386755986767298e-07,0.38584698023644837,0.38584698023644837,0.38584698023644837,0.0,a_to_b,0.9411884648801632,0.459266307850303,0.3877937830457814,0.38584698023644837,calendar,1,0.5533946818343818,0.5533946818343818,0.07341932761385461,-8.146771017791821e-07,0.07341932761385461,0.07341932761385461,0.07341932761385461,0.0,,,,,,,,,0.8698267055603495,0.49400692236808186,0.2440428393475908,True,True,0.0,0.0,0.0,True,8.146771017791821e-07,0.0,True,0.0,True,0.0,0.0,True,True,4,fruit,date-lex-3,8.881784197001252e-16,True,1.0,True,3,3,0.5533946818343818,0.07341932761385461,0.0,0.0,True,True,True,1.0,ok,True,True,True,True,True,True,40.33957036246396,False,fruit,1,0.8445020722251246,1.0,1.0,1.0,1.0,1.0,True,True,True,True,True,True,True,True,date,0
5.4494671776285367e-05,8.972344422252008e-05,8.509383053289594e-05,0.005302638257404496,0.0038080507678522005,0.004809887925526477,0.9946428670708192,0.9961022257879253,0.9951050182439406,72,0.00439453125,True,True,True,-4.577856828785505,fruit,0.548864159812343,0.548864159812343,35.25478278666882,35.25478278666882,0.6657403664029596,0.6657403664029596,3.522877244623471e-05,3.059915875661057e-05,-0.0014945874895522957,-0.0004927503318780191,0.0014593587171061184,0.00046215117312142784,0.0,-0.2865338960154684,-0.05297756120981134,0.23355633480565796,0.0,-0.2865338960154684,0.0,1.447422026632191,1.1787881242988787,0.5698962194703832,0.34047252200169,0.8775258071618204,0.8383156022971967,0.32010006847713385,0.11879044492772875,0.6233765510871601,0.5872414999926372,0.9418416947722754,0.9403642074483827,0.06431588761046747,0.10204860515119307,0.8775258071618204,0.8383156022971967,0.32010006847713385,0.11879044492772875,0.6233765510871601,0.5872414999926372,0.49862916616831754,0.49862916616831754,0.4456516049585062,-2.9918936839123944e-07,0.4456516049585062,0.4456516049585062,0.4456516049585062,0.0,-0.3310870323862458,-0.3310870323862458,-0.09753069758058874,-4.4934149556752345e-07,-0.09753069758058874,-0.09753069758058874,-0.09753069758058874,0.0,a_to_b,0.49862916616831754,0.4456516049585062,-0.3310870323862458,-0.09753069758058786,calendar,1,0.8297161985545634,0.8297161985545634,0.5431823025390949,1.50152127176284e-07,0.5431823025390949,0.5431823025390949,0.5431823025390949,0.0,,,,,,,,,0.8392634254659114,0.544117482017778,0.29606383423737326,True,True,0.0,0.0,0.0,True,1.50152127176284e-07,0.0,True,0.0,True,0.0,0.0,True,True,8,fruit,date-lex-3,8.881784197001252e-16,True,1.0,True,3,3,0.8297161985545634,0.543182302539094,0.0,8.881784197001252e-16,True,True,True,1.0,ok,True,True,True,True,True,True,52.955753572752094,False,fruit,1,0.8186011031823492,1.0,1.0,1.0,1.0,1.0,True,True,True,True,True,True,True,True,date,0
5.4494671776285367e-05,5.7977743538357014e-05,7.561120197388731e-05,0.005302638257404496,0.0015882592524640972,0.004155953279934933,0.9946428670708192,0.9983537630039976,0.9957684355180912,154,0.0093994140625,True,True,True,-4.577856828785505,fruit,0.6013400693388592,0.6013400693388592,46.384343189076034,46.384343189076034,0.739928274721879,0.739928274721879,3.4830717620716476e-06,2.1116530197601947e-05,-0.003714379004940399,-0.001146684977469563,0.0037108959331784153,0.001125568447272074,0.0,-0.6963579831991495,0.26554524166141036,0.9619032248605572,0.0,-0.6963579831991495,0.0,1.6435778834763628,1.2879856161071626,0.0398718436038088,0.23996047470877357,1.60370603987257,1.0480251413983837,0.8627437218812986,0.26467932915656417,0.7664670441205765,0.7205429733424333,0.9622639372347415,1.0568395152566659,-0.6414421026378125,0.00881437385827688,1.60370603987257,1.0480251413983837,0.8627437218812986,0.26467932915656417,0.7664670441205765,0.7205429733424333,0.061956273488037894,0.061956273488037894,0.3275015151494465,-1.7861934136220725e-06,0.3275015151494465,0.3275015151494465,0.3275015151494465,0.0,-1.2055658744013167,-1.2055658744013167,-0.24366264954075856,-1.5909726425178405e-06,-0.24366264954075856,-0.24366264954075856,-0.24366264954075856,0.0,a_to_b,0.061956273488037894,0.32750151514944825,-1.2055658744013167,-0.24366264954075945,calendar,1,1.2675221478893546,1.2675221478893546,0.571164164690205,-1.9522077110423197e-07,0.571164164690205,0.571164164690205,0.571164164690205,0.0,,,,,,,,,0.8964917663679872,0.4436173499544593,0.19679635318062028,True,True,0.0,0.0,0.0,True,1.9522077110423197e-07,0.0,True,0.0,True,0.0,0.0,True,True,12,fruit,date-lex-3,8.881784197001252e-16,True,1.0,True,3,3,1.2675221478893546,0.5711641646902077,0.0,-2.6645352591003757e-15,True,True,True,1.0,ok,True,True,True,True,True,True,62.68762091367677,False,fruit,1,0.8742692474690472,1.0,1.0,1.0,1.0,1.0,True,True,True,True,True,True,True,True,date,0
1.2449341276527481e-06,1.419029440606209e-06,1.5476370127217007e-06,0.00010206813760919039,0.00012529839201548835,0.00010986249397334222,0.9998966869282632,0.9998732825785439,0.9998885898690139,63,0.00384521484375,True,True,True,-4.406557987036377,calendar,0.5028664620439781,0.5028664620439781,26.914440569534484,26.914440569534484,0.6671970060092266,0.6671970060092266,1.7409531295346083e-07,3.0270288506895257e-07,2.323025440629797e-05,7.794356364151838e-06,-2.34043497192582e-05,-8.097059249312366e-06,0.0,0.21822461407882265,0.08675611437024777,-0.13146849970857488,0.0,0.21822461407882265,0.0,1.7617237885098118,0.3257691034812358,0.2822829045593114,0.29540614108528374,1.4794408839505007,0.03036296239593561,0.0026116142642875987,0.000700426947687472,1.1798663669926135,0.12582693111479495,1.3438169665260498,0.20061754890744488,-0.1356239174244518,0.1702545865114935,1.4794408839505007,0.03036296239593561,0.0026116142642875987,0.000700426947687472,1.1798663669926135,0.12582693111479495,0.13089052639377385,0.13089052639377385,0.21764664076402163,3.6776512146730056e-07,0.21764664076402163,0.21764664076402163,0.21764664076402163,0.0,0.2050574227055435,0.2050574227055435,0.07358892299696862,9.219127772297497e-07,0.07358892299696862,0.07358892299696862,0.07358892299696862,0.0,b_to_a,0.13089052639377385,0.21764664076402163,0.2050574227055435,0.07358892299696862,fruit,1,-0.07416689631176965,-0.07416689631176965,0.144057717767053,-5.541476557624492e-07,0.144057717767053,0.144057717767053,0.144057717767053,0.0,,,,,,,,,0.8490813826509157,0.5301951504696214,0.28110689758151175,True,True,0.0,0.0,0.0,True,5.541476557624492e-07,0.0,True,0.0,True,0.0,0.0,True,True,4,calendar,date-lex-3,0.0,True,1.0,True,3,3,-0.07416689631176965,0.144057717767053,0.0,0.0,True,True,True,1.0,ok,True,True,True,True,True,True,40.33957036246396,False,calendar,1,0.8038476347860195,1.0,0.0,1.0,0.0,1.0,True,True,True,True,True,True,True,True,date,0
1.2449341276527481e-06,7.333219314365827e-07,9.665411323044826e-07,0.00010206813760919039,8.837754723327746e-05,8.532725114815387e-05,0.9998966869282632,0.9999108891308354,0.9999137062077195,70,0.0042724609375,True,True,True,-4.406557987036377,calendar,0.548864159812343,0.548864159812343,35.25478278666882,35.25478278666882,0.6657403664029596,0.6657403664029596,-5.116121962161654e-07,-2.783929953482655e-07,-1.3690590375912924e-05,-1.6740886461036512e-05,1.4202202572199951e-05,1.7019279456298442e-05,0.0,0.31126312236890286,0.2761390532238135,-0.03512406914509114,0.0,0.31126312236890286,0.0,-0.5234882986639491,-0.5126033302609083,-0.28542635185871923,-0.11466367775165054,-0.23806194680524406,-0.39793965250927776,0.004615897254032624,0.0018446832873699735,0.44344994792540454,0.43833937385286403,-0.5293146889087159,-0.4293902578871067,-0.2912527421034863,-0.03145060537784872,-0.23806194680524406,-0.39793965250927776,0.004615897254032624,0.0018446832873699735,0.44344994792540454,0.43833937385286403,-0.5292530954667836,-0.5292530954667836,-0.25311404224297007,-1.8092342024544905e-07,-0.25311404224297007,-0.25311404224297007,-0.25311404224297007,0.0,-0.14402265922868196,-0.14402265922868196,-0.17914672837377132,-1.201445698484349e-07,-0.17914672837377132,-0.17914672837377132,-0.17914672837377132,0.0,b_to_a,-0.5292530954667836,-0.25311404224297007,-0.14402265922868018,-0.17914672837377132,fruit,1,-0.3852304362381016,-0.3852304362381016,-0.07396731386919875,-6.077885039701414e-08,-0.07396731386919875,-0.07396731386919875,-0.07396731386919875,0.0,,,,,,,,,0.821222815124295,0.5723043144947254,0.32753222838928453,True,True,0.0,0.0,0.0,True,6.077885039701414e-08,0.0,True,0.0,True,0.0,0.0,True,True,8,calendar,date-lex-3,0.0,True,1.0,True,3,3,-0.3852304362381034,-0.07396731386919875,1.7763568394002505e-15,0.0,True,True,True,1.0,ok,True,True,True,True,True,True,52.955753572752094,False,calendar,1,0.7771871424263814,1.0,1.0,1.0,1.0,1.0,True,True,True,True,True,True,True,True,date,0
1.2449341276527481e-06,1.2678719969028956e-06,1.2706665130555157e-06,0.00010206813760919039,0.0001274640855236983,0.0001324861537968951,0.9998966869282632,0.9998712680424794,0.9998662431796901,171,0.01043701171875,True,True,True,-4.406557987036377,calendar,0.6013400693388592,0.6013400693388592,46.384343189076034,46.384343189076034,0.739928274721879,0.739928274721879,2.2937869250147535e-08,2.5732385402767636e-08,2.539594791450791e-05,3.041801618770472e-05,-2.5418885783778933e-05,-3.0443748573083518e-05,0.0,-0.036441823439172794,0.0022016741290276087,0.038643497568198626,0.0,-0.036441823439172794,0.0,0.3998400487065892,-0.2761578008550045,0.1386164566671919,0.1230256808014385,0.2612235920393857,-0.399183481656479,0.004541200595141048,0.0017228391992987115,0.43592907811161213,0.24083989658983027,0.2530644476221777,-0.3058586081486665,-0.008159144417220432,0.09332487350777718,0.2612235920393857,-0.399183481656479,0.004541200595141048,0.0017228391992987115,0.43592907811161213,0.24083989658983027,0.01825728310356034,0.01825728310356034,0.02045895723258795,4.050520452381079e-08,0.02045895723258795,0.02045895723258795,0.02045895723258795,0.0,0.2221940367141091,0.2221940367141091,0.2608375342823095,4.908510913281816e-07,0.2608375342823095,0.2608375342823095,0.2608375342823095,0.0,b_to_a,0.01825728310356034,0.02045895723258795,0.2221940367141091,0.2608375342823077,fruit,1,-0.20393675361054875,-0.20393675361054875,-0.24037857704972154,-4.503458868043708e-07,-0.24037857704972154,-0.24037857704972154,-0.24037857704972154,0.0,,,,,,,,,0.8993809244979912,0.43739076724386,0.1913106832701755,True,True,0.0,0.0,0.0,True,4.503458868043708e-07,0.0,True,0.0,True,0.0,0.0,True,True,12,calendar,date-lex-3,0.0,True,1.0,True,3,3,-0.20393675361054875,-0.24037857704971977,0.0,-1.7763568394002505e-15,True,True,True,1.0,ok,True,True,True,True,True,True,62.68762091367677,False,calendar,1,0.8853548551612965,1.0,1.0,1.0,1.0,1.0,True,True,True,True,True,True,True,True,date,0
