P_E_base,P_E_patch_A,P_E_patch_C,P_O_base,P_O_patch_A,P_O_patch_C,P_rest_base,P_rest_patch_A,P_rest_patch_C,active_latent_count,active_latent_frac,aligned_spans,all_arms_success,analysis_included,base_margin,base_pred,clt_delta_cosine_raw_C,clt_delta_cosine_raw_D,clt_delta_norm_C,clt_delta_norm_D,clt_delta_norm_ratio_C,clt_delta_norm_ratio_D,dPE_A,dPE_C,dPO_A,dPO_C,dPrest_A,dPrest_C,d_BA,d_CA,d_CA_logPE,d_CA_logPO,d_CCp,d_DA,d_DDp,decomp_exp_delta_logit_target_mean_A,decomp_exp_delta_logit_target_mean_C,decomp_exp_delta_logprob_target_mean_A,decomp_exp_delta_logprob_target_mean_C,decomp_exp_delta_logz_mean_A,decomp_exp_delta_logz_mean_C,decomp_exp_kl_base_to_patch_mean_A,decomp_exp_kl_base_to_patch_mean_C,decomp_exp_rms_logit_change_mean_A,decomp_exp_rms_logit_change_mean_C,decomp_other_delta_logit_target_mean_A,decomp_other_delta_logit_target_mean_C,decomp_other_delta_logprob_target_mean_A,decomp_other_delta_logprob_target_mean_C,decomp_other_delta_logz_mean_A,decomp_other_delta_logz_mean_C,decomp_other_kl_base_to_patch_mean_A,decomp_other_kl_base_to_patch_mean_C,decomp_other_rms_logit_change_mean_A,decomp_other_rms_logit_change_mean_C,delta_score_exp_A,delta_score_exp_B,delta_score_exp_C,delta_score_exp_CI,delta_score_exp_Cp,delta_score_exp_D,delta_score_exp_Dp,delta_score_exp_RI,delta_score_other_A,delta_score_other_B,delta_score_other_C,delta_score_other_CI,delta_score_other_Cp,delta_score_other_D,delta_score_other_Dp,delta_score_other_RI,direction,dlogPE_A,dlogPE_C,dlogPO_A,dlogPO_C,donor_expected_label,donor_span_len,effect_A,effect_B,effect_C,effect_CI,effect_Cp,effect_D,effect_Dp,effect_RI,error_A,error_B,error_C,error_CI,error_Cp,error_D,error_Dp,error_RI,fidelity_cosine,fidelity_rel_l2,fidelity_rel_mse,fidelity_rel_mse_warn,gate_activation_pass,gate_activation_ratio,gate_clt_effect_abs_diff_C,gate_clt_effect_abs_diff_D,gate_clt_equiv_pass,gate_identity_abs_effect_clt,gate_identity_abs_effect_raw,gate_identity_pass,gate_margin_abs_diff,gate_margin_pass,gate_score_abs_diff_exp,gate_score_abs_diff_other,gate_score_pass,invariant_all_pass,layer,other_label,pair_id,primary_base_logodds_residual,primary_cancellation_pass,primary_cancellation_pass_flag,primary_candidate_count_equal,primary_candidate_count_expected,primary_candidate_count_other,primary_delta_m_from_logodds_A,primary_delta_m_from_logodds_C,primary_delta_m_residual_A,primary_delta_m_residual_C,primary_expected_all_single,primary_labels_binary,primary_logodds_applicable,primary_logodds_applicable_flag,primary_logodds_reason,primary_no_duplicates_expected,primary_no_duplicates_other,primary_other_all_single,primary_same_scored_position,primary_static_applicable,primary_token_sets_disjoint,raw_delta_norm,raw_delta_norm_small,receiver_expected_label,receiver_span_len,recon_norm_ratio,sign_agree_BA,sign_agree_CA,sign_agree_CCp,sign_agree_DA,sign_agree_DDp,success_A,success_B,success_C,success_CI,success_Cp,success_D,success_Dp,success_RI,target,target_occurrence
0.00012650683115125158,0.00016886988293629893,0.00018711293649427806,0.020296217175414355,0.018860426092645183,0.02166420220866033,0.9795772759934345,0.9809707040244185,0.9781486848548454,45,0.00274658203125,True,True,True,-5.077893493721368,river,0.4497343260570847,0.4497343260570847,22.130306243896484,22.130306243896484,0.589636400540268,0.589636400540268,4.236305178504735e-05,6.060610534302648e-05,-0.0014357910827691722,0.001367985033245974,0.0013934280309840785,-0.0014285911385890637,1.0675290198491894e-06,-0.03601148309009883,0.10258387810327818,0.138595361193377,0.0,-0.03601518008122451,8.34058945375915e-06,-0.4155611991882324,0.11588811874389648,0.4430022798676987,0.39425830112249294,-0.8585634790559276,-0.27837018237860356,0.012564177826772658,0.015096101124337478,0.4812440999064727,0.20839336887969526,-0.8758888244628906,-0.0812063217163086,-0.017325345406960402,0.19716386066228786,-0.8585634790559276,-0.27837018237860356,0.012564177826772658,0.015096101124337478,0.4812440999064727,0.20839336887969526,0.2888321870207111,0.28883416618285374,0.3914160651239893,0.0,0.3914160651239893,0.39141551538312847,0.39141154702004677,0.0,-0.07336865329535058,-0.07336774166222781,0.06522670789802643,0.0,0.06522670789802643,0.06522985514829127,0.06523422737466333,0.0,a_to_b,0.2888321870207111,0.3914160651239893,-0.07336865329535014,0.06522670789802687,finance,1,0.3622008403160617,0.36220190784508155,0.3261893572259629,0.0,0.3261893572259629,0.3261856602348372,0.32617731964538343,0.0,,,,,,,,,0.8749514331671318,0.4860697352758415,0.2362637897868146,True,True,1.0640125734561955e-08,0.0,8.34058945375915e-06,True,0.0,0.0,True,1.0675290198491894e-06,True,1.9791621426179518e-06,9.116331227687624e-07,True,True,4,river,bank-lex-0,8.881784197001252e-16,True,1.0,True,3,3,0.36220084031606126,0.32618935722596243,4.440892098500626e-16,4.440892098500626e-16,True,True,True,1.0,ok,True,True,True,True,True,True,37.53212356567383,False,river,1,0.8324793556059152,1.0,1.0,1.0,1.0,1.0,True,True,True,True,True,True,True,True,bank,0
0.00012650683115125158,0.0001505750045455385,0.00016059831945693502,0.020296217175414355,0.02416235731057286,0.022973755654956636,0.9795772759934345,0.9756870676848817,0.9768656460255865,75,0.00457763671875,True,True,True,-5.077893493721368,river,0.5244847260988886,0.5244847844516968,27.751705169677734,27.751705169677734,0.7363105884620087,0.7363105884620087,2.4068173394286912e-05,3.409148830568344e-05,0.0038661401351585065,0.002677538479542281,-0.0038902083085528005,-0.002711629967848017,7.283966956705967e-06,0.1148884413492981,0.0644450081866772,-0.05044343316262312,0.0,0.11488995187285145,-4.5508218988743465e-06,0.8332533836364746,0.8041558265686035,0.31616320800722875,0.5168865204451869,0.5170901756292423,0.2872693061234095,0.027459196412885356,0.015098379586804375,0.5471541484197586,0.3428189370946078,0.6389408111572266,0.2500152587890625,0.12185063552797981,-0.037254047334353224,0.5170901756292423,0.2872693061234095,0.027459196412885356,0.015098379586804375,0.5471541484197586,0.3428189370946078,0.17416502121242772,0.17415923384016452,0.23861002939910314,0.0,0.23861002939910314,0.2386094684412985,0.23859695677519888,0.0,0.17436141646428993,0.17434834512507003,0.12391798330166726,0.0,0.12391798330166726,0.12391591182030925,0.12389884933231077,0.0,a_to_b,0.17416502121242594,0.23861002939910314,0.17436141646429038,0.12391798330166726,finance,1,-0.00019639525186221363,-0.00018911128490550766,0.11469204609743588,0.0,0.11469204609743588,0.11469355662098923,0.11469810744288811,0.0,,,,,,,,,0.8188396138919889,0.5742649142220985,0.3297801776753178,True,True,9.087393467348938e-09,0.0,4.5508218988743465e-06,True,0.0,0.0,True,7.283966956705967e-06,True,5.787372263199586e-06,1.3071339219905553e-05,True,True,8,river,bank-lex-0,8.881784197001252e-16,True,1.0,True,3,3,-0.00019639525186443407,0.11469204609743588,2.220446049250313e-15,0.0,True,True,True,1.0,ok,True,True,True,True,True,True,37.690216064453125,False,river,1,0.8355290238739587,1.0,0.0,1.0,0.0,1.0,True,True,True,True,True,True,True,True,bank,0
0.00012650683115125158,0.00013576189564288026,0.00011894162481792509,0.020296217175414355,0.022084779901331522,0.01936855123671233,0.9795772759934345,0.9777794582030256,0.9805125071384697,168,0.01025390625,True,True,True,-5.077893493721368,river,0.6475571231682283,0.6475571231682283,43.454132080078125,43.454132080078125,0.8380084553867558,0.8380084553867558,9.255064491628677e-06,-7.565206333326496e-06,0.0017885627259171671,-0.0009276659387020235,-0.0017978177904088843,0.0009352311450352424,-1.223666414773561e-05,-0.0010317604366827382,-0.13226975901491045,-0.1312379985782286,0.0,-0.0010329386628065151,-9.369650057600154e-06,0.4645843505859375,0.4546809196472168,0.1140161159233255,0.12105459857153278,0.35056823466261733,0.333626321075684,0.020744191870811862,0.008706722906051248,0.4355735766971495,0.42692566933252174,0.3615074157714844,0.31787681579589844,0.010939181108871487,-0.01574950527978558,0.35056823466261733,0.333626321075684,0.020744191870811862,0.008706722906051248,0.4355735766971495,0.42692566933252174,0.07060627611477521,0.07060705746447837,-0.061663482900135236,0.0,-0.061663482900135236,-0.061667326654594845,-0.06165693361064584,0.0,0.08445415637436149,0.08446717438821238,-0.04678384220386622,0.0,-0.04678384220386622,-0.046786507732202054,-0.046785484338310646,0.0,a_to_b,0.07060627611477521,-0.061663482900135236,0.08445415637436149,-0.04678384220386711,finance,1,-0.013847880259586276,-0.013860116923734012,-0.014879640696269014,0.0,-0.014879640696269014,-0.014880818922392791,-0.014871449272335191,0.0,,,,,,,,,0.9080665791688063,0.41921832773491635,0.17574391922653518,True,True,8.653281820827106e-09,0.0,9.369650057600154e-06,True,0.0,0.0,True,1.223666414773561e-05,True,7.813497031605721e-07,1.3018013850896182e-05,True,True,12,river,bank-lex-0,8.881784197001252e-16,True,1.0,True,3,3,-0.013847880259586276,-0.014879640696268126,0.0,-8.881784197001252e-16,True,True,True,1.0,ok,True,True,True,True,True,True,51.85404968261719,False,river,1,0.8899411184035553,1.0,1.0,1.0,1.0,1.0,True,True,True,True,True,True,True,True,bank,0
9.610374369454927e-05,0.00011275494871960343,5.094300672000933e-05,0.00029752868090888334,0.00022859469714731144,0.0002117180885971633,0.9996063675753966,0.999658650354133,0.9997373389046827,48,0.0029296875,True,True,True,-1.1300823552990202,finance,0.4497343260570847,0.4497343260570847,22.130306243896484,22.130306243896484,0.589636400540268,0.589636400540268,1.6651205025054158e-05,-4.516073697453994e-05,-6.89339837615719e-05,-8.581059231172004e-05,5.2282778736478797e-05,0.00013097132928618915,6.325605458101791e-06,-0.7178144409213747,-0.7945093759579738,-0.07669493503659908,0.0,-0.7178231824503385,-1.744645072676576e-05,0.3490867614746094,-0.4379901885986328,0.10454508087468994,-0.6742849389512848,0.24454168059991943,0.23629475035266267,0.0325078125141284,0.030045637674048418,0.542970710538966,0.46097128387802955,0.13748741149902344,0.17348194122314453,-0.107054269100896,-0.06281280912950749,0.24454168059991943,0.23629475035266267,0.0325078125141284,0.030045637674048418,0.542970710538966,0.46097128387802955,0.15978859704628157,0.15978263997897812,-0.634720778911694,0.0,-0.634720778911694,-0.6347515754745228,-0.6347388022459768,0.0,-0.26356007274452153,-0.2635723554172831,-0.3402550077811224,0.0,-0.3402550077811224,-0.3402770628149874,-0.34028173603716816,0.0,b_to_a,0.1597885970462798,-0.634720778911694,-0.2635600727445233,-0.3402550077811224,river,1,0.4233486697908031,0.4233549953962612,-0.2944657711305716,0.0,-0.2944657711305716,-0.2944745126595354,-0.2944570662088086,0.0,,,,,,,,,0.8877548953375902,0.4614839054932333,0.21296734968613593,True,True,1.0195817395326326e-08,0.0,1.744645072676576e-05,True,0.0,0.0,True,6.325605458101791e-06,True,5.957067303441477e-06,1.2282672761543267e-05,True,True,4,finance,bank-lex-0,0.0,True,1.0,True,3,3,0.4233486697908031,-0.2944657711305716,0.0,0.0,True,True,True,1.0,ok,True,True,True,True,True,True,37.53212356567383,False,finance,1,0.8549539616864057,1.0,0.0,1.0,0.0,1.0,True,True,True,True,True,True,True,True,bank,0
9.610374369454927e-05,0.00010605457196758809,0.00012000686688223774,0.00029752868090888334,0.00021100950423866686,0.00025687374397464363,0.9996063675753966,0.9996829359237938,0.9996231193891432,56,0.00341796875,True,True,True,-1.1300823552990202,finance,0.5244847260988886,0.5244847260988886,27.751705169677734,27.751705169677734,0.7363105884620087,0.7363105884620087,9.950828273038817e-06,2.3903123187688462e-05,-8.651917667021648e-05,-4.0654936934239713e-05,7.656834839719906e-05,1.675181374660717e-05,1.035980748653742e-05,-0.07308634570742001,0.12359517364792438,0.1966815193553444,0.0,-0.07307542179475313,-2.7928207124716664e-06,0.44743919372558594,0.9605922698974609,0.07153268146827685,0.5100831677059734,0.37590651225730554,0.4505091021915071,0.03825370338280915,0.008157167054218002,0.4250026550464627,0.36152761762680374,-0.025503158569335938,-0.07405757904052734,-0.401409670826645,-0.5245666812320149,0.37590651225730554,0.4505091021915071,0.03825370338280915,0.008157167054218002,0.4250026550464627,0.36152761762680374,0.0985255200592583,0.09852799410274393,0.22212069370718446,0.0,0.22212069370718446,0.22215349759179936,0.22213996428870786,0.0,-0.34360745050852337,-0.3436153362725243,-0.1469259311531772,0.0,-0.1469259311531772,-0.14690405118122918,-0.14692037730503316,0.0,b_to_a,0.0985255200592583,0.22212069370718268,-0.34360745050852337,-0.14692593115317898,river,1,0.44213297056778167,0.4421433303752682,0.36904662486036166,0.0,0.36904662486036166,0.36905754877302854,0.369060341593741,0.0,,,,,,,,,0.8116084180270373,0.5843753663228682,0.3414945475022335,True,True,8.072119276602058e-09,0.0,2.7928207124716664e-06,True,0.0,0.0,True,1.035980748653742e-05,True,2.47404348563407e-06,7.88576400090335e-06,True,True,8,finance,bank-lex-0,0.0,True,1.0,True,3,3,0.44213297056778167,0.36904662486036166,0.0,0.0,True,True,True,1.0,ok,True,True,True,True,True,True,37.690216064453125,False,finance,1,0.7973688222470335,1.0,1.0,1.0,1.0,1.0,True,True,True,True,True,True,True,True,bank,0
9.610374369454927e-05,8.928258803402394e-05,7.838114202326368e-05,0.00029752868090888334,0.00020192336392376543,0.0002042455240102936,0.9996063675753966,0.9997087940480422,0.9997173733339664,140,0.008544921875,True,True,True,-1.1300823552990202,finance,0.6475571231682283,0.6475570663212945,43.454132080078125,43.45413589477539,0.8380084553867558,0.8380085289527991,-6.82115566052533e-06,-1.7722601671285593e-05,-9.560531698511791e-05,-9.328315689858974e-05,0.00010242647264568916,0.00011100575856981543,-4.1925537583864525e-06,-0.14165770337341144,-0.1302231230436277,0.011434580329781951,0.0,-0.14165718292901985,3.266105721877466e-06,0.6304159164428711,0.12273311614990234,0.0067877842545147615,-0.04508225001377042,0.6236281321883368,0.16781536616364434,0.07439259059989321,0.03957430285878614,0.46755811280085613,0.412550693136737,0.32427978515625,-0.4549589157104492,-0.29934834703210633,-0.622774281874122,0.6236281321883368,0.16781536616364434,0.07439259059989321,0.03957430285878614,0.46755811280085613,0.412550693136737,-0.07362178540712883,-0.07362222923457118,-0.20384490845075653,0.0,-0.20384490845075653,-0.20386517122915393,-0.20386230179213705,0.0,-0.38762238785538017,-0.38761863912906414,-0.37618780752559644,0.0,-0.37618780752559644,-0.3762085907483854,-0.37620245520564666,0.0,b_to_a,-0.07362178540712705,-0.20384490845075476,-0.3876223878553784,-0.37618780752559644,river,1,0.31400060244825134,0.31399640989449296,0.1723428990748399,0.0,0.1723428990748399,0.1723434195192315,0.1723401534135096,0.0,,,,,,,,,0.8984205440313231,0.4394331479442424,0.19310151661854916,True,True,7.677461225201663e-09,0.0,3.266105721877466e-06,True,0.0,0.0,True,4.1925537583864525e-06,True,4.438274423534949e-07,3.7487263160329576e-06,True,True,12,finance,bank-lex-0,0.0,True,1.0,True,3,3,0.31400060244825134,0.17234289907484168,0.0,-1.7763568394002505e-15,True,True,True,1.0,ok,True,True,True,True,True,True,51.85404968261719,False,finance,1,0.8822605040417284,1.0,1.0,1.0,1.0,1.0,True,True,True,True,True,True,True,True,bank,0
5.7263466836757454e-05,9.985025069120479e-05,7.445405522617905e-05,0.06858952986581644,0.08627753999964637,0.062147669530468394,0.9313532066673468,0.9136226097496624,0.9377778764143054,51,0.00311279296875,True,True,True,-7.088232332840639,river,0.4563823872010459,0.4563823872010459,21.020416259765625,21.020416259765625,0.5739900859613897,0.5739900859613897,4.2586783854447335e-05,1.7190588389421593e-05,0.017688010133829923,-0.006441860335348049,-0.017730596917684416,0.0064246697469586556,4.6407642004808736e-06,0.03456664576574742,-0.29348934376748836,-0.32805598953323845,0.0,0.03455536519949387,-9.032905597727847e-06,0.9519205093383789,1.0012998580932617,1.0471598233407153,0.8258807472743417,-0.09523931400234531,0.17541911081892891,0.04116117257220068,0.010131127355721309,0.39284713949048494,0.20866359883692612,0.46392822265625,0.14340972900390625,0.5591675366585855,-0.032009381815012894,-0.09523931400234531,0.17541911081892891,0.04116117257220068,0.010131127355721309,0.39284713949048494,0.20866359883692612,0.5560087271746479,0.5560037693626949,0.26251938340715775,0.0,0.26251938340715775,0.2625081112656762,0.2625059502716205,0.0,0.22942941206781864,0.22941981349166518,-0.09862657746541892,0.0,-0.09862657746541892,-0.09862656904064693,-0.09863776294030036,0.0,a_to_b,0.5560087271746443,0.26251938340715597,0.22942941206781908,-0.09862657746541936,finance,1,0.32657931510682925,0.32658395587102973,0.36114596087257667,0.0,0.36114596087257667,0.3611346803063231,0.36114371321192085,0.0,,,,,,,,,0.895803904901938,0.44567526211711667,0.1986265510236371,True,True,1.0105524868227263e-08,0.0,9.032905597727847e-06,True,0.0,0.0,True,4.6407642004808736e-06,True,4.957811952976954e-06,9.598576153457827e-06,True,True,4,river,bank-lex-1,-8.881784197001252e-16,True,1.0,True,3,3,0.32657931510682525,0.36114596087257533,3.9968028886505635e-15,1.3322676295501878e-15,True,True,True,1.0,ok,True,True,True,True,True,True,36.62156677246094,False,river,1,0.8627675019592915,1.0,1.0,1.0,1.0,1.0,True,True,True,True,True,True,True,True,bank,0
5.7263466836757454e-05,0.00010877704973616983,6.197555125464161e-05,0.06858952986581644,0.10630673450440342,0.09274569083589382,0.9313532066673468,0.8935844884458604,0.9071923336128516,53,0.00323486328125,True,True,True,-7.088232332840639,river,0.4093970415577695,0.409397082861725,18.905282974243164,18.90528106689453,0.5217415357787639,0.5217414831404085,5.151358289941238e-05,4.71208441788416e-06,0.03771720463858698,0.024156160970077376,-0.03776871822148642,-0.024160873054495213,-8.38353389820412e-06,-0.4260930028931984,-0.5625603995737762,-0.13646739668057783,0.0,-0.4260731225065113,-1.1143356886123001e-06,1.2355775833129883,0.5378046035766602,1.2752561391137078,0.38973439686195377,-0.039678555800712445,0.1480702067147135,0.10696769068308107,0.03958532663815483,0.4527605850393097,0.30941731268916683,0.7650976181030273,0.6836566925048828,0.8047761739037465,0.5355864857901755,-0.039678555800712445,0.1480702067147135,0.10696769068308107,0.03958532663815483,0.4527605850393097,0.30941731268916683,0.6416375288838871,0.641621108440873,0.0790771293101109,0.0,0.0790771293101109,0.07908955198373668,0.07908663743138789,0.0,0.4381887398778668,0.4381807029687508,0.30172134319728894,0.0,0.30172134319728894,0.3017138854842276,0.3017098565961902,0.0,a_to_b,0.6416375288838854,0.07907712931010913,0.4381887398778672,0.3017213431972894,finance,1,0.20344878900602037,0.20344040547212217,-0.22264421388717803,0.0,-0.22264421388717803,-0.22262433350049093,-0.22262321916480232,0.0,,,,,,,,,0.8278627607507408,0.5611254816182398,0.3148616348781554,True,True,8.387116764397614e-09,0.0,1.1143356886123001e-06,True,0.0,0.0,True,8.38353389820412e-06,True,1.6420443014197872e-05,8.036909115993751e-06,True,True,8,river,bank-lex-1,-8.881784197001252e-16,True,1.0,True,3,3,0.20344878900601815,-0.22264421388718025,2.220446049250313e-15,2.220446049250313e-15,True,True,True,1.0,ok,True,True,True,True,True,True,36.23495864868164,False,river,1,0.8130879737936628,1.0,0.0,1.0,0.0,1.0,True,True,True,True,True,True,True,True,bank,0
5.7263466836757454e-05,6.267468162561275e-05,4.738134060039592e-05,0.06858952986581644,0.06707245118243141,0.060582377528881036,0.9313532066673468,0.932864874135943,0.9393702411305185,151,0.00921630859375,True,True,True,-7.088232332840639,river,0.6306549576534354,0.6306549576534354,37.79765319824219,37.79765319824219,0.8221820921904456,0.8221820921904456,5.411214788855301e-06,-9.882126236361531e-06,-0.0015170786833850342,-0.008007152336935407,0.0015116674685962117,0.008017034463171702,-5.385660386991731e-06,-0.17795972614495437,-0.27972907128680724,-0.10176934514185332,0.0,-0.1779591132861622,-4.110037146176637e-07,-0.33768749237060547,-1.3512296676635742,0.12690428470686044,-0.7441906505493936,-0.46459177707748367,-0.6070390171141788,0.015341052158238808,0.03133357592200101,0.39063666938086467,0.38164416139762625,-0.31038951873779297,-0.9090099334716797,0.15420225833967294,-0.30197091635749906,-0.46459177707748367,-0.6070390171141788,0.015341052158238808,0.03133357592200101,0.39063666938086467,0.38164416139762625,0.09029472090251467,0.09028318987247452,-0.18943435038429257,0.0,-0.18943435038429257,-0.18943445787339996,-0.1894203221329427,0.0,-0.022366501147396356,-0.02237264651704951,-0.12413584628924923,0.0,-0.12413584628924923,-0.12413656663714878,-0.12412284190040612,0.0,a_to_b,0.09029472090251289,-0.18943435038429435,-0.022366501147395912,-0.12413584628924923,finance,1,0.11266122204991103,0.11265583638952403,-0.06529850409504334,0.0,-0.06529850409504334,-0.06529789123625118,-0.06529748023253656,0.0,,,,,,,,,0.902169754396152,0.43192066983204297,0.18655539649035716,True,True,7.4251517777755155e-09,0.0,4.110037146176637e-07,True,0.0,0.0,True,5.385660386991731e-06,True,1.1531030040146106e-05,6.1453696531543756e-06,True,True,12,river,bank-lex-1,-8.881784197001252e-16,True,1.0,True,3,3,0.1126612220499088,-0.06529850409504512,2.220446049250313e-15,1.7763568394002505e-15,True,True,True,1.0,ok,True,True,True,True,True,True,45.97236251831055,False,river,1,0.8805895716739552,1.0,0.0,1.0,0.0,1.0,True,True,True,True,True,True,True,True,bank,0
0.0002500393318954337,0.00020441557893304446,0.00033189522331446915,0.004735777169342401,0.002745953426634547,0.002084667453386599,0.9950141834987623,0.9970496309944324,0.9975834373232989,53,0.00323486328125,True,True,True,-2.941282891995413,finance,0.4563823872010459,0.4563823872010459,21.020416259765625,21.020416259765625,0.5739900859613897,0.5739900859613897,-4.562375296238922e-05,8.185589141903546e-05,-0.0019898237427078544,-0.002651109715955802,0.002035447495670195,0.0025692538245366547,-3.7305931279263405e-05,0.7601832523947234,0.4846642533832686,-0.27551899901145394,0.0,0.7601710354992379,2.1238937559786564e-06,0.33271026611328125,0.47520923614501953,0.16635932741884396,0.2922452340921087,0.1663509386944355,0.18296400205288776,0.0713670458102644,0.13836402700994704,0.5334077204723964,0.3603104373921284,-0.3382997512817383,-0.6522026062011719,-0.5046506899761756,-0.8351666082540827,0.1663509386944355,0.18296400205288776,0.0713670458102644,0.13836402700994704,0.5334077204723964,0.3603104373921284,-0.20146315977214257,-0.20149349876588118,0.2832010936111278,0.0,0.2832010936111278,0.2832013394507893,0.2831987778474101,0.0,-0.5450174993196066,-0.545010532382066,-0.8205364983310597,0.0,-0.8205364983310597,-0.8205240355959127,-0.8205244733055359,0.0,b_to_a,-0.20146315977214257,0.283201093611126,-0.5450174993196066,-0.8205364983310606,river,1,0.34355433954746406,0.3435170336161848,1.1037375919421875,0.0,1.1037375919421875,1.103725375046702,1.103723251152946,0.0,,,,,,,,,0.9128986311563148,0.4085120674327433,0.16688212231372412,True,True,1.0203425988440373e-08,0.0,2.1238937559786564e-06,True,0.0,0.0,True,3.7305931279263405e-05,True,3.0338993738610043e-05,6.966937540653362e-06,True,True,4,finance,bank-lex-1,8.881784197001252e-16,True,1.0,True,3,3,0.34355433954746406,1.1037375919421866,0.0,8.881784197001252e-16,True,True,True,1.0,ok,True,True,True,True,True,True,36.62156677246094,False,finance,1,0.8966007046195273,1.0,1.0,1.0,1.0,1.0,True,True,True,True,True,True,True,True,bank,0
0.0002500393318954337,0.00021348826141073032,0.00018406766590290584,0.004735777169342401,0.00419750520684308,0.00392823353215881,0.9950141834987623,0.9955890065317462,0.9958876988019383,60,0.003662109375,True,True,True,-2.941282891995413,finance,0.4093970415577695,0.409397082861725,18.905282974243164,18.90528106689453,0.5217415357787639,0.5217414831404085,-3.655107048470337e-05,-6.597166599252785e-05,-0.0005382719624993215,-0.0008075436371835915,0.000574823032983951,0.0008735153031760312,1.5949316697572158e-05,-0.08197790148683115,-0.14827840999633146,-0.06630050850950209,0.0,-0.08196628429904962,5.648483533349236e-06,0.15822124481201172,-0.8680944442749023,0.15637583997877336,-0.5323730747268609,0.0018454048332436912,-0.3357213695480432,0.0977236735763564,0.038572908317799665,0.551663011597105,0.27746092066045486,0.25287437438964844,-0.4033088684082031,0.2510289695564101,-0.06758749886016169,0.0018454048332436912,-0.3357213695480432,0.0977236735763564,0.038572908317799665,0.551663011597105,0.27746092066045486,-0.1580363835949239,-0.15801673768985047,-0.30631479359125713,0.0,-0.30631479359125713,-0.3063089147389064,-0.3063127576825284,0.0,-0.1206554956508672,-0.12065179906249135,-0.18695600416036928,0.0,-0.18695600416036928,-0.1869617424958001,-0.18695993695588875,0.0,b_to_a,-0.15803638359492567,-0.30631479359125713,-0.12065549565086808,-0.18695600416037017,river,1,-0.037380887944056695,-0.03736493862735912,-0.11935878943088785,0.0,-0.11935878943088785,-0.11934717224310631,-0.11935282072663966,0.0,,,,,,,,,0.8149028096259188,0.5800887538849469,0.33650293166003226,True,True,9.118380064027483e-09,0.0,5.648483533349236e-06,True,0.0,0.0,True,1.5949316697572158e-05,True,1.964590507341768e-05,3.696588375845522e-06,True,True,8,finance,bank-lex-1,8.881784197001252e-16,True,1.0,True,3,3,-0.037380887944057584,-0.11935878943088696,8.881784197001252e-16,-8.881784197001252e-16,True,True,True,1.0,ok,True,True,True,True,True,True,36.23495864868164,False,finance,1,0.7910401256676594,1.0,1.0,1.0,1.0,1.0,True,True,True,True,True,True,True,True,bank,0
0.0002500393318954337,0.00019039266479650826,0.00016736203362093037,0.004735777169342401,0.004419957844063115,0.005200807469841369,0.9950141834987623,0.9953896494911404,0.9946318304965377,155,0.00946044921875,True,True,True,-2.941282891995413,finance,0.6306549576534354,0.6306549576534354,37.79765319824219,37.79765319824219,0.8221820921904456,0.8221820921904456,-5.964666709892542e-05,-8.267729827450332e-05,-0.0003158193252792863,0.0004650303004989677,0.0003754659923781434,-0.0003823530022245558,-8.917812131414848e-06,-0.29161300209954266,-0.12892926440730612,0.16268373769223654,0.0,-0.29161533918938787,4.896780518848232e-06,0.7092275619506836,0.5913667678833008,0.16869632836748139,0.1959231465193021,0.5405312335832235,0.3954436213640129,0.35392753228467244,0.266154907975969,0.6085059506125574,0.6358620541981471,0.9028148651123047,0.9922771453857422,0.3622836315291025,0.5968335240217444,0.5405312335832235,0.3954436213640129,0.35392753228467244,0.266154907975969,0.6085059506125574,0.6358620541981471,-0.27252963668256847,-0.2725079888819213,-0.4014589010898746,0.0,-0.4014589010898746,-0.40146053248475866,-0.4014527996481636,0.0,-0.06901568758072862,-0.06898512196795004,0.09366805011150792,0.0,0.09366805011150792,0.09366875580646905,0.09368138542358295,0.0,b_to_a,-0.27252963668256847,-0.4014589010898746,-0.06901568758072862,0.09366805011150792,river,1,-0.20351394910183984,-0.20352286691397126,-0.4951269512013825,0.0,-0.4951269512013825,-0.4951292882912277,-0.49513418507174656,0.0,,,,,,,,,0.9045202106293845,0.4269222492178964,0.1822626591848044,True,True,6.7842716975695435e-09,0.0,4.896780518848232e-06,True,0.0,0.0,True,8.917812131414848e-06,True,2.16478006471732e-05,3.056561277858805e-05,True,True,12,finance,bank-lex-1,8.881784197001252e-16,True,1.0,True,3,3,-0.20351394910183984,-0.4951269512013825,0.0,0.0,True,True,True,1.0,ok,True,True,True,True,True,True,45.97236251831055,False,finance,1,0.8840399383613808,1.0,1.0,1.0,1.0,1.0,True,True,True,True,True,True,True,True,bank,0
1.4954399903522082e-05,4.685024506362673e-06,1.4061951639064212e-05,0.0036504476775706127,0.0031127155258073784,0.0033588513768104374,0.9963345979225259,0.9968825994496863,0.9966270866715504,53,0.00323486328125,True,True,True,-5.497599525980167,river,0.5199652498854874,0.5199651944799365,24.780838012695312,24.780838012695312,0.5574490695721093,0.5574490695721093,-1.0269375397159409e-05,-8.924482644578703e-07,-0.0005377321517632343,-0.0002915963007601753,0.0005480015271603911,0.00029248874902454425,2.0667865836543342e-05,1.0229979794005946,1.0991015381583882,0.07610355875779629,0.0,1.0230210548676588,4.6729306166781726e-06,-1.5401005744934082,0.36435890197753906,-1.3419393353310145,-0.038286118318190177,-0.19816123916239192,0.40264502029575056,0.3001464210961722,0.028176697612587835,0.5517458559471017,0.2426173974168441,-1.0598382949829102,0.13247203826904297,-0.8616770558205156,-0.27017298202668716,-0.19816123916239192,0.40264502029575056,0.3001464210961722,0.028176697612587835,0.5517458559471017,0.2426173974168441,-1.160634417974002,-1.1605831889655445,-0.06153287981561206,0.0,-0.06153287981561206,-0.06150109209619714,-0.061505435370207806,0.0,-0.15935430682973806,-0.15932374568711705,-0.08325074807194266,0.0,-0.08325074807194266,-0.083242035819592,-0.08324170616298598,0.0,a_to_b,-1.160634417974002,-0.06153287981561384,-0.15935430682973983,-0.08325074807194355,finance,1,-1.001280111144264,-1.0012594432784274,0.021717868256330597,0.0,0.021717868256330597,0.021740943723394857,0.02173627079277818,0.0,,,,,,,,,0.8945575675735409,0.4482641271969446,0.20094069093365435,True,True,1.3919528106933165e-08,0.0,4.6729306166781726e-06,True,0.0,0.0,True,2.0667865836543342e-05,True,5.122900845755396e-05,3.056114262101062e-05,True,True,4,river,bank-lex-2,1.7763568394002505e-15,True,1.0,True,3,3,-1.0012801111442622,0.02171786825632971,-1.7763568394002505e-15,8.881784197001252e-16,True,True,True,1.0,ok,True,True,True,True,True,True,44.45399475097656,False,river,1,0.8602952328289731,1.0,0.0,1.0,0.0,1.0,True,True,True,True,True,True,True,True,bank,0
1.4954399903522082e-05,1.850343018156266e-06,5.354700420510799e-06,0.0036504476775706127,0.0018447619083787282,0.004070209437882379,0.9963345979225259,0.9981533877486032,0.9959244358616971,58,0.0035400390625,True,True,True,-5.497599525980167,river,0.5181746305997804,0.5181746305997804,36.859310150146484,36.859310150146484,0.6594688334172931,0.6594688334172931,-1.3104056885365816e-05,-9.599699483011283e-06,-0.0018056857691918845,0.00041976176031176607,0.001818789826077305,-0.00041016206082877815,-2.2632070463934895e-05,0.2712594864763531,1.0626037213300314,0.7913442348536801,0.0,0.271241515354558,-9.496121704088978e-06,-2.9932236671447754,-0.7960033416748047,-2.2592577022716966,-0.518300884515666,-0.7339659648730645,-0.2777024571591298,0.7825636890419464,0.06482258863104391,0.9616215865026122,0.394461546170247,-1.9717769622802734,-0.08652305603027344,-1.2378109974071947,0.19117940112886522,-0.7339659648730645,-0.2777024571591298,0.7825636890419464,0.06482258863104391,0.9616215865026122,0.394461546170247,-2.0896345273419517,-2.089641732434149,-1.0270308060119202,0.0,-1.0270308060119202,-1.0270461042543353,-1.0270130700176168,0.0,-0.6824995892465235,-0.6824841622682571,0.10884464560715479,0.0,0.10884464560715479,0.10884731848653484,0.10887085660154927,0.0,a_to_b,-2.0896345273419517,-1.0270308060119202,-0.6824995892465253,0.10884464560715479,finance,1,-1.4071349380954281,-1.407157570165892,-1.135875451619075,0.0,-1.135875451619075,-1.1358934227408701,-1.135883926619166,0.0,,,,,,,,,0.8340107567597801,0.5524807005445385,0.3052348893341143,True,True,1.689932552394553e-08,0.0,9.496121704088978e-06,True,0.0,0.0,True,2.2632070463934895e-05,True,7.20509219753751e-06,1.5426978266397384e-05,True,True,8,river,bank-lex-2,1.7763568394002505e-15,True,1.0,True,3,3,-1.4071349380954263,-1.135875451619075,-1.7763568394002505e-15,0.0,True,True,True,1.0,ok,True,True,True,True,True,True,55.89242172241211,False,river,1,0.8055747579887256,1.0,1.0,1.0,1.0,1.0,True,True,True,True,True,True,True,True,bank,0
1.4954399903522082e-05,4.26086521055484e-06,1.7889375397111683e-06,0.0036504476775706127,0.002936341196710257,0.0016102510685585519,0.9963345979225259,0.9970593979380792,0.9983879599939018,158,0.0096435546875,True,True,True,-5.497599525980167,river,0.6917775690737195,0.6917775159919888,60.53572082519531,60.53572082519531,0.7967617156147176,0.7967617156147176,-1.069353469296724e-05,-1.3165462363810914e-05,-0.0007141064808603558,-0.0020401966090120606,0.0007248000155533063,0.0020533620713759637,-3.4033229612262517e-06,-0.2670761449607779,-0.8678503503320378,-0.6007742053712573,0.0,-0.26707799768251395,5.700627669469327e-06,-3.4490408897399902,-3.391878366470337,-1.8318104899402847,-2.5664138297951418,-1.6172303997996877,-0.8254645366751667,0.5654349319340677,0.8246275693322397,1.1891522874557325,1.0034247293379894,-2.2327728271484375,-2.320929527282715,-0.615542427348732,-1.4954649906075197,-1.6172303997996877,-0.8254645366751667,0.5654349319340677,0.8246275693322397,1.1891522874557325,1.0034247293379894,-1.2555333237362518,-1.255529172769533,-2.123383674068288,0.0,-2.123383674068288,-2.1233713164965415,-2.1233876550448088,0.0,-0.21768549604872067,-0.21767794175904065,-0.8184597014199788,0.0,-0.8184597014199788,-0.8184454911264964,-0.8184561290470942,0.0,a_to_b,-1.25553332373625,-2.123383674068288,-0.21768549604872156,-0.8184597014199788,finance,1,-1.0378478276875311,-1.0378512310104924,-1.304923972648309,0.0,-1.304923972648309,-1.304925825370045,-1.3049315259977146,0.0,,,,,,,,,0.8924094393106886,0.4517792622799288,0.20410463719670957,True,True,1.1774794889048081e-08,0.0,5.700627669469327e-06,True,0.0,0.0,True,3.4033229612262517e-06,True,4.150966718796667e-06,7.554289680022919e-06,True,True,12,river,bank-lex-2,1.7763568394002505e-15,True,1.0,True,3,3,-1.0378478276875285,-1.304923972648309,-2.6645352591003757e-15,0.0,True,True,True,1.0,ok,True,True,True,True,True,True,75.9771957397461,False,river,1,0.8700539903127906,1.0,1.0,1.0,1.0,1.0,True,True,True,True,True,True,True,True,bank,0
0.0010428449094978965,0.0010648868037162734,0.0007600194259234308,0.0002722110328355962,0.0003441126704963335,0.00019034356126224696,0.9986849440576665,0.9985910005257873,0.9990496370128144,63,0.00384521484375,True,True,True,1.3431301259053816,river,0.5199652498854874,0.5199651944799365,24.780838012695312,24.780838012695312,0.5574490695721093,0.5574490695721093,2.204189421837685e-05,-0.00028282548357446574,7.190163766073734e-05,-8.186747157334923e-05,-9.394353187919258e-05,0.0003646929551478495,1.676887545354333e-05,0.25485868626100405,-0.33727979152496435,-0.5921384777859693,0.0,0.25485110387597487,-2.2748699274544038e-05,-0.09727668762207031,-0.7284793853759766,-0.1421041034942263,-0.684244514811434,0.04482741587213823,-0.04423487056455855,0.005301876021099883,0.02839714019252472,0.2730790037741219,0.4788834354533108,0.3557567596435547,-0.5288724899291992,0.3109293437713987,-0.48463761936465666,0.04482741587213823,-0.04423487056455855,0.005301876021099883,0.02839714019252472,0.2730790037741219,0.4788834354533108,0.02091603751033677,0.02092291867231566,-0.3163637540146267,0.0,-0.3163637540146267,-0.31636316759158856,-0.3163585827819615,0.0,0.23439151277105807,0.23438162505758342,-0.35774696501490943,0.0,-0.35774696501490943,-0.3577387962068421,-0.3577569600964896,0.0,b_to_a,0.020916037510335883,-0.31636375401462846,0.23439151277105807,-0.3577469650149112,river,1,-0.2134754752607213,-0.21345870638526776,0.04138321100028275,0.0,0.04138321100028275,0.04137562861525357,0.04139837731452811,0.0,,,,,,,,,0.8831053787069129,0.4697183801694186,0.22063527709694455,True,True,1.4965495899221997e-08,0.0,2.2748699274544038e-05,True,0.0,0.0,True,1.676887545354333e-05,True,6.881161978888883e-06,9.887713474654447e-06,True,True,4,finance,bank-lex-2,0.0,True,1.0,True,3,3,-0.2134754752607222,0.04138321100028275,8.881784197001252e-16,0.0,True,True,True,1.0,ok,True,True,True,True,True,True,44.45399475097656,False,finance,1,0.8605157671987342,1.0,0.0,1.0,0.0,1.0,True,True,True,True,True,True,True,True,bank,0
0.0010428449094978965,0.0007903000304365964,0.0007137217855929583,0.0002722110328355962,0.0007743778673698763,0.00039224197453611195,0.9986849440576665,0.9984353221021935,0.9988940362398709,63,0.00384521484375,True,True,True,1.3431301259053816,river,0.5181746305997804,0.5181746305997804,36.859310150146484,36.859310150146484,0.6594688334172931,0.6594688334172931,-0.00025254487906130015,-0.00032912312390493824,0.0005021668345342801,0.00012003094170051577,-0.0002496219554729562,0.00020909218220444004,-4.290401122375442e-06,0.5782615955126431,-0.10191942835196599,-0.6801810238646091,0.0,0.5782540984925024,-1.569891093211595e-05,-0.6153697967529297,-0.5775241851806641,-0.6820832174337177,-0.6783304138871031,0.06671342068080577,0.10080622870643552,0.018353177067219124,0.016481724979153213,0.3958987332620022,0.2875101422480462,1.3621339797973633,0.44225406646728516,1.2954205591165753,0.3414478377608461,0.06671342068080577,0.10080622870643552,0.018353177067219124,0.016481724979153213,0.3958987332620022,0.2875101422480462,-0.2772950886702672,-0.27730069945229285,-0.3792145170222332,0.0,-0.3792145170222332,-0.3791903944656534,-0.3792085006321342,0.0,1.045482333706266,1.0454810133253627,0.3653013098416569,0.0,0.3653013098416569,0.36533292941837736,0.36529912434096445,0.0,b_to_a,-0.277295088670269,-0.37921451702223496,1.045482333706265,0.365301309841656,river,1,-1.3227774223765332,-1.3227817127776555,-0.7445158268638901,0.0,-0.7445158268638901,-0.7445233238840308,-0.7445076249730986,0.0,,,,,,,,,0.8059094820896308,0.5920736549733917,0.35055124060158255,True,True,1.760894411315467e-08,0.0,1.569891093211595e-05,True,0.0,0.0,True,4.290401122375442e-06,True,5.610782025655681e-06,1.3203809032802383e-06,True,True,8,finance,bank-lex-2,0.0,True,1.0,True,3,3,-1.322777422376534,-0.744515826863891,8.881784197001252e-16,8.881784197001252e-16,True,True,True,1.0,ok,True,True,True,True,True,True,55.89242172241211,False,finance,1,0.8123507702059728,1.0,1.0,1.0,1.0,1.0,True,True,True,True,True,True,True,True,bank,0
0.0010428449094978965,0.0009239081265497616,0.0010939735676507485,0.0002722110328355962,0.0011610532317785824,0.00042204061332166287,0.9986849440576665,0.9979150386416716,0.9984839858190276,155,0.00946044921875,True,True,True,1.3431301259053816,river,0.6917775690737195,0.6917775254809151,60.53572082519531,60.53572463989258,0.7967617156147176,0.796761765823168,-0.00011893678294813486,5.112865815285199e-05,0.0008888421989429863,0.0001498295804860667,-0.0007699054159948648,-0.00020095823863885975,-2.4022175759697006e-06,1.1809404660173959,0.1689591849360541,-1.0119812810813436,0.0,1.1809496318805923,9.049948314299172e-06,-0.5231380462646484,-0.22414493560791016,-0.48268168178347715,-0.05107803130650446,-0.040456364481180174,-0.17306690430142524,0.02503285301268662,0.010076693275044821,0.3873541232803669,0.23786541017903534,1.7758655548095703,0.2649984359741211,1.8163219192907416,0.4380653402755268,-0.040456364481180174,-0.17306690430142524,0.02503285301268662,0.010076693275044821,0.3873541232803669,0.23786541017903534,-0.12109511083667801,-0.12109088287963221,0.04786407409937521,0.0,0.04786407409937521,0.047867242176575786,0.047855882604654454,0.0,1.4505052090967743,1.450511839271396,0.4385239280154316,0.0,0.4385239280154316,0.43851793022943575,0.4385156206058287,0.0,b_to_a,-0.12109511083668067,0.04786407409937343,1.4505052090967734,0.43852392801542983,river,1,-1.5716003199334523,-1.5716027221510283,-0.3906598539160564,0.0,-0.3906598539160564,-0.39065068805285996,-0.39065973800117426,0.0,,,,,,,,,0.9015117596293276,0.4330816600472928,0.18755969667009945,True,True,1.3551224904601054e-08,0.0,9.049948314299172e-06,True,0.0,0.0,True,2.4022175759697006e-06,True,4.227957045799258e-06,6.630174621768958e-06,True,True,12,finance,bank-lex-2,0.0,True,1.0,True,3,3,-1.571600319933454,-0.3906598539160564,1.7763568394002505e-15,0.0,True,True,True,1.0,ok,True,True,True,True,True,True,75.9771957397461,False,finance,1,0.884671242421905,1.0,1.0,1.0,1.0,1.0,True,True,True,True,True,True,True,True,bank,0
3.66398467848623e-05,0.0001079273392198905,8.838158919572829e-05,0.005638775228062376,0.009617582203152012,0.012700739200126302,0.9943245849251529,0.990274490457628,0.987210879210678,56,0.00341796875,True,True,True,-5.036285804603558,river,0.5439347261634518,0.5439347261634518,26.40119171142578,26.40119171142578,0.6282844063973057,0.6282844063973057,7.12874924350282e-05,5.174174241086599e-05,0.003978806975089636,0.007061963972063926,-0.004050094467524801,-0.007113705714474894,-7.1766311711130015e-06,-0.47786182841532465,-0.19979453476545217,0.2780672936498698,0.0,-0.47784480396773343,1.803835234159834e-05,-4.543127655982971,-3.058854341506958,0.8549955353005103,0.5951799874709423,-5.398123191283471,-3.6540343289778967,0.17386772317546265,0.1358757657926987,2.916509621904524,1.7204786793614824,-4.911370754241943,-2.8303956985473633,0.48675243704153726,0.823638630430537,-5.398123191283471,-3.6540343289778967,0.17386772317546265,0.1358757657926987,2.916509621904524,1.7204786793614824,1.0803218575404845,1.0803225378882182,0.8805273227750305,0.0,0.8805273227750305,0.8805437387033255,0.8805159436710763,0.0,0.5339260190724451,0.5339338760513499,0.8119933127223158,0.0,0.8119933127223158,0.8119927042030195,0.811982947523112,0.0,a_to_b,1.0803218575404827,0.8805273227750305,0.533926019072446,0.8119933127223158,finance,1,0.5463958384680394,0.5463886618368683,0.06853401005271476,0.0,0.06853401005271476,0.06855103450030597,0.06853299614796438,0.0,,,,,,,,,0.8989282964993197,0.43903451657173587,0.19275126656886596,True,True,1.1593866252397124e-08,0.0,1.803835234159834e-05,True,0.0,0.0,True,7.1766311711130015e-06,True,6.803477337058439e-07,7.856978904818845e-06,True,True,4,river,bank-lex-3,8.881784197001252e-16,True,1.0,True,3,3,0.5463958384680367,0.06853401005271476,2.6645352591003757e-15,0.0,True,True,True,1.0,ok,True,True,True,True,True,True,42.02108383178711,False,river,1,0.8702419346809862,1.0,1.0,1.0,1.0,1.0,True,True,True,True,True,True,True,True,bank,0
3.66398467848623e-05,2.9208191825827123e-05,5.0956700381004276e-05,0.005638775228062376,0.007587633062140489,0.008811682693542744,0.9943245849251529,0.9923831587460337,0.9911373606060763,69,0.00421142578125,True,True,True,-5.036285804603558,river,0.6482203432285357,0.6482203432285357,43.34504318237305,43.34504318237305,0.7230499833947178,0.7230499833947178,-7.431654959035178e-06,1.4316853596141974e-05,0.001948857834078113,0.0031729074654803678,-0.0019414261791191878,-0.003187224319076587,5.013241266560442e-06,0.4069683214719104,0.5565270480621507,0.1495587265902385,0.0,0.40695367125483717,-7.3259312545204125e-06,-0.5390682220458984,-1.0478153228759766,-0.15367491395840283,0.35046669901818994,-0.3853933080874832,-1.3982820218942003,0.09920313530942695,0.013819680591792892,0.3974543551336937,0.6605262840608247,-0.22420310974121094,-0.8307600021362305,0.1611901983462838,0.5675220197579369,-0.3853933080874832,-1.3982820218942003,0.09920313530942695,0.013819680591792892,0.3974543551336937,0.6605262840608247,-0.2266871462512583,-0.2267022196366728,0.3298399018108924,0.0,0.3298399018108924,0.32983861460492037,0.3298283052700466,0.0,0.29685280946925285,0.2968327228425718,0.44641153605949313,0.0,0.44641153605949313,0.44642489907059435,0.44640726380446605,0.0,a_to_b,-0.2266871462512583,0.3298399018108924,0.29685280946925374,0.44641153605949224,finance,1,-0.5235399557205112,-0.5235349424792446,-0.11657163424860073,0.0,-0.11657163424860073,-0.11658628446567398,-0.11657895853441946,0.0,,,,,,,,,0.8319552786243902,0.5555946205225837,0.3086854480372333,True,True,1.5976969016712938e-08,0.0,7.3259312545204125e-06,True,0.0,0.0,True,5.013241266560442e-06,True,1.5073385414510199e-05,2.008662668107064e-05,True,True,8,river,bank-lex-3,8.881784197001252e-16,True,1.0,True,3,3,-0.523539955720512,-0.11657163424859984,8.881784197001252e-16,-8.881784197001252e-16,True,True,True,1.0,ok,True,True,True,True,True,True,59.947505950927734,False,river,1,0.803053262702544,1.0,1.0,1.0,1.0,1.0,True,True,True,True,True,True,True,True,bank,0
3.66398467848623e-05,3.089700178795016e-05,3.9154137663907094e-05,0.005638775228062376,0.008393761121229453,0.012262434792184442,0.9943245849251529,0.9915753418769826,0.9876984110701517,161,0.00982666015625,True,True,True,-5.036285804603558,river,0.6189223286826399,0.6189223663906236,48.240386962890625,48.240386962890625,0.7188608304566799,0.7188608304566799,-5.742844996912143e-06,2.5142908790447922e-06,0.0027549858931670774,0.006623659564122066,-0.002749243048170258,-0.006626173855001194,1.5032265460845906e-05,-0.1422048463577541,0.23684695462855032,0.37905180098630264,0.0,-0.14220518739030297,1.500025253342585e-06,0.9736418724060059,0.6204628944396973,-0.5218856425321885,0.18278115796102412,1.4955275149381784,0.43768173647868736,0.037342974955309166,0.11512748716242652,0.9044271811978205,0.6130634294279046,1.8138580322265625,0.9936494827270508,0.31833051728836725,0.5559677462483776,1.4955275149381784,0.43768173647868736,0.037342974955309166,0.11512748716242652,0.9044271811978205,0.6130634294279046,-0.17047720848147563,-0.17048077868916067,0.06636974614707292,0.0,0.06636974614707292,0.0663604212271185,0.06634784196689125,0.0,0.39782182244748565,0.39780321997433976,0.7768736234337883,0.0,0.7768736234337883,0.7768646395463827,0.7768535603114088,0.0,a_to_b,-0.1704772084814774,0.06636974614707292,0.39782182244748565,0.7768736234337883,finance,1,-0.5682990309289613,-0.5682839986635004,-0.7105038772867154,0.0,-0.7105038772867154,-0.7105042183192642,-0.7105057183445176,0.0,,,,,,,,,0.8897385832560054,0.4568594848504588,0.20872066754555926,True,True,1.4930573155920507e-08,0.0,1.500025253342585e-06,True,0.0,0.0,True,1.5032265460845906e-05,True,3.5702076850441244e-06,1.860247314589003e-05,True,True,12,river,bank-lex-3,8.881784197001252e-16,True,1.0,True,3,3,-0.5682990309289631,-0.7105038772867154,1.7763568394002505e-15,0.0,True,True,True,1.0,ok,True,True,True,True,True,True,67.1067123413086,False,river,1,0.8708805069003759,1.0,1.0,1.0,1.0,1.0,True,True,True,True,True,True,True,True,bank,0
0.0028647837460921742,0.0023043850760648393,0.0019178800849525934,0.0003823077342350801,0.00031018517138764945,0.00030900024517721824,0.9967529085196727,0.9973854297525475,0.9977731196698701,47,0.00286865234375,True,True,True,2.0140222737074485,river,0.5439347261634518,0.5439347261634518,26.40119171142578,26.40119171142578,0.6282844063973057,0.6282844063973057,-0.000560398670027335,-0.0009469036611395808,-7.212256284743065e-05,-7.330748905786186e-05,0.0006325212328748275,0.0010202111501974587,-1.0289811507746549e-05,-0.17976603309398165,-0.18359340895009968,-0.0038273758561171434,0.0,-0.1797707979102654,2.098765712510442e-05,-1.140493392944336,-1.2379064559936523,-0.2860310393091119,-0.440250157610258,-0.8544623536352418,-0.797656298383405,0.2217829756579392,0.0349613798282942,0.5476954628906178,0.4780077214301985,-0.23283958435058594,-0.3867330551147461,0.6216227692846381,0.41092324326864826,-0.8544623536352418,-0.797656298383405,0.2217829756579392,0.0349613798282942,0.5476954628906178,0.4780077214301985,-0.21767900344660784,-0.21767481349796736,-0.40127241239670663,0.0,-0.40127241239670663,-0.4012831377544748,-0.40129399895123097,0.0,-0.20905642509102584,-0.2090419453308776,-0.212883800947143,0.0,-0.212883800947143,-0.21288976148862737,-0.21287963502825846,0.0,b_to_a,-0.21767900344660607,-0.40127241239670575,-0.20905642509102584,-0.212883800947143,river,1,-0.008622578355582,-0.008632868167089747,-0.18838861144956365,0.0,-0.18838861144956365,-0.1883933762658474,-0.1884143639229725,0.0,,,,,,,,,0.8941246875667046,0.4493551483681419,0.20192009717066928,True,True,1.300637594922301e-08,0.0,2.098765712510442e-05,True,0.0,0.0,True,1.0289811507746549e-05,True,4.189948640487273e-06,1.4479760148233822e-05,True,True,4,finance,bank-lex-3,0.0,True,1.0,True,3,3,-0.008622578355580224,-0.18838861144956276,-1.7763568394002505e-15,-8.881784197001252e-16,True,True,True,1.0,ok,True,True,True,True,True,True,42.02108383178711,False,finance,1,0.8569840820373575,1.0,1.0,1.0,1.0,1.0,True,True,True,True,True,True,True,True,bank,0
0.0028647837460921742,0.0032801086314788717,0.0022974727882581593,0.0003823077342350801,0.0002544552355587172,0.00021985937988088804,0.9967529085196727,0.9964654361329625,0.9974826678318609,50,0.0030517578125,True,True,True,2.0140222737074485,river,0.6482203432285357,0.6482203432285357,43.34504318237305,43.34504318237305,0.7230499833947178,0.7230499833947178,0.00041532488538669745,-0.0005673109578340149,-0.00012785249867636292,-0.00016244835435419205,-0.00028747238671023023,0.0007297593121882162,-4.940022524380083e-07,-0.20993004091254797,-0.35606681008945973,-0.14613676917691265,0.0,-0.20992793189334602,2.0725842757585156e-06,-0.7507915496826172,-1.5876150131225586,0.125414350870102,-0.37228855041799935,-0.876205900552737,-1.2153264627045814,0.06837430141456213,0.15385720653175236,0.5035747260709681,0.6060473029556339,-1.3884634971618652,-1.9783716201782227,-0.512257596609146,-0.7630451574736625,-0.876205900552737,-1.2153264627045814,0.06837430141456213,0.15385720653175236,0.5035747260709681,0.6060473029556339,0.13538367517726524,0.13537226028575677,-0.2206831349121936,0.0,-0.2206831349121936,-0.22067855775028988,-0.2206736576919086,0.0,-0.40710094249281426,-0.4071118633820703,-0.5532377116697251,0.0,-0.5532377116697251,-0.5532352435270234,-0.5532282708843663,0.0,b_to_a,0.13538367517726702,-0.2206831349121927,-0.40710094249281426,-0.5532377116697269,river,1,0.5424846176700795,0.5424841236678271,0.33255457675753153,0.0,0.33255457675753153,0.3325566857767335,0.3325546131924577,0.0,,,,,,,,,0.7974315777033042,0.6040361129630617,0.3648597656442458,True,True,1.457195862142108e-08,0.0,2.0725842757585156e-06,True,0.0,0.0,True,4.940022524380083e-07,True,1.141489150846553e-05,1.0920889256027522e-05,True,True,8,finance,bank-lex-3,0.0,True,1.0,True,3,3,0.5424846176700813,0.3325545767575342,-1.7763568394002505e-15,-2.6645352591003757e-15,True,True,True,1.0,ok,True,True,True,True,True,True,59.947505950927734,False,finance,1,0.7699161045914421,1.0,1.0,1.0,1.0,1.0,True,True,True,True,True,True,True,True,bank,0
0.0028647837460921742,0.0039656116621764595,0.00330918097166481,0.0003823077342350801,0.00028074692222467695,0.00033772040572324494,0.9967529085196727,0.9957536414155989,0.996353098622612,133,0.00811767578125,True,True,True,2.0140222737074485,river,0.6189223286826399,0.6189223663906236,48.240386962890625,48.240386962890625,0.7188608304566799,0.7188608304566799,0.0011008279160842852,0.0004443972255726357,-0.00010156081201040314,-4.458732851183515e-05,-0.000999267104073831,-0.0003998098970606767,5.060709209026015e-06,-0.36572411066168176,-0.1809593903693516,0.18476472029233104,0.0,-0.3657357026296264,-1.5258238460269524e-05,-0.7091522216796875,-0.3829460144042969,0.37642699687156167,0.17265140743335383,-1.0855792185512705,-0.5555974218376747,0.01996177028552827,0.020632016628556318,0.6490738415448922,0.40893340791023425,-1.3065686225891113,-0.5919733047485352,-0.22098940403786216,-0.03637588291088534,-1.0855792185512705,-0.5555974218376747,0.01996177028552827,0.020632016628556318,0.6490738415448922,0.40893340791023425,0.32516724253153395,0.3251670346301978,0.14420785216218235,0.0,0.14420785216218235,0.14419025954083953,0.14419550509678203,0.0,-0.30877224043026885,-0.308777509040814,-0.1240075201379387,0.0,-0.1240075201379387,-0.12401352079133687,-0.12402353347385464,0.0,b_to_a,0.32516724253153484,0.14420785216218324,-0.30877224043026885,-0.12400752013793781,river,1,0.6339394829618028,0.6339445436710118,0.26821537230012105,0.0,0.26821537230012105,0.2682037803321764,0.26821903857063667,0.0,,,,,,,,,0.881015478838527,0.47392953982861297,0.22460919600507975,True,True,1.4379086732315398e-08,0.0,1.5258238460269524e-05,True,0.0,0.0,True,5.060709209026015e-06,True,2.0790133614667639e-07,5.268610545172692e-06,True,True,12,finance,bank-lex-3,0.0,True,1.0,True,3,3,0.6339394829618037,0.26821537230012105,-8.881784197001252e-16,0.0,True,True,True,1.0,ok,True,True,True,True,True,True,67.1067123413086,False,finance,1,0.8527744997335418,1.0,1.0,1.0,1.0,1.0,True,True,True,True,True,True,True,True,bank,0
0.0003984018236245539,0.0001684022998361195,0.00021408570735865617,0.0020018690056143665,0.00465453395629282,0.0013756304230749892,0.997599729170761,0.995177063743871,0.9984102838695663,122,0.0074462890625,True,True,True,-1.6143754229025227,sports,0.5815392933021503,0.5815392933021503,43.579830169677734,43.579830169677734,0.6784461775625019,0.6784461775625019,-0.0002299995237884344,-0.00018431611626589775,0.0026526649506784534,-0.0006262385825393773,-0.0024226654268899583,0.0008105546988053103,7.628203555043456e-06,1.4589503511822803,0.24002067781937342,-1.218929673362907,0.0,1.4589523577025645,4.3092637280750523e-07,4.269489288330078,1.5170047283172607,-0.7984366370270095,-0.744453953785678,5.067925925357109,2.261458682102946,0.33284564378497355,0.6079371728307297,3.726863285101012,1.3227388996100609,5.5937957763671875,1.3004376888275146,0.5258698510100999,-0.9610209932754241,5.067925925357109,2.261458682102946,0.33284564378497355,0.6079371728307297,3.726863285101012,1.3227388996100609,-0.8611053443717829,-0.861106590844539,-0.6210846665524095,0.0,-0.6210846665524095,-0.6210937974292037,-0.621086954136544,0.0,0.8437605419251035,0.8437516672487924,-0.3751691314378034,0.0,-0.3751691314378034,-0.37518026883488176,-0.3751729946158493,0.0,a_to_b,-0.8611053443717829,-0.6210846665524095,0.8437605419251035,-0.3751691314378034,animal,1,-1.7048658862968864,-1.7048582580933314,-0.24591553511460607,0.0,-0.24591553511460607,-0.24591352859432192,-0.24591395952069472,0.0,,,,,,,,,0.8273985165819526,0.5630030130547781,0.3169722821774427,True,True,1.8137908384216534e-08,0.0,4.3092637280750523e-07,True,0.0,0.0,True,7.628203555043456e-06,True,1.2464727561223299e-06,8.874676311165786e-06,True,True,4,sports,bat-lex-0,8.881784197001252e-16,True,1.0,True,3,3,-1.7048658862968864,-0.24591553511460607,0.0,0.0,True,True,True,1.0,ok,True,True,True,True,True,True,64.2347640991211,False,sports,1,0.787895250218928,1.0,1.0,1.0,1.0,1.0,True,True,True,True,True,True,True,True,bat,0
0.0003984018236245539,0.00029853087549398913,0.00035534685730249894,0.0020018690056143665,0.0016626516807152977,0.0033314067115223106,0.997599729170761,0.9980388174437906,0.9963132464311751,81,0.00494384765625,True,True,True,-1.6143754229025227,sports,0.6024575069556674,0.6024575069556674,49.406646728515625,49.406646728515625,0.659693721211489,0.659693721211489,-9.987094813056479e-05,-4.305496632205498e-05,-0.00033921732489906875,0.001329537705907944,0.0004390882730296308,-0.0012864827395858702,8.930119210326382e-06,-0.5207599124676241,0.17422101230984044,0.6949809247774628,0.0,-0.5207560692377786,5.9713847706532874e-06,2.622805953025818,2.023548200726509,1.0876834957824713,0.4652702848839052,1.5351224572433413,1.5582779158426021,0.04805744581360279,0.025118437185524124,1.3178163766466278,1.2949779243026451,1.5944910049438477,2.1572818756103516,0.05936854770050104,0.5990039597677486,1.5351224572433413,1.5582779158426021,0.04805744581360279,0.025118437185524124,1.3178163766466278,1.2949779243026451,-0.28858774009651,-0.2885882408006477,-0.11436672778667045,0.0,-0.11436672778667045,-0.11436832160883448,-0.11437317899979327,0.0,-0.18566752108466833,-0.18567695190801636,0.5093134036927953,0.0,0.5093134036927953,0.5093079666407858,0.5093090806345977,0.0,a_to_b,-0.28858774009651,-0.11436672778666956,-0.18566752108466833,0.5093134036927944,animal,1,-0.10292021901184167,-0.10291128889263135,-0.6236801314794658,0.0,-0.6236801314794658,-0.6236762882496203,-0.623682259634391,0.0,,,,,,,,,0.7799420279799085,0.6304307681077506,0.3974429136029628,True,True,2.0869044178365615e-08,0.0,5.9713847706532874e-06,True,0.0,0.0,True,8.930119210326382e-06,True,5.007041377069754e-07,9.430823348033357e-06,True,True,8,sports,bat-lex-0,8.881784197001252e-16,True,1.0,True,3,3,-0.10292021901184167,-0.623680131479464,0.0,-1.7763568394002505e-15,True,True,True,1.0,ok,True,True,True,True,True,True,74.893310546875,False,sports,1,0.7040968470628409,1.0,1.0,1.0,1.0,1.0,True,True,True,True,True,True,True,True,bat,0
0.0003984018236245539,0.0002109770580828083,0.0002354238895901334,0.0020018690056143665,0.00210772926817523,0.0018123922700983902,0.997599729170761,0.9976812936737419,0.9979521838403115,229,0.01397705078125,True,True,True,-1.6143754229025227,sports,0.7846636832556544,0.7846636832556544,93.7845230102539,93.7845230102539,0.8380794292467412,0.8380794292467412,-0.0001874247655417456,-0.00016297793403442052,0.0001058602625608634,-0.0001894767355159763,8.156450298091311e-05,0.00035245466955047267,-1.6456479077220365e-06,0.2606017996486045,0.10963827666746262,-0.15096352298114368,0.0,0.2606011514032094,5.986369423283122e-06,1.5409469306468964,0.9232059121131897,0.7879600605662436,0.2022037765497391,0.7529868700806599,0.7210021355634435,0.06282151349360456,0.03615304792543362,0.5760130167366325,0.5753122763833943,0.6953165531158447,0.7825703620910645,-0.057670316964808066,0.06156822652761473,0.7529868700806599,0.7210021355634435,0.06282151349360456,0.03615304792543362,0.5760130167366325,0.5753122763833943,-0.6357117049716088,-0.6357053501709302,-0.5260734283041462,0.0,-0.5260734283041462,-0.5260792365706966,-0.5260793619031627,0.0,0.05152994478305839,0.05153794523164468,-0.09943357819808352,0.0,-0.09943357819808352,-0.09943873821923876,-0.09943287718228166,0.0,a_to_b,-0.6357117049716088,-0.5260734283041462,0.05152994478305928,-0.0994335781980844,animal,1,-0.6872416497546672,-0.6872432954025749,-0.42663985010606265,0.0,-0.42663985010606265,-0.4266404983514578,-0.42664648472088107,0.0,,,,,,,,,0.8604216679697665,0.5107562882434586,0.26087196237390203,True,True,1.6963156484106823e-08,0.0,5.986369423283122e-06,True,0.0,0.0,True,1.6456479077220365e-06,True,6.354800678565198e-06,8.000448586287234e-06,True,True,12,sports,bat-lex-0,8.881784197001252e-16,True,1.0,True,3,3,-0.6872416497546681,-0.42663985010606176,8.881784197001252e-16,-8.881784197001252e-16,True,True,True,1.0,ok,True,True,True,True,True,True,111.90409851074219,False,sports,1,0.8258209923795158,1.0,1.0,1.0,1.0,1.0,True,True,True,True,True,True,True,True,bat,0
0.0019192990993151739,0.0011044317897818301,0.0013936527325902068,0.005157179822075154,0.0036824630832256577,0.0029251154223970516,0.9929235210786096,0.9952131051269926,0.9956812318450128,107,0.00653076171875,True,True,True,-0.9884298170214239,animal,0.5815392933021503,0.5815393369089674,43.579830169677734,43.579830169677734,0.6784461775625019,0.6784461775625019,-0.0008148673095333438,-0.0005256463667249671,-0.0014747167388494964,-0.0022320643996781024,0.0022895840483829755,0.0027577107664031875,-1.640034787975253e-06,0.4628450840211036,0.2325971801922888,-0.23024790382881566,0.0,0.46285965391304806,-1.9795470421080097e-05,0.3741731643676758,1.3476457595825195,-0.09853980275295982,0.2911742756107678,0.47271296712065336,1.0564714839718015,0.020390450072422066,0.020707930690874912,0.6104087913764761,0.5662235809894235,-1.2222766876220703,-0.7287158966064453,-1.694989654742706,-1.785187380578197,0.47271296712065336,1.0564714839718015,0.020390450072422066,0.020707930690874912,0.6104087913764761,0.5662235809894235,-0.5526290816292105,-0.5526071092084273,-0.32003190143692173,0.0,-0.32003190143692173,-0.3200084210861531,-0.3200125628700068,0.0,-0.336808039590589,-0.33678442713501777,-0.5670559434194038,0.0,-0.5670559434194038,-0.5670470329605797,-0.5670709702148544,0.0,b_to_a,-0.5526290816292105,-0.32003190143692173,-0.336808039590589,-0.5670559434194047,sports,1,-0.2158210420386215,-0.2158226820734095,0.24702404198248207,0.0,0.24702404198248207,0.24703861187442655,0.24705840734484763,0.0,,,,,,,,,0.8591724457807384,0.5157504285071043,0.26599849999792013,True,True,1.9351604738722298e-08,0.0,1.9795470421080097e-05,True,0.0,0.0,True,1.640034787975253e-06,True,2.1972420783278324e-05,2.3612455571253577e-05,True,True,4,animal,bat-lex-0,0.0,True,1.0,True,3,3,-0.2158210420386215,0.24702404198248296,0.0,-8.881784197001252e-16,True,True,True,1.0,ok,True,True,True,True,True,True,64.2347640991211,False,animal,1,0.7945520022698772,1.0,0.0,1.0,0.0,1.0,True,True,True,True,True,True,True,True,bat,0
0.0019192990993151739,0.001878377527858543,0.0018945304062279017,0.005157179822075154,0.008498696553130987,0.006629456806257304,0.9929235210786096,0.9896229259190105,0.9914760127875148,87,0.00531005859375,True,True,True,-0.9884298170214239,animal,0.6024575069556674,0.602457460439804,49.406646728515625,49.40665054321289,0.659693721211489,0.6596937721465757,-4.09215714566309e-05,-2.4768693087272135e-05,0.003341516731055833,0.0014722769841821496,-0.003300595159599129,-0.0014475082910947457,-2.998829910794143e-05,0.25695254783390187,0.00856261395364566,-0.24838993388025532,0.0,0.2569424399816409,-4.902582106325326e-05,1.0561866760253906,-0.012012481689453125,0.45412330355874886,0.21366157655447715,0.6020633724666453,-0.22567405824391784,0.10073171459847405,0.044285117881182307,0.8331500057239313,0.5703375399749766,-0.11271858215332031,-0.39395618438720703,-0.7147819546199621,-0.16828212614327676,0.6020633724666453,-0.22567405824391784,0.10073171459847405,0.044285117881182307,0.8331500057239313,0.5703375399749766,-0.02155167982012607,-0.021570763810413673,-0.01298906586648041,0.0,-0.01298906586648041,-0.012970542155502862,-0.012970973170784994,0.0,0.49952292107375573,0.49953382538257607,0.2511329871934995,0.0,0.2511329871934995,0.25116161875673804,0.25111216192039265,0.0,b_to_a,-0.021551679820126957,-0.012989065866481297,0.49952292107375484,0.2511329871934995,sports,1,-0.5210746008938818,-0.5211045891929897,-0.26412205305997993,0.0,-0.26412205305997993,-0.2641321609122409,-0.26408313509117765,0.0,,,,,,,,,0.7852475572051681,0.6207179939907449,0.38529083900722355,True,True,2.274361548460863e-08,0.0,4.902582106325326e-05,True,0.0,0.0,True,2.998829910794143e-05,True,1.908399028760499e-05,1.0904308820336439e-05,True,True,8,animal,bat-lex-0,0.0,True,1.0,True,3,3,-0.5210746008938818,-0.2641220530599808,0.0,8.881784197001252e-16,True,True,True,1.0,ok,True,True,True,True,True,True,74.893310546875,False,animal,1,0.741607211882098,1.0,1.0,1.0,1.0,1.0,True,True,True,True,True,True,True,True,bat,0
0.0019192990993151739,0.0007711564793600932,0.0008478483748988391,0.005157179822075154,0.00411949271976973,0.0035832816227438584,0.9929235210786096,0.9951093508008702,0.9955688700023573,214,0.0130615234375,True,True,True,-0.9884298170214239,animal,0.7846636832556544,0.7846636832556544,93.7845230102539,93.7845230102539,0.8380794292467412,0.8380794292467412,-0.0011481426199550808,-0.001071450724416335,-0.0010376871023054244,-0.0015738981993312956,0.002185829722260557,0.0026453489237476813,5.042352690942664e-06,0.23426150185246364,0.09481050728043083,-0.1394509945720337,0.0,0.23426065192294665,1.2231943732565753e-05,0.2867898941040039,-0.22286510467529297,-0.27152076138610504,-0.5646305985128599,0.558310655490132,0.3417654938375918,0.007624541660828618,0.0073901939898091025,0.4895996700523371,0.4125755492502152,-0.4161567687988281,-0.6386995315551758,-0.9744674242889371,-0.9804650253927427,0.558310655490132,0.3417654938375918,0.007624541660828618,0.0073901939898091025,0.4895996700523371,0.4125755492502152,-0.9118240365950046,-0.9118118899489422,-0.8170135293145746,0.0,-0.8170135293145746,-0.8170220750423018,-0.8170385932641375,0.0,-0.22465985446194736,-0.224652750168576,-0.36411084903398105,0.0,-0.36411084903398105,-0.3641185448321913,-0.3641228311102944,0.0,b_to_a,-0.9118240365950054,-0.8170135293145746,-0.22465985446194736,-0.36411084903398105,sports,1,-0.6871641821330572,-0.6871591397803662,-0.45290268028059355,0.0,-0.45290268028059355,-0.45290353021011054,-0.4529157621538431,0.0,,,,,,,,,0.8926720501553776,0.4511894536816963,0.20357194318834623,True,True,1.8759846326400855e-08,0.0,1.2231943732565753e-05,True,0.0,0.0,True,5.042352690942664e-06,True,1.2146646062305422e-05,7.104293371362758e-06,True,True,12,animal,bat-lex-0,0.0,True,1.0,True,3,3,-0.6871641821330581,-0.45290268028059355,8.881784197001252e-16,0.0,True,True,True,1.0,ok,True,True,True,True,True,True,111.90409851074219,False,animal,1,0.8718041736095229,1.0,1.0,1.0,1.0,1.0,True,True,True,True,True,True,True,True,bat,0
0.0008274992705758457,0.00014813464501120744,0.0003551203144352285,0.0017649948812037742,0.0009935705287063901,0.002202582864868013,0.9974075058482205,0.9988582948262824,0.9974422968206968,82,0.0050048828125,True,True,True,-0.7574948434238697,sports,0.6166877234195104,0.6166877234195104,41.613868713378906,41.613868713378906,0.7476483722573823,0.7476483722573823,-0.0006793646255646383,-0.00047237895614061717,-0.0007714243524973841,0.00043758798366423874,0.0014507889780619454,3.4790972476383963e-05,-5.659023587512024e-06,0.0782540916061647,0.8743350221898414,0.7960809305836767,0.0,0.07832369746889167,4.1432395544660494e-05,3.672781229019165,5.458428144454956,-1.1962368401233228,-0.22373803123972635,4.869018069142509,5.682166175694675,0.33194304910947925,0.2297511975759316,2.41249867432418,2.9423385925672187,3.793076992034912,5.254432201385498,-1.0759410771075748,-0.4277339743091835,4.869018069142509,5.682166175694675,0.33194304910947925,0.2297511975759316,2.41249867432418,2.9423385925672187,-1.7202866020022043,-1.7203263870022951,-0.8459515798123629,0.0,-0.8459515798123629,-0.8458667002925093,-0.8459284786616212,0.0,-0.5745980195808515,-0.5746321455573549,0.22148291100282513,0.0,0.22148291100282513,0.22149818465995175,0.2214778386863845,0.0,a_to_b,-1.720286602002206,-0.8459515798123647,-0.5745980195808524,0.22148291100282425,animal,1,-1.1456885824213527,-1.1456942414449403,-1.067434490815188,0.0,-1.067434490815188,-1.067364884952461,-1.0674063173480057,0.0,,,,,,,,,0.8290091201948449,0.5616675424049864,0.31547045433132404,True,True,1.6041035470818654e-08,0.0,4.1432395544660494e-05,True,0.0,0.0,True,5.659023587512024e-06,True,3.9785000090830636e-05,3.412597650331861e-05,True,True,4,sports,bat-lex-1,-8.881784197001252e-16,True,1.0,True,3,3,-1.1456885824213536,-1.067434490815189,8.881784197001252e-16,8.881784197001252e-16,True,True,True,1.0,ok,True,True,True,True,True,True,55.6596794128418,False,sports,1,0.7767915185747621,1.0,1.0,1.0,1.0,1.0,True,True,True,True,True,True,True,True,bat,0
0.0008274992705758457,0.00047546527280749513,0.0005359771309254638,0.0017649948812037742,0.0013671003012132835,0.0006980837823714959,0.9974075058482205,0.9981574344259793,0.9987659390867031,68,0.004150390625,True,True,True,-0.7574948434238697,sports,0.6001583749321934,0.6001583749321934,47.23274612426758,47.23274612426758,0.6784812644457913,0.6784812644457913,-0.00035203399776835055,-0.00029152213965038187,-0.00039789457999049073,-0.0010669110988322783,0.0007499285777587961,0.0013584332384826148,-5.998138321139379e-06,0.7919057273185155,0.11979764766044632,-0.6721080796580683,0.0,0.7919001916073709,-8.803333349405307e-06,3.495170831680298,5.0450475215911865,1.1327653487643516,0.8840203487210356,2.362405482915916,4.1610271728701385,0.2822654866556986,0.7456765032368337,1.5766653960922472,2.386680219030884,2.1291728019714355,3.3962178230285645,-0.23323268094450977,-0.7648093498415856,2.362405482915916,4.1610271728701385,0.2822654866556986,0.7456765032368337,1.5766653960922472,2.386680219030884,-0.5541143794551964,-0.5541085950836901,-0.43431673179475005,0.0,-0.43431673179475005,-0.4343247683643714,-0.4343225729221025,0.0,-0.2554558619273326,-0.25544407941750524,-0.9275639415854018,0.0,-0.9275639415854018,-0.9275664424438785,-0.9275730503349591,0.0,a_to_b,-0.5541143794551973,-0.43431673179475094,-0.2554558619273335,-0.9275639415854018,animal,1,-0.29865851752786376,-0.2986645156661849,0.49324720979065173,0.0,0.49324720979065173,0.49324167407950714,0.49325047741285655,0.0,,,,,,,,,0.763679750619018,0.647675784267844,0.41948372348881824,True,True,2.0058144153406024e-08,0.0,8.803333349405307e-06,True,0.0,0.0,True,5.998138321139379e-06,True,5.784371506223351e-06,1.178250982736273e-05,True,True,8,sports,bat-lex-1,-8.881784197001252e-16,True,1.0,True,3,3,-0.29865851752786376,0.49324720979065084,0.0,8.881784197001252e-16,True,True,True,1.0,ok,True,True,True,True,True,True,69.61540222167969,False,sports,1,0.7118100237070112,1.0,0.0,1.0,0.0,1.0,True,True,True,True,True,True,True,True,bat,0
0.0008274992705758457,0.0003109223359645332,0.0002414734167232815,0.0017649948812037742,0.0014524027365976342,0.0007923781945209536,0.9974075058482205,0.9982366749274378,0.9989661483887557,189,0.01153564453125,True,True,True,-0.7574948434238697,sports,0.7248501175916738,0.7248501175916738,78.92955017089844,78.92955017089844,0.8034967701157987,0.8034967701157987,-0.0005165769346113125,-0.0005860258538525642,-0.00031259214460614,-0.0009726166866828206,0.0008291690792173734,0.0015586425405352822,-1.0275609427345955e-05,0.353151961502558,-0.25278376605253605,-0.6059357275550941,0.0,0.3531520591501387,-4.826010929548374e-06,4.3543078899383545,4.163654088973999,0.8567083073193746,0.08035542062261669,3.497599582618964,4.083298668351354,0.7902349474392364,1.4117738169038174,2.1209366614587313,2.215992484573285,2.886620044708252,3.4724793434143066,-0.610979537910727,-0.6108193249370748,3.497599582618964,4.083298668351354,0.7902349474392364,1.4117738169038174,2.1209366614587313,2.215992484573285,-0.9788650683650904,-0.9788610665283937,-1.2316488344176264,0.0,-1.2316488344176264,-1.2316153966186771,-1.2316242615444715,0.0,-0.1949285454668983,-0.19491426802077427,-0.8008642730219924,0.0,-0.8008642730219924,-0.8008309328706238,-0.8008446238073477,0.0,a_to_b,-0.9788650683650921,-1.2316488344176282,-0.1949285454668983,-0.8008642730219924,animal,1,-0.783936522898192,-0.7839467985076194,-0.43078456139563404,0.0,-0.43078456139563404,-0.43078446374805335,-0.4307796377371238,0.0,,,,,,,,,0.862066895919647,0.508781939881524,0.25885905013944,True,True,1.7351781667131115e-08,0.0,4.826010929548374e-06,True,0.0,0.0,True,1.0275609427345955e-05,True,4.001836696687633e-06,1.4277446124033588e-05,True,True,12,sports,bat-lex-1,-8.881784197001252e-16,True,1.0,True,3,3,-0.7839365228981938,-0.4307845613956358,1.7763568394002505e-15,1.7763568394002505e-15,True,True,True,1.0,ok,True,True,True,True,True,True,98.2325668334961,False,sports,1,0.817140346218088,1.0,1.0,1.0,1.0,1.0,True,True,True,True,True,True,True,True,bat,0
0.0009702982515627497,0.0009631086019021996,0.0002950715660933349,0.014771828369211149,0.013956010341373368,0.002771164247258205,0.9842578733792262,0.9850808810567244,0.9969337641866485,111,0.00677490234375,True,True,True,-2.7228736571744854,animal,0.6166877234195104,0.6166877234195104,41.613868713378906,41.613868713378906,0.7476483722573823,0.7476483722573823,-7.189649660550076e-06,-0.0006752266854694148,-0.0008158180278377801,-0.012000664121952944,0.0008230076774982109,0.012675890807422263,2.0416662541045127e-05,0.4336944704017611,-1.1829482561560054,-1.6166427265577665,0.0,0.4337341758079942,4.415411916447454e-05,2.202444076538086,1.8187389373779297,-0.16637529191241462,-1.3427510676874732,2.36881936845052,3.1614900050654917,0.04233876036499611,0.332257475310422,1.3386291939057602,1.7262387249028506,1.2676401138305664,-1.244873046875,-1.1011792546199342,-4.406363051940403,2.36881936845052,3.1614900050654917,0.04233876036499611,0.332257475310422,1.3386291939057602,1.7262387249028506,-0.007437320073799825,-0.007437433695967499,-1.1903855762298043,0.0,-1.1903855762298043,-1.1903738375045805,-1.190384161804781,0.0,-0.05681161394402423,-0.05683214422873295,-1.6734543405017899,0.0,-1.6734543405017899,-1.6734823071827991,-1.6734484773638352,0.0,b_to_a,-0.0074373200737989364,-1.1903855762298043,-0.05681161394402423,-1.6734543405017908,sports,1,0.049374293870224406,0.04939471053276545,0.48306876427198553,0.0,0.48306876427198553,0.48310846967821863,0.48306431555905416,0.0,,,,,,,,,0.8808584732548632,0.47500071728316423,0.22562565544443583,True,True,1.6549067957291093e-08,0.0,4.415411916447454e-05,True,0.0,0.0,True,2.0416662541045127e-05,True,1.1362216767452082e-07,2.0530284708719648e-05,True,True,4,animal,bat-lex-1,8.881784197001252e-16,True,1.0,True,3,3,0.049374293870225294,0.4830687642719864,-8.881784197001252e-16,-8.881784197001252e-16,True,True,True,1.0,ok,True,True,True,True,True,True,55.6596794128418,False,animal,1,0.841648859652172,1.0,1.0,1.0,1.0,1.0,True,True,True,True,True,True,True,True,bat,0
0.0009702982515627497,0.0013144378375850203,0.0012244330985199815,0.014771828369211149,0.054591958570915776,0.03326653704278115,0.9842578733792262,0.9440936035914992,0.9655090298586989,94,0.0057373046875,True,True,True,-2.7228736571744854,animal,0.6001583749321934,0.600158449181349,47.23274612426758,47.23274612426758,0.6784812644457913,0.6784812644457913,0.0003441395860222707,0.0002541348469572318,0.03982013020170463,0.018494708673570004,-0.040164269787727025,-0.018748843520527303,2.589964582533355e-05,0.4244034807250445,-0.07093111412611908,-0.49533459485116493,0.0,0.4244064920140431,1.2046030863466228e-05,1.1058769226074219,-0.17512989044189453,0.023520119227075753,-0.16461580847417956,1.0823568033803603,-0.010514081967698985,0.0684628714486823,0.09993575394648857,0.7338945640271176,0.5779611852424853,0.7063722610473633,0.11318683624267578,-0.37598454233298284,0.12370091821039075,1.0823568033803603,-0.010514081967698985,0.0684628714486823,0.09993575394648857,0.7338945640271176,0.5779611852424853,0.30356085319806336,0.3035820240118614,0.2326297390719434,0.0,0.2326297390719434,0.2326405052578231,0.23261914674041417,0.0,1.3071647147166416,1.3071599858846144,0.8118301198654772,0.0,0.8118301198654772,0.8118378747623582,0.8118285622758128,0.0,b_to_a,0.30356085319806425,0.23262973907194517,1.3071647147166416,0.8118301198654767,sports,1,-1.0036038615185783,-1.003577961872753,-0.5792003807935338,0.0,-0.5792003807935338,-0.5791973695045352,-0.5792094155353986,0.0,,,,,,,,,0.7784868020577338,0.6279395882236718,0.3943080523637219,True,True,2.193181818439071e-08,0.0,1.2046030863466228e-05,True,0.0,0.0,True,2.589964582533355e-05,True,2.1170813798043753e-05,4.728832027289798e-06,True,True,8,animal,bat-lex-1,8.881784197001252e-16,True,1.0,True,3,3,-1.0036038615185774,-0.5792003807935315,-8.881784197001252e-16,-2.220446049250313e-15,True,True,True,1.0,ok,True,True,True,True,True,True,69.61540222167969,False,animal,1,0.7597886935006513,1.0,1.0,1.0,1.0,1.0,True,True,True,True,True,True,True,True,bat,0
0.0009702982515627497,0.0005910214390894725,0.0011956781015474715,0.014771828369211149,0.02780672373189233,0.03611418046575395,0.9842578733792262,0.9716022548290182,0.9626901414326985,206,0.0125732421875,True,True,True,-2.7228736571744854,animal,0.7248501175916738,0.7248501175916738,78.92955017089844,78.92955017089844,0.8034967701157987,0.8034967701157987,-0.00037927681247327714,0.00022537984998472187,0.013034895362681181,0.021342352096542803,-0.012655618550208025,-0.021567731946527724,-2.67168651824079e-06,0.44320871313553845,0.7046164597177542,0.26140774658221533,0.0,0.44319183781677474,-7.114363414828517e-06,-0.21773910522460938,0.18798065185546875,-0.08537717888841634,0.34546586304935545,-0.13236192633616994,-0.15748521119389025,0.02784996829847876,0.05476925846828848,0.5109118208664787,0.470801578108802,-0.8564958572387695,0.028319358825683594,-0.7241339309025765,0.1858045700195703,-0.13236192633616994,-0.15748521119389025,0.02784996829847876,0.05476925846828848,0.5109118208664787,0.470801578108802,-0.4957512073710504,-0.4957507814661408,0.20886525234670295,0.0,0.20886525234670295,0.208872573163581,0.20888171084843776,0.0,0.6325559740457498,0.6325590716371776,0.8939637206279647,0.0,0.8939637206279647,0.8939879167636064,0.8939899400850484,0.0,b_to_a,-0.4957512073710504,0.20886525234670383,0.6325559740457494,0.8939637206279647,sports,1,-1.1283071814168002,-1.1283098531033184,-0.6850984682812618,0.0,-0.6850984682812618,-0.6851153436000255,-0.6851082292366106,0.0,,,,,,,,,0.8779172113961344,0.4796021138499628,0.23001823746600894,True,True,1.867683910573046e-08,0.0,7.114363414828517e-06,True,0.0,0.0,True,2.67168651824079e-06,True,4.259049095622913e-07,3.0975914278030814e-06,True,True,12,animal,bat-lex-1,8.881784197001252e-16,True,1.0,True,3,3,-1.1283071814167998,-0.6850984682812609,-4.440892098500626e-16,-8.881784197001252e-16,True,True,True,1.0,ok,True,True,True,True,True,True,98.2325668334961,False,animal,1,0.8504028147408641,1.0,1.0,1.0,1.0,1.0,True,True,True,True,True,True,True,True,bat,0
9.490182108935549e-05,0.0002324701536102396,0.00020551825118852773,4.8055156701604925e-05,6.782464579103194e-05,5.800122500024247e-05,0.999857043022209,0.9996997052005987,0.9997364805238113,96,0.005859375,True,True,True,0.6804934458426644,animal,0.5664066800129679,0.5664067445259926,35.26668167114258,35.26668167114258,0.6573044057128422,0.6573044057128422,0.0001375683325208841,0.00011061643009917225,1.976948908942702e-05,9.946068298637548e-06,-0.00015733782161031495,-0.00012056249839775823,1.804496505997122e-05,0.03323450346260337,-0.12322700165613831,-0.15646150511874168,0.0,0.033236613443547114,3.514561523587645e-06,2.6428298950195312,1.083003044128418,1.2457395954526778,0.4489113536940952,1.3970902995668588,0.6340916904343281,0.019571924413353578,0.018934894152604145,0.9089984410528393,0.5725497882421936,1.689316749572754,0.9694614410400391,0.2922264500059004,0.3353697506057163,1.3970902995668588,0.6340916904343281,0.019571924413353578,0.018934894152604145,0.9089984410528393,0.5725497882421936,0.8959189502252745,0.8959340127857729,0.7726919485691361,0.0,0.7726919485691361,0.772703258007553,0.7726927862858677,0.0,0.3445761869856838,0.3445732045811223,0.18811468186694214,0.0,0.18811468186694214,0.18812388132441527,0.18811692416425352,0.0,a_to_b,0.8959189502252745,0.7726919485691361,0.3445761869856838,0.18811468186694214,animal,1,0.5513427632395906,0.5513608082046506,0.584577266702194,0.0,0.584577266702194,0.5845793766831378,0.5845758621216142,0.0,,,,,,,,,0.819215448562266,0.5762443411045999,0.33205736809719727,True,True,1.47722682678067e-08,0.0,3.514561523587645e-06,True,0.0,0.0,True,1.804496505997122e-05,True,1.5062560498435573e-05,2.9824045615356454e-06,True,True,4,sports,bat-lex-2,0.0,True,1.0,True,3,3,0.5513427632395906,0.584577266702194,0.0,0.0,True,True,True,1.0,ok,True,True,True,True,True,True,53.653499603271484,False,sports,1,0.7629016656138841,1.0,1.0,1.0,1.0,1.0,True,True,True,True,True,True,True,True,bat,0
9.490182108935549e-05,0.00014106803970959152,0.00015467059242152214,4.8055156701604925e-05,5.921183183513049e-05,4.716174721094195e-05,0.999857043022209,0.9997997201284553,0.9997981676603676,87,0.00531005859375,True,True,True,0.6804934458426644,animal,0.5373020213771679,0.5373020213771679,41.588706970214844,41.588706970214844,0.7411477472901294,0.7411477472901294,4.616621862023603e-05,5.976877133216665e-05,1.1156675133525562e-05,-8.934094906629762e-07,-5.732289375370847e-05,-5.887536184145947e-05,1.3612929976147825e-05,0.3195935805912029,0.0920553201520633,-0.22753826043914138,0.0,0.31959949456707903,2.2622820665674226e-06,2.4718923568725586,1.3470220565795898,1.429322586167327,1.6755706604216503,1.0425697707052386,-0.32854860384207285,0.12521682091775513,0.07411002974489544,0.8726999887303517,0.5037779258606385,1.3386163711547852,-0.36388492584228516,0.29604660044955367,-0.03533632200022474,1.0425697707052386,-0.32854860384207285,0.12521682091775513,0.07411002974489544,0.8726999887303517,0.5037779258606385,0.39639943012672774,0.3963906435886031,0.48845475027879104,0.0,0.48845475027879104,0.4884679355809478,0.48845629023040793,0.0,0.20877193484982648,0.2087495353817257,-0.018766325589313126,0.0,-0.018766325589313126,-0.018759054263032482,-0.018768437331505794,0.0,a_to_b,0.39639943012672774,0.48845475027879104,0.20877193484982826,-0.018766325589313126,animal,1,0.18762749527690126,0.1876411082068774,0.5072210758681042,0.0,0.5072210758681042,0.5072269898439803,0.5072247275619137,0.0,,,,,,,,,0.7490632043800424,0.6628534351471171,0.4393746733679766,True,True,1.570215914551077e-08,0.0,2.2622820665674226e-06,True,0.0,0.0,True,1.3612929976147825e-05,True,8.78653812463881e-06,2.2399468100786635e-05,True,True,8,sports,bat-lex-2,0.0,True,1.0,True,3,3,0.18762749527689948,0.5072210758681042,1.7763568394002505e-15,0.0,True,True,True,1.0,ok,True,True,True,True,True,True,56.113922119140625,False,sports,1,0.7273771567396929,1.0,1.0,1.0,1.0,1.0,True,True,True,True,True,True,True,True,bat,0
9.490182108935549e-05,0.00019252181858441496,0.00013085570915851466,4.8055156701604925e-05,5.13437269107989e-05,4.076305819775535e-05,0.999857043022209,0.9997561344545047,0.9998283812326437,180,0.010986328125,True,True,True,0.6804934458426644,animal,0.6251283198224874,0.6251283198224874,52.00577163696289,52.00577163696289,0.8123716088865689,0.8123716088865689,9.761999749505947e-05,3.595388806915917e-05,3.2885702091939756e-06,-7.2920985038495785e-06,-0.00010090856770428314,-2.866178956528742e-05,-1.552201024779265e-05,-0.15534770064051884,-0.3861142312540622,-0.23076653061354335,0.0,-0.15534779202302218,3.024780541593941e-06,2.722630500793457,3.292562484741211,1.4737452432514555,1.488730117529295,1.248885257542014,1.803832367211907,0.03975709409113011,0.19950315773983027,0.8258906265509233,1.03535895388311,1.434427261352539,1.8485746383666992,0.18554200381053754,0.04474227115478335,1.248885257542014,1.803832367211907,0.03975709409113011,0.19950315773983027,0.8258906265509233,1.03535895388311,0.7073665956076951,0.7073575108297874,0.3212523643536329,0.0,0.3212523643536329,0.32124590985742785,0.32124443000187775,0.0,0.06619331638878734,0.0661997536211274,-0.16457321422475601,0.0,-0.16457321422475601,-0.16457957733845774,-0.16457803241346625,0.0,a_to_b,0.7073665956076969,0.3212523643536347,0.06619331638878734,-0.16457321422475601,animal,1,0.6411732792189078,0.64115775720866,0.48582557857838893,0.0,0.48582557857838893,0.4858254871958856,0.485822462415344,0.0,,,,,,,,,0.8774305449223326,0.4806003321894911,0.23097673400567123,True,True,1.1059668196227864e-08,0.0,3.024780541593941e-06,True,0.0,0.0,True,1.552201024779265e-05,True,9.084777907730768e-06,6.4372323400618825e-06,True,True,12,sports,bat-lex-2,0.0,True,1.0,True,3,3,0.6411732792189095,0.4858255785783907,-1.7763568394002505e-15,-1.7763568394002505e-15,True,True,True,1.0,ok,True,True,True,True,True,True,64.01721954345703,False,sports,1,0.8480788096993539,1.0,1.0,1.0,1.0,1.0,True,True,True,True,True,True,True,True,bat,0
0.00017076813563897598,0.00010075812357712012,0.00013651845896832867,0.0065275864404062255,0.000851525658381245,0.0028146421742749213,0.9933016454239548,0.9990477162180417,0.9970488393667567,108,0.006591796875,True,True,True,-3.643484134664293,animal,0.5664066800129679,0.5664067445259926,35.26668167114258,35.26668167114258,0.6573044057128422,0.6573044057128422,-7.001001206185586e-05,-3.424967667064731e-05,-0.0056760607820249805,-0.003712944266131304,0.005746070794086844,0.003747193942801874,-8.963006189688372e-06,-0.8918083676125601,0.3037370074046972,1.195560785756351,8.97494227469764e-06,-0.8918088952043117,3.923352662305035e-06,0.06749153137207031,0.37818431854248047,-1.4613027878437972,-0.3571659750864331,1.5287943192158622,0.7353502936289473,0.2335019878302202,0.11360143432507731,1.2080007204661478,0.7144094776010733,1.4702177047729492,0.449554443359375,-0.058576614442918284,-0.2857958502695386,1.5287943192158622,0.7353502936289473,0.2335019878302202,0.11360143432507731,1.2080007204661478,0.7144094776010733,-0.5275626250144896,-0.5275702814124656,-0.22380786970677136,-1.6070995487282858e-05,-0.2238192678455473,-0.22382949292346588,-0.2238420722508092,-2.1966108150195396e-05,-2.036757841341622,-2.0367565347334082,-0.8411947184213435,-3.495793097485489e-05,-0.8411971416178448,-0.8412158140462864,-0.8412244700209675,-1.2494273562424496e-06,b_to_a,-0.527583875844611,-0.22384686843991375,-2.0367629101802143,-0.8412021244238632,sports,1,1.5091952163271323,1.5091862533209426,0.6173868487145722,1.8886935487572032e-05,0.6173778737722975,0.6173863211228205,0.6173823977701582,-2.0716680793952946e-05,,,,,,,,,0.8618858396160192,0.5133559076370527,0.26353418493692654,True,True,1.6618067805871357e-08,8.97494227469764e-06,3.923352662305035e-06,True,1.8886935487572032e-05,2.0716680793952946e-05,True,8.963006189688372e-06,True,7.656397976063545e-06,1.306608213624827e-06,True,True,4,animal,bat-lex-2,1.7038600814700544e-06,False,0.0,True,3,3,1.5091790343356033,0.6173552559839495,1.6181991528974038e-05,3.1592730622698184e-05,True,True,True,1.0,ok,True,True,True,True,True,True,53.653499603271484,False,animal,1,0.7820021337679179,1.0,1.0,1.0,1.0,1.0,True,True,True,True,True,True,True,True,bat,0
0.00017076813563897598,8.865055062025656e-05,0.000614847803299003,0.0065275864404062255,0.002334085074201972,0.006949315433513143,0.9933016454239548,0.9975772643751778,0.9924358367631878,101,0.00616455078125,True,True,True,-3.643484134664293,animal,0.5373020213771679,0.5373020213771679,41.588706970214844,41.588706970214844,0.7411477472901294,0.7411477472901294,-8.211758501871942e-05,0.00044407966766002704,-0.004193501366204253,0.00042172899310691757,0.00427561895122297,-0.0008658086607670201,4.969118403863604e-05,0.8457353711576125,1.9366725191977991,1.0910231727922097,4.1931596002520166e-05,0.8456995592208276,1.9060413647409291e-06,-0.7670927047729492,0.3517932891845703,-0.9600472596991345,1.2593975418835317,0.1929545549261782,-0.9076042526989916,0.10545495704949849,0.20991668961027118,0.9250586574839141,0.8036683766509063,-0.5691194534301758,-1.3078527450561523,-0.7620740083563611,-0.40024849235719095,0.1929545549261782,-0.9076042526989916,0.10545495704949849,0.20991668961027118,0.9250586574839141,0.8036683766509063,-0.6556352384102198,-0.6555936242457534,1.2810937275648815,1.1348108470699003e-05,1.2811014782482282,1.281098269375006,1.281091628815025,2.1118315096657625e-07,-1.02842462930196,-1.0284327063215324,0.0625689655155286,-1.506458178468506e-05,0.0626186477948778,0.06260931926243796,0.06260458474382169,-3.46039766254691e-05,b_to_a,-0.6556044607879752,1.281068058409824,-1.0284172808434668,0.06260589194874289,sports,1,0.37278939089174035,0.372839082075779,1.218524762049353,2.6412690255384064e-05,1.2184828304533504,1.218488950112568,1.2184870440712032,3.481515977643568e-05,,,,,,,,,0.7579184214462178,0.6529276093131067,0.4263143343907359,True,True,1.5602270506504096e-08,4.1931596002520166e-05,1.9060413647409291e-06,True,2.6412690255384064e-05,3.481515977643568e-05,True,4.969118403863604e-05,True,4.161416446635258e-05,8.077019572283461e-06,True,True,8,animal,bat-lex-2,1.7038600814700544e-06,False,0.0,True,3,3,0.37281282005549166,1.218462166461081,-2.3429163751309545e-05,6.259558827181877e-05,True,True,True,1.0,ok,True,True,True,True,True,True,56.113922119140625,False,animal,1,0.7304441756065181,1.0,1.0,1.0,1.0,1.0,True,True,True,True,True,True,True,True,bat,0
0.00017076813563897598,3.0077967738279496e-05,0.0003572329162804487,0.0065275864404062255,0.00046255110515694566,0.001527560489725113,0.9933016454239548,0.9995073709271048,0.9981152065939944,195,0.01190185546875,True,True,True,-3.643484134664293,animal,0.6251283198224874,0.6251283198224874,52.00577163696289,52.00577163696289,0.8123716088865689,0.8123716088865689,-0.00014069016790069648,0.0001864647806414727,-0.00606503533524928,-0.005000025950681113,0.006205725503150017,0.004813561170039615,-7.618314862511966e-06,1.2799228560441218,2.474595060690909,1.1946702422516733,5.9961994907098415e-06,1.2799052042316816,7.963048477499513e-06,-0.3130817413330078,0.12325477600097656,-1.6929378954727756,-0.08972817604334082,1.3798561541398122,0.2129829520443529,0.3316529210146594,0.04008221770021759,1.0577604077922733,0.7149050778580477,0.1278362274169922,-0.4704551696777344,-1.2520199267227756,-0.6834381217220518,1.3798561541398122,0.2129829520443529,0.3316529210146594,0.04008221770021759,1.0577604077922733,0.7149050778580477,-1.7364888636254907,-1.7364959791746397,0.7380549421702121,1.247527751679911e-05,0.7380551491354748,0.7380485525466352,0.7380777965310017,6.218634615251517e-06,-2.647013286949635,-2.6470127841839215,-1.452392337198054,-2.7246450853724014e-05,-1.4523861340333006,-1.4523810750091908,-1.4523438679763467,-2.4028691471222885e-05,b_to_a,-1.7365137695523813,0.7380812911385277,-2.6470354944989793,-1.452365252247306,sports,1,0.9105244233241443,0.9105168050092818,2.190447279368266,3.9721728370523124e-05,2.1904412831687754,2.190429627555826,2.1904216645073484,3.0247326086474402e-05,,,,,,,,,0.8750377521257914,0.4851450393708803,0.23536579908424898,True,True,1.10830117486319e-08,5.9961994907098415e-06,7.963048477499513e-06,True,3.9721728370523124e-05,3.0247326086474402e-05,True,7.618314862511966e-06,True,7.1155491490060285e-06,5.027657135059371e-07,True,True,12,animal,bat-lex-2,1.7038600814700544e-06,True,1.0,True,3,3,0.910521724946598,2.1904465433858338,2.6983775462952053e-06,7.359824323316388e-07,True,True,True,1.0,ok,True,True,True,True,True,True,64.01721954345703,False,animal,1,0.8425281434765224,1.0,1.0,1.0,1.0,1.0,True,True,True,True,True,True,True,True,bat,0
0.0012068804332112568,0.0014579846361533109,0.0008113441409221137,0.017721356514159653,0.010894844861493152,0.0076138797573335635,0.9810717630526291,0.9876471705023535,0.9915747761017444,78,0.0047607421875,True,True,True,-2.686731618890227,sports,0.6554110339152727,0.6554110339152727,40.93115234375,40.93115234375,0.8257960919695216,0.8257960919695216,0.00025110420294205404,-0.00039553629228914313,-0.006826511652666501,-0.010107476756826089,0.006575407449724402,0.010503013049115273,-7.437000979493291e-06,-0.22780120598009557,-0.5861180693296877,-0.35831686334959123,0.0,-0.22780546979594263,8.72717663114031e-06,4.632936954498291,3.700967311859131,1.2439915775682362,0.7022780365558638,3.3889453769300744,2.998689275303267,0.21684371909771868,0.2968697752701856,1.7200820110846566,1.3278037921029924,3.4603986740112305,2.4358625411987305,0.07145329708117476,-0.5628267341045365,3.3889453769300744,2.998689275303267,0.21684371909771868,0.2968697752701856,1.7200820110846566,1.3278037921029924,0.18901621983867667,0.1889889579874584,-0.39710184949100924,0.0,-0.39710184949100924,-0.3971039333458597,-0.3971109306674707,0.0,-0.48648076609191904,-0.4865005909421578,-0.8447976294415094,0.0,-0.8447976294415094,-0.8447954494805128,-0.8447937196254927,0.0,a_to_b,0.18901621983867756,-0.39710184949101013,-0.48648076609191815,-0.8447976294415094,animal,1,0.6754969859305957,0.6754895489296162,0.44769577995050014,0.0,0.44769577995050014,0.4476915161346531,0.44768278895802194,0.0,,,,,,,,,0.85090153800506,0.5284408822928942,0.2792496444867086,True,True,1.3834707502568558e-08,0.0,8.72717663114031e-06,True,0.0,0.0,True,7.437000979493291e-06,True,2.726185121826319e-05,1.9824850238769898e-05,True,True,4,sports,bat-lex-3,0.0,True,1.0,True,3,3,0.6754969859305957,0.44769577995049925,0.0,8.881784197001252e-16,True,True,True,1.0,ok,True,True,True,True,True,True,49.56568908691406,False,sports,1,0.7936036154532694,1.0,1.0,1.0,1.0,1.0,True,True,True,True,True,True,True,True,bat,0
0.0012068804332112568,0.0006160281778951914,0.0006774599234918603,0.017721356514159653,0.00819586252869218,0.00803568530574189,0.9810717630526291,0.9911881092934126,0.9912868547707663,83,0.00506591796875,True,True,True,-2.686731618890227,sports,0.5277978894495278,0.5277979213804068,31.527307510375977,31.527305603027344,0.7484068712900874,0.748406826012741,-0.0005908522553160654,-0.0005294205097193965,-0.009525493985467473,-0.009685671208417764,0.010116346240783503,0.01021509171813717,-6.6797386981676254e-06,0.11479486329725397,0.09505769166299327,-0.019737171634261585,0.0,0.11478779271945072,-8.346988787266696e-06,3.7447218894958496,3.788597583770752,0.8112572474360498,0.7341660673897366,2.9334646420597785,3.0544315163810083,1.1304575164313722,0.8765087786502069,1.0772510904063943,1.2727639550915517,2.3528213500976562,2.4493408203125,-0.5806432919621445,-0.6050906960685154,2.9334646420597785,3.0544315163810083,1.1304575164313722,0.8765087786502069,1.0772510904063943,1.2727639550915517,-0.6725014492329722,-0.6725114742404772,-0.5774437575699798,0.0,-0.5774437575699798,-0.5774562980826241,-0.5774507919121268,0.0,-0.7711410377043286,-0.7711443829731355,-0.7908782093385902,0.0,-0.7908782093385902,-0.7908836792734313,-0.7908865200917212,0.0,a_to_b,-0.672501449232974,-0.5774437575699807,-0.7711410377043286,-0.7908782093385902,animal,1,0.09863958847135645,0.09863290873265829,0.21343445176861042,0.0,0.21343445176861042,0.21342738119080717,0.21343572817959444,0.0,,,,,,,,,0.7611101455005634,0.6488684787504289,0.42103027459471365,True,True,1.1291200977812704e-08,0.0,8.346988787266696e-06,True,0.0,0.0,True,6.6797386981676254e-06,True,1.0025007505021222e-05,3.3452688068535963e-06,True,True,8,sports,bat-lex-3,0.0,True,1.0,True,3,3,0.09863958847135468,0.21343445176860953,1.7763568394002505e-15,8.881784197001252e-16,True,True,True,1.0,ok,True,True,True,True,True,True,42.125892639160156,False,sports,1,0.7432529117243142,1.0,1.0,1.0,1.0,1.0,True,True,True,True,True,True,True,True,bat,0
0.0012068804332112568,0.0006321907543274416,0.0009740292770151977,0.017721356514159653,0.007137289521152754,0.009740166580638887,0.9810717630526291,0.9922305197245198,0.9892858041423459,196,0.011962890625,True,True,True,-2.686731618890227,sports,0.6162933334838011,0.6162933334838011,43.05898666381836,43.05898666381836,0.8334891989036417,0.8334891989036417,-0.0005746896788838152,-0.00023285115619605908,-0.010584066993006899,-0.007981189933520766,0.011158756671890702,0.008214041089716795,2.7331228471538793e-06,0.12132505180270847,0.4322501866540662,0.31092513485135864,0.0,0.12133017945763136,-7.582283191531758e-06,2.505232334136963,3.305966854095459,0.9437457401501224,0.7624134934843898,1.5614865939868494,2.5435533606110923,1.2099390509945482,0.9014546999746443,0.5816580152397993,1.1929796077874049,1.047616958618164,2.268026351928711,-0.5138696353686765,-0.27552700868235913,1.5614865939868494,2.5435533606110923,1.2099390509945482,0.9014546999746443,0.5816580152397993,1.1929796077874049,-0.646602979982764,-0.6466118729015706,-0.21435279332869772,0.0,-0.21435279332869772,-0.214346380076738,-0.21435771569202,0.0,-0.9094374095729041,-0.9094490356145579,-0.5985122747215463,0.0,-0.5985122747215463,-0.5985109891245095,-0.598529907022983,0.0,a_to_b,-0.6466029799827648,-0.2143527933286986,-0.909437409572905,-0.5985122747215463,animal,1,0.26283442959014014,0.2628371627129873,0.3841594813928486,0.0,0.3841594813928486,0.3841646090477715,0.38417219133096303,0.0,,,,,,,,,0.9007765029888898,0.43471809166056796,0.1889798231602711,True,True,9.127432545706917e-09,0.0,7.582283191531758e-06,True,0.0,0.0,True,2.7331228471538793e-06,True,8.892918806679972e-06,1.1626041653833852e-05,True,True,12,sports,bat-lex-3,0.0,True,1.0,True,3,3,0.26283442959014014,0.3841594813928477,0.0,8.881784197001252e-16,True,True,True,1.0,ok,True,True,True,True,True,True,51.6611213684082,False,sports,1,0.8813312529481961,1.0,1.0,1.0,1.0,1.0,True,True,True,True,True,True,True,True,bat,0
0.000155390459853741,0.0004324918139902231,0.0005165383265781165,0.019301653340475428,0.06135190644009655,0.048255781002540854,0.9805429561996709,0.9382156017459132,0.951227680670881,109,0.00665283203125,True,True,True,-4.822004991387039,animal,0.6554110339152727,0.6554109728323492,40.93115234375,40.931156158447266,0.8257960919695216,0.8257961689319796,0.0002771013541364821,0.0003611478667243755,0.04205025309962112,0.028954127662065426,-0.04232735445375768,-0.029315275528789875,-1.2064694535851572e-05,0.4176967025750038,0.17758609121478575,-0.24011061136021716,0.0,0.41770117338034396,-3.868866652823044e-06,1.1199817657470703,1.062337875366211,1.345934897461614,1.6138795383347047,-0.22595313171458997,-0.5515416629685355,0.08447532215496896,0.1841703311954448,0.6881916650444093,0.8564773492115073,-0.48076915740966797,-0.35633277893066406,-0.2548160256951242,0.19520888403783054,-0.22595313171458997,-0.5515416629685355,0.08447532215496896,0.1841703311954448,0.6881916650444093,0.8564773492115073,1.0236223538560942,1.0236255899650466,1.2012084450708809,0.0,1.2012084450708809,1.201192800414999,1.2011983868509812,0.0,1.1564354879409233,1.1564507887444115,0.9163248765807062,0.0,0.9163248765807062,0.9163047611194841,0.9163064786888135,0.0,b_to_a,1.0236223538560951,1.2012084450708809,1.1564354879409233,0.9163248765807062,sports,1,-0.1328131340848291,-0.13282519877936494,0.2848835684901747,0.0,0.2848835684901747,0.28488803929551487,0.2848919081621677,0.0,,,,,,,,,0.8854460041863913,0.4666232257561437,0.21773727188207223,True,True,1.4014110065231856e-08,0.0,3.868866652823044e-06,True,0.0,0.0,True,1.2064694535851572e-05,True,3.2361089523647024e-06,1.5300803488216275e-05,True,True,4,animal,bat-lex-3,8.881784197001252e-16,True,1.0,True,3,3,-0.1328131340848282,0.2848835684901747,-8.881784197001252e-16,0.0,True,True,True,1.0,ok,True,True,True,True,True,True,49.56568908691406,False,animal,1,0.8435908036891833,1.0,0.0,1.0,0.0,1.0,True,True,True,True,True,True,True,True,bat,0
0.000155390459853741,0.00031749531293373935,0.00048340804731466266,0.019301653340475428,0.04487977140509493,0.03450942769238319,0.9805429561996709,0.9548027332819713,0.9650071642603022,90,0.0054931640625,True,True,True,-4.822004991387039,animal,0.5277978894495278,0.5277978894495278,31.527307510375977,31.527307510375977,0.7484068712900874,0.7484068712900874,0.00016210485307999834,0.00032801758746092165,0.0255781180646195,0.01520777435190776,-0.025740222917699618,-0.015535791939368715,1.2127301854292227e-05,0.6831526742201914,0.4203980596408181,-0.26275461457937554,0.0,0.6831257368349535,-4.74048616094791e-06,0.10913372039794922,0.3032045364379883,0.8563031215096828,1.309069254708195,-0.747169401111762,-1.0058647182702387,0.06450758824877417,0.04321550877341029,0.661451060694748,0.7160548157506228,-0.6708164215087891,-1.4431133270263672,0.07635297960294452,-0.43724860875616045,-0.747169401111762,-1.0058647182702387,0.06450758824877417,0.04321550877341029,0.661451060694748,0.7160548157506228,0.714522010663881,0.7145483625053277,1.1349200703046964,0.0,1.1349200703046964,1.1349064348996833,1.1349004102076812,0.0,0.8437964101807207,0.8438106347203131,0.5810417956013447,0.0,0.5810417956013447,0.5810550975815696,0.5810443324034065,0.0,b_to_a,0.7145220106638792,1.1349200703046973,0.8437964101807203,0.5810417956013447,sports,1,-0.12927439951683972,-0.12926227221498543,0.5538782747033517,0.0,0.5538782747033517,0.5538513373181138,0.5538560778042747,0.0,,,,,,,,,0.7877253547574873,0.6161507433356371,0.3796417985727376,True,True,1.070170212501126e-08,0.0,4.74048616094791e-06,True,0.0,0.0,True,1.2127301854292227e-05,True,2.6351841446725643e-05,1.4224539592433416e-05,True,True,8,animal,bat-lex-3,8.881784197001252e-16,True,1.0,True,3,3,-0.12927439951684105,0.5538782747033526,1.3322676295501878e-15,-8.881784197001252e-16,True,True,True,1.0,ok,True,True,True,True,True,True,42.125892639160156,False,animal,1,0.7753393627602987,1.0,0.0,1.0,0.0,1.0,True,True,True,True,True,True,True,True,bat,0
0.000155390459853741,0.00027705296396143494,0.00047023946051380776,0.019301653340475428,0.03059068552612689,0.050021823089798884,0.9805429561996709,0.9691322615099117,0.9495079374496873,190,0.0115966796875,True,True,True,-4.822004991387039,animal,0.6162933334838011,0.6162932786078043,43.05898666381836,43.05898666381836,0.8334891989036417,0.8334891989036417,0.00012166250410769393,0.00031484900066006675,0.011289032185651464,0.030720169749323456,-0.011410694689759193,-0.0310350187499836,-1.961017683793642e-05,0.03726955791350761,0.5290333618660004,0.4917638039524923,0.0,0.03725337902586556,1.8022814873397408e-05,0.21244049072265625,-0.2026958465576172,0.6350654723038023,1.2782159907834867,-0.4226249815811691,-1.4809118373411678,0.022955571862557155,0.1982984691770751,0.7058330316625249,0.7098898831802924,-0.2387218475341797,-1.441354751586914,0.18390313404696634,0.039557085754189814,-0.4226249815811691,-1.4809118373411678,0.022955571862557155,0.1982984691770751,0.7058330316625249,0.7098898831802924,0.5782676484003382,0.5782441633375672,1.1073010102663385,0.0,1.1073010102663385,1.1073004347345652,1.1072961627150875,0.0,0.4605048104985032,0.4605009356125702,0.952268614450996,0.0,0.952268614450996,0.9522842178068647,0.9522979686022603,0.0,b_to_a,0.5782676484003382,1.1073010102663385,0.4605048104985032,0.9522686144509955,sports,1,0.11776283790183495,0.11774322772499701,0.15503239581534256,0.0,0.15503239581534256,0.1550162169277005,0.15499819411282711,0.0,,,,,,,,,0.9012053458347388,0.43430062950836557,0.18861711410452722,True,True,8.692952149984733e-09,0.0,1.8022814873397408e-05,True,0.0,0.0,True,1.961017683793642e-05,True,2.3485062770944864e-05,3.874885933008443e-06,True,True,12,animal,bat-lex-3,8.881784197001252e-16,True,1.0,True,3,3,0.11776283790183495,0.155032395815343,0.0,-4.440892098500626e-16,True,True,True,1.0,ok,True,True,True,True,True,True,51.6611213684082,False,animal,1,0.873130668245263,1.0,1.0,1.0,1.0,1.0,True,True,True,True,True,True,True,True,bat,0
1.6155650277031766e-05,1.148665772445721e-05,1.0970277203258979e-05,0.005149181961161876,0.003771423294241721,0.004001741730991762,0.9948346623885611,0.9962170900480338,0.995987287991805,54,0.0032958984375,True,True,True,-5.764323287712127,water,0.6127607481878422,0.6127607481878422,32.80095672607422,32.80095672607422,0.7179778057965448,0.7179778057965448,-4.668992552574556e-06,-5.1853730737727875e-06,-0.0013777586669201547,-0.0011474402301701134,0.001382427659472718,0.0011526256032439175,-3.2538935730741514e-05,-0.10527385801777811,-0.04599662076516431,0.05927723725261291,0.0,-0.10529470308024802,-1.9750245157545976e-05,-0.45192432403564453,-0.5805892944335938,-0.44357229809417653,-0.6552699029015745,-0.008352025941476882,0.07468060846794344,0.05735705836760468,0.04160052660490402,0.5781046675675362,0.4603100275165062,-0.3771476745605469,-0.4122123718261719,-0.36879564861907976,-0.4868929802941535,-0.008352025941476882,0.07468060846794344,0.05735705836760468,0.04160052660490402,0.5781046675675362,0.4603100275165062,-0.3410836868906628,-0.3411033786879383,-0.3870803076558271,0.0,-0.3870803076558271,-0.38707653209086423,-0.38706096560711245,0.0,-0.3113853977241119,-0.3113725505856566,-0.2521081604714981,0.0,-0.2521081604714981,-0.2520835398440653,-0.25208772360547105,0.0,a_to_b,-0.3410836868906646,-0.3870803076558289,-0.311385397724111,-0.2521081604714981,season,1,-0.02969828916655093,-0.02973082810228167,-0.13497214718432904,0.0,-0.13497214718432904,-0.13499299224679895,-0.1349732420016414,0.0,,,,,,,,,0.8879296909926294,0.4605413266454778,0.21209839960194624,True,True,1.1238479398431183e-08,0.0,1.9750245157545976e-05,True,0.0,0.0,True,3.2538935730741514e-05,True,1.9691797275456224e-05,1.284713845528529e-05,True,True,4,water,spring-lex-0,-8.881784197001252e-16,True,1.0,True,3,3,-0.029698289166553593,-0.13497214718433082,2.6645352591003757e-15,1.7763568394002505e-15,True,True,True,1.0,ok,True,True,True,True,True,True,45.68519592285156,False,water,1,0.8651744914267099,1.0,1.0,1.0,1.0,1.0,True,True,True,True,True,True,True,True,spring,0
1.6155650277031766e-05,2.073489769093287e-05,1.5945340118272356e-05,0.005149181961161876,0.0029830447692132844,0.004274374740581201,0.9948346623885611,0.9969962203330958,0.9957096799193005,57,0.00347900390625,True,True,True,-5.764323287712127,water,0.47119530354342515,0.47119530354342515,26.043468475341797,26.043468475341797,0.5821508359880758,0.5821508359880758,4.579247413901105e-06,-2.1031015875941006e-07,-0.0021661371919485914,-0.0008748072205806753,0.0021615579445346533,0.0008750175307393748,1.0516437612295704e-05,-0.6223448472525055,-0.2626515286110003,0.3596933186415061,0.0,-0.6223499905601786,1.925455917994867e-05,0.3272581100463867,-0.18878746032714844,0.635152288566081,-0.18042332901650582,-0.3078941785197209,-0.008364131310663936,0.04529182087835244,0.020945514810187766,0.46304393418542733,0.42856886918273485,-0.43880462646484375,-0.1701488494873047,-0.1309104479451504,-0.16178471817666296,-0.3078941785197209,-0.008364131310663936,0.04529182087835244,0.020945514810187766,0.46304393418542733,0.42856886918273485,0.24954830872587408,0.24956103851014788,-0.013103219885126194,0.0,-0.013103219885126194,-0.013103196723042387,-0.013115217991694905,0.0,-0.5458933460289179,-0.5458911326822564,-0.1862000273874127,0.0,-0.1862000273874127,-0.1861948609176558,-0.18618762762712837,0.0,a_to_b,0.2495483087258723,-0.01310321988512797,-0.5458933460289179,-0.18620002738741182,season,1,0.795441654754792,0.7954521711924043,0.1730968075022865,0.0,0.1730968075022865,0.17309166419461341,0.17307240963543347,0.0,,,,,,,,,0.8138320438401667,0.5823065039567822,0.3390807730066271,True,True,1.0696772749437682e-08,0.0,1.925455917994867e-05,True,0.0,0.0,True,1.0516437612295704e-05,True,1.272978427380167e-05,2.213346661505966e-06,True,True,8,water,spring-lex-0,-8.881784197001252e-16,True,1.0,True,3,3,0.7954416547547902,0.17309680750228384,1.7763568394002505e-15,2.6645352591003757e-15,True,True,True,1.0,ok,True,True,True,True,True,True,44.73663330078125,False,water,1,0.7763704382225882,1.0,1.0,1.0,1.0,1.0,True,True,True,True,True,True,True,True,spring,0
1.6155650277031766e-05,1.5854338361645025e-05,1.0128424069582264e-05,0.005149181961161876,0.002866127306900351,0.0036183227079399733,0.9948346623885611,0.997118018354738,0.9963715488679905,174,0.0106201171875,True,True,True,-5.764323287712127,water,0.6199660162654039,0.6199660162654039,47.290771484375,47.290771484375,0.8437920530759633,0.8437920530759633,-3.0131191538674095e-07,-6.027226207449502e-06,-0.002283054654261525,-0.0015308592532219025,0.002283355966176903,0.0015368864794294002,6.381984802850127e-06,-0.6811462709852663,-0.4480974410044336,0.23304882998083443,0.0,-0.6811307688100472,7.635641147807348e-06,0.33648681640625,-0.5949249267578125,0.4658238292852541,-0.5354352898997483,-0.129337012879013,-0.05948963685810327,0.04491343830033525,0.05765179626451901,0.5217240601564995,0.461268009387393,-0.18862152099609375,-0.1804981231689453,-0.05928450811709052,-0.12100848631088201,-0.129337012879013,-0.05948963685810327,0.04491343830033525,0.05765179626451901,0.5217240601564995,0.461268009387393,-0.018826674297015344,-0.018805789852564203,-0.4669241153014472,0.0,-0.4669241153014472,-0.46690674512006325,-0.46691751289882255,0.0,-0.5858761114325368,-0.5858616089728885,-0.3528272814517024,0.0,-0.3528272814517024,-0.35282541344553753,-0.352828545583149,0.0,a_to_b,-0.01882667429701712,-0.4669241153014507,-0.5858761114325368,-0.3528272814517024,season,1,0.5670494371355215,0.5670558191203243,-0.11409683384974478,0.0,-0.11409683384974478,-0.11408133167452572,-0.11408896731567353,0.0,,,,,,,,,0.8988902157712875,0.43860231347784845,0.1923719422134049,True,True,1.0577292444262567e-08,0.0,7.635641147807348e-06,True,0.0,0.0,True,6.381984802850127e-06,True,2.088444445114135e-05,1.4502459648291222e-05,True,True,12,water,spring-lex-0,-8.881784197001252e-16,True,1.0,True,3,3,0.5670494371355197,-0.11409683384974834,1.7763568394002505e-15,3.552713678800501e-15,True,True,True,1.0,ok,True,True,True,True,True,True,56.045528411865234,False,water,1,0.8795154764983122,1.0,0.0,1.0,0.0,1.0,True,True,True,True,True,True,True,True,spring,0
7.007315883408428e-05,7.436406007468143e-05,7.442054945191708e-05,0.000598088851064543,0.0007471385810647485,0.0006090121144279588,0.9993318379901014,0.9991784973588606,0.9993165673361201,69,0.00421142578125,True,True,True,-2.1441995008027472,season,0.6127607481878422,0.6127607481878422,32.80095672607422,32.80095672607422,0.7179778057965448,0.7179778057965448,4.290901240597153e-06,4.347390617832802e-06,0.00014904973000020541,1.0923263363415742e-05,-0.0001533406312408392,-1.527065398132521e-05,1.330451061321014e-06,0.20517186930558218,0.0007593443989897253,-0.20441252490659156,0.0,0.20517801525633672,2.5562161063419353e-05,0.06335163116455078,-1.4177350997924805,0.04537166613545196,0.060349550077042124,0.017979965029134348,-1.4780846498695226,0.04523521616424597,0.046864071120167806,0.4889334544708288,0.688317884437116,0.3429574966430664,-1.738448143005371,0.3249775316139676,-0.2603634931358485,0.017979965029134348,-1.4780846498695226,0.04523521616424597,0.046864071120167806,0.4889334544708288,0.688317884437116,0.059432939127532336,0.05940806923966235,0.06019228352652206,0.0,0.06019228352652206,0.060198450520545066,0.060174181489504264,0.0,0.2225113614578298,0.2224851611188985,0.01809883655123734,0.0,0.01809883655123734,0.0180988575945058,0.01810015072452842,0.0,b_to_a,0.05943293912753056,0.060192283526520285,0.22251136145782802,0.018098836551236452,water,1,-0.16307842233029746,-0.16307709187923614,0.04209344697528472,0.0,0.04209344697528472,0.042099592926039264,0.042074030764975845,0.0,,,,,,,,,0.9042321879629132,0.42718279696559763,0.18248514748863398,True,True,1.266948183916373e-08,0.0,2.5562161063419353e-05,True,0.0,0.0,True,1.330451061321014e-06,True,2.4869887869982676e-05,2.620033893130369e-05,True,True,4,season,spring-lex-0,0.0,True,1.0,True,3,3,-0.16307842233029746,0.04209344697528383,0.0,8.881784197001252e-16,True,True,True,1.0,ok,True,True,True,True,True,True,45.68519592285156,False,season,1,0.8932260639645246,1.0,0.0,1.0,0.0,1.0,True,True,True,True,True,True,True,True,spring,0
7.007315883408428e-05,7.808096262950016e-05,9.493463488154311e-05,0.000598088851064543,0.001001168375063286,0.0008793087821433093,0.9993318379901014,0.9989207506623072,0.9990257565829752,63,0.00384521484375,True,True,True,-2.1441995008027472,season,0.47119530354342515,0.47119530354342515,26.043468475341797,26.043468475341797,0.5821508359880758,0.5821508359880758,8.00780379541588e-06,2.4861476047458836e-05,0.0004030795239987429,0.00028121993107876626,-0.00041108732779415735,-0.0003060814071261797,1.7916056123112867e-06,0.3252291781548884,0.19544233011653667,-0.1297868480383526,0.0,0.32523769839134786,5.9911456471439806e-06,0.6378278732299805,0.7243480682373047,0.06694704866509937,0.3165009297196111,0.5708808245648811,0.40784713851769183,0.06612373291961875,0.0656966171839201,0.5695386266643789,0.37846311197435156,1.2216768264770508,0.7267303466796875,0.6507960019121697,0.3188832081619939,0.5708808245648811,0.40784713851769183,0.06612373291961875,0.0656966171839201,0.5695386266643789,0.37846311197435156,0.10820644830140402,0.10820316630068305,0.3036487784179407,0.0,0.3036487784179407,0.30365242127975556,0.303651207640943,0.0,0.5151836487373131,0.5151785751309799,0.38539680069896143,0.0,0.38539680069896143,0.3853919233243168,0.3853967008311514,0.0,b_to_a,0.10820644830140225,0.3036487784179389,0.5151836487373123,0.38539680069895965,water,1,-0.4069772004359091,-0.4069754088302968,-0.08174802228102074,0.0,-0.08174802228102074,-0.08173950204456126,-0.08174549319020841,0.0,,,,,,,,,0.8076435985109688,0.5898611272843847,0.34793609781491686,True,True,1.1112192302769338e-08,0.0,5.9911456471439806e-06,True,0.0,0.0,True,1.7916056123112867e-06,True,3.282000720972178e-06,5.073606333283465e-06,True,True,8,season,spring-lex-0,0.0,True,1.0,True,3,3,-0.40697720043591,-0.08174802228102074,8.881784197001252e-16,0.0,True,True,True,1.0,ok,True,True,True,True,True,True,44.73663330078125,False,season,1,0.792674748226665,1.0,1.0,1.0,1.0,1.0,True,True,True,True,True,True,True,True,spring,0
7.007315883408428e-05,8.440202271932409e-05,0.00012296195981158147,0.000598088851064543,0.0005838087355951367,0.0008034945323178093,0.9993318379901014,0.9993317892416855,0.9990735435078707,181,0.01104736328125,True,True,True,-2.1441995008027472,season,0.6199660162654039,0.6199660162654039,47.290771484375,47.290771484375,0.8437920530759633,0.8437920530759633,1.4328863885239808e-05,5.288880097749719e-05,-1.4280115469406367e-05,0.00020540568125326623,-4.874841585955636e-08,-0.00025829448223069207,-6.775774100020726e-06,0.05688671185112959,0.3762836705305972,0.3193969586794685,0.0,0.056892969877662125,8.824936692519714e-08,0.0775918960571289,0.30917835235595703,0.1461674587580788,0.5699942216802061,-0.06857556270091791,-0.26081586932427214,0.09784436122816616,0.03457034923587184,0.4859212619944671,0.43251304099563304,-0.039299964904785156,0.35250282287597656,0.029275597796164732,0.6133186922002256,-0.06857556270091791,-0.26081586932427214,0.09784436122816616,0.03457034923587184,0.4859212619944671,0.43251304099563304,0.18605154469710072,0.18605726246793175,0.5623352152276997,0.0,0.5623352152276997,0.5623410863816112,0.5623433474360695,0.0,-0.02416590164580512,-0.024153408100874074,0.29523105703366426,0.0,0.29523105703366426,0.2952306701610432,0.29523301946486846,0.0,b_to_a,0.18605154469710072,0.5623352152276979,-0.02416590164580512,0.29523105703366337,water,1,0.21021744634290584,0.21021067056880582,0.26710415819403543,0.0,0.26710415819403543,0.26711041622056797,0.26711032797120104,0.0,,,,,,,,,0.9050400848602104,0.4255684343267919,0.18110842480433093,True,True,9.943416873542645e-09,0.0,8.824936692519714e-08,True,0.0,0.0,True,6.775774100020726e-06,True,5.717770831026314e-06,1.249354493104704e-05,True,True,12,season,spring-lex-0,0.0,True,1.0,True,3,3,0.21021744634290584,0.26710415819403455,0.0,8.881784197001252e-16,True,True,True,1.0,ok,True,True,True,True,True,True,56.045528411865234,False,season,1,0.890694958294598,1.0,1.0,1.0,1.0,1.0,True,True,True,True,True,True,True,True,spring,0
1.825448595135378e-05,2.591921283362532e-05,1.5378366270079293e-05,0.007032713567457067,0.006038035388157505,0.007858625969327753,0.9929490319465916,0.9939360453990088,0.9921259956644022,58,0.0035400390625,True,True,True,-5.9539170531654655,water,0.6140602197068297,0.6140602197068297,35.73841094970703,35.73841094970703,0.6616605595823335,0.6616605595823335,7.66472688227154e-06,-2.876119681274488e-06,-0.0009946781792995619,0.0008259124018706859,0.0009870134524172514,-0.0008230362821893822,-2.5686911618194586e-05,-0.7855558537489289,-0.5220227678266696,0.2635330859222593,0.0,-0.7855877275485357,-2.7331003416009025e-05,0.8136177062988281,0.19035053253173828,0.12752781760613097,-0.11271135773185748,0.6860898886926741,0.30306189026357444,0.08063627707942961,0.027058775587564383,0.5523513546788529,0.3981429610084213,0.5435009002685547,0.4198780059814453,-0.14258898842414158,0.11681611571785044,0.6860898886926741,0.30306189026357444,0.08063627707942961,0.027058775587564383,0.5523513546788529,0.3981429610084213,0.3505736465729292,0.35057562827935307,-0.17144912125374034,0.0,-0.17144912125374034,-0.17145472693543162,-0.1714464172392045,0.0,-0.15249393738558226,-0.15246626876754021,0.11103914853667707,0.0,0.11103914853667707,0.11106541665459257,0.11104639534740368,0.0,a_to_b,0.3505736465729292,-0.17144912125374034,-0.15249393738558226,0.11103914853667707,season,1,0.5030675839585115,0.5030418970468933,-0.2824882697904174,0.0,-0.2824882697904174,-0.2825201435900242,-0.2824928125866082,0.0,,,,,,,,,0.895806521066228,0.44467069775340134,0.1977319946408337,True,True,1.7351179085888785e-08,0.0,2.7331003416009025e-05,True,0.0,0.0,True,2.5686911618194586e-05,True,1.9817064238480953e-06,2.766861804204268e-05,True,True,4,water,spring-lex-1,8.881784197001252e-16,True,1.0,True,3,3,0.5030675839585115,-0.2824882697904174,0.0,0.0,True,True,True,1.0,ok,True,True,True,True,True,True,54.01321029663086,False,water,1,0.8816235179499453,1.0,0.0,1.0,0.0,1.0,True,True,True,True,True,True,True,True,spring,0
1.825448595135378e-05,5.631516818030375e-05,1.9379519465560518e-05,0.007032713567457067,0.004487827467500738,0.00879573017371674,0.9929490319465916,0.995455857364319,0.9911848903068178,73,0.00445556640625,True,True,True,-5.9539170531654655,water,0.6025762458020634,0.6025761920787467,42.7867431640625,42.786746978759766,0.6991885295132455,0.6991885918501372,3.806068222894997e-05,1.1250335142067367e-06,-0.0025448860999563285,0.0017630166062596736,0.0025068254177273985,-0.0017641416397737864,1.4698357722053856e-06,-1.739644776929306,-1.0667471051397968,0.6728976717895101,0.0,-1.739638038491802,1.3282032520045561e-05,1.3168725967407227,-0.18689537048339844,0.9392030671072309,-0.1072167405669937,0.37766952963347933,-0.07967862991643315,0.10549192452930534,0.04873421208070657,0.6237585866986702,0.5415093494025353,-0.06081199645996094,0.14886856079101562,-0.4384815260934518,0.22854719070742036,0.37766952963347933,-0.07967862991643315,0.10549192452930534,0.04873421208070657,0.6237585866986702,0.5415093494025353,1.1265530605393934,1.126566788441961,0.05980595539959843,0.0,0.05980595539959843,0.05981535685610595,0.059813946353024505,0.0,-0.4492039051490311,-0.4491916470822357,0.2236937666404799,0.0,0.2236937666404799,0.22369642965948344,0.22370830118892204,0.0,a_to_b,1.1265530605393952,0.05980595539959843,-0.4492039051490302,0.2236937666404799,season,1,1.5757569656884245,1.5757584355241967,-0.16388781124088148,0.0,-0.16388781124088148,-0.1638810728033775,-0.16389435483589754,0.0,,,,,,,,,0.810371121804591,0.5861761542682056,0.3436024271145854,True,True,1.634142549303544e-08,0.0,1.3282032520045561e-05,True,0.0,0.0,True,1.4698357722053856e-06,True,1.3727902567595152e-05,1.2258066795389766e-05,True,True,8,water,spring-lex-1,8.881784197001252e-16,True,1.0,True,3,3,1.5757569656884254,-0.16388781124088148,-8.881784197001252e-16,0.0,True,True,True,1.0,ok,True,True,True,True,True,True,61.19485855102539,False,water,1,0.8278015416060518,1.0,0.0,1.0,0.0,1.0,True,True,True,True,True,True,True,True,spring,0
1.825448595135378e-05,5.13273601285964e-05,4.564389854239714e-05,0.007032713567457067,0.004273589004762663,0.008367545024712209,0.9929490319465916,0.9956750836351087,0.9915868110767454,199,0.01214599609375,True,True,True,-5.9539170531654655,water,0.719931302051252,0.7199313520385042,63.186767578125,63.186767578125,0.8174693716079084,0.8174693716079084,3.307287417724262e-05,2.738941259104336e-05,-0.002759124562694404,0.0013348314572551416,0.0027260516885171393,-0.0013622208698461646,-1.9553288201912267e-05,-0.7892605495267402,-0.11735400507645721,0.6719065444502839,0.0,-0.789250124150473,-1.0598029006381182e-05,1.9216127395629883,1.5826740264892578,1.0721670968402233,0.97845329339812,0.8494456427227668,0.6042207330911253,0.12796581344386854,0.06169952037420526,0.7763179301681727,0.5563848760184869,0.3606700897216797,0.7843971252441406,-0.48877555300108444,0.18017639215300374,0.8494456427227668,0.6042207330911253,0.12796581344386854,0.06169952037420526,0.7763179301681727,0.5563848760184869,1.0338130904669018,1.033802993483329,0.9164590853904446,0.0,0.9164590853904446,0.9164616487338808,0.9164568704474583,0.0,-0.4981186390178829,-0.4981091827132538,0.17378790543240008,0.0,0.17378790543240008,0.1737800433995691,0.17376466708414018,0.0,a_to_b,1.0338130904669018,0.9164590853904446,-0.4981186390178829,0.17378790543240097,season,1,1.5319317294847847,1.5319121761965828,0.7426711799580445,0.0,0.7426711799580445,0.7426816053343117,0.7426922033633181,0.0,,,,,,,,,0.9024129449484705,0.43139020719940546,0.186097489405358,True,True,1.4438210559176289e-08,0.0,1.0598029006381182e-05,True,0.0,0.0,True,1.9553288201912267e-05,True,1.009698357279376e-05,9.456304629118506e-06,True,True,12,water,spring-lex-1,8.881784197001252e-16,True,1.0,True,3,3,1.5319317294847847,0.7426711799580437,0.0,8.881784197001252e-16,True,True,True,1.0,ok,True,True,True,True,True,True,77.29557800292969,False,water,1,0.8812849794059039,1.0,1.0,1.0,1.0,1.0,True,True,True,True,True,True,True,True,spring,0
2.0415773740504173e-05,3.6977017308872585e-05,2.5500462333795752e-05,2.9095673804427105e-05,4.5951213824247446e-05,3.1366359939841297e-05,0.9999504885524552,0.9999170717688669,0.9999431331777263,77,0.00469970703125,True,True,True,-0.35428167196961624,season,0.6140602197068297,0.6140601541624048,35.73841094970703,35.7384147644043,0.6616605595823335,0.661660630207598,1.6561243568368412e-05,5.0846885932915795e-06,1.685554001982034e-05,2.270686135414192e-06,-3.341678358825817e-05,-7.355374728845732e-06,1.6205644197242464e-05,0.010244302428446872,-0.371599983096905,-0.38184428552535543,0.0,0.010229088566388711,-1.9587803532061798e-05,-1.5040645599365234,-1.732675552368164,0.5982516564280491,0.2059794696107211,-2.102316216364663,-1.938655021978942,0.008119904462610215,0.011341537997114718,0.9477295137099098,0.9883111916635606,-2.078907012939453,-2.1342554092407227,0.02340920342511943,-0.19560038726183748,-2.102316216364663,-1.938655021978942,0.008119904462610215,0.011341537997114718,0.9477295137099098,0.9883111916635606,0.5939887411926801,0.5939663697328239,0.2223887580957733,0.0,0.2223887580957733,0.22240083703886349,0.2224046887140947,0.0,0.4569907680387395,0.4569521909346861,0.07514648251338585,0.0,0.07514648251338585,0.0751737753185342,0.07515803919023334,0.0,b_to_a,0.5939887411926765,0.22238875809577152,0.4569907680387395,0.07514648251338407,water,1,0.13699797315394058,0.13701417879813782,0.14724227558238745,0.0,0.14724227558238745,0.1472270617203293,0.14724664952386135,0.0,,,,,,,,,0.8599430547604587,0.5105519321891735,0.2606633051203121,True,True,1.8499015035127886e-08,0.0,1.9587803532061798e-05,True,0.0,0.0,True,1.6205644197242464e-05,True,2.237145985617417e-05,3.857710405341663e-05,True,True,4,season,spring-lex-1,-1.7763568394002505e-15,True,1.0,True,3,3,0.13699797315393702,0.14724227558238745,3.552713678800501e-15,0.0,True,True,True,1.0,ok,True,True,True,True,True,True,54.01321029663086,False,season,1,0.8470828656382661,1.0,1.0,1.0,1.0,1.0,True,True,True,True,True,True,True,True,spring,0
2.0415773740504173e-05,3.7418458629025856e-05,4.901620014196824e-05,2.9095673804427105e-05,4.595097650733085e-05,9.333246528104912e-05,0.9999504885524552,0.9999166305648637,0.9998576513345769,64,0.00390625,True,True,True,-0.35428167196961624,season,0.6025762458020634,0.6025762458020634,42.7867431640625,42.7867431640625,0.6991885295132455,0.6991885295132455,1.7002684888521683e-05,2.8600426401464065e-05,1.685530270290375e-05,6.423679147662201e-05,-3.3857987591479066e-05,-9.283721787822774e-05,-3.920828897108208e-06,-0.43860618408765184,0.2699867297144518,0.7085929138021019,0.0,-0.43862134773270256,-2.2279908906241985e-05,-0.06092643737792969,-0.2431039810180664,0.6553452752872158,0.8966566391205824,-0.7162717126651579,-1.1397606201386985,0.007859981031922154,0.021564482024136612,0.46736066915343066,0.47266328733830015,-1.133871078491211,0.28977394104003906,-0.4175993658260655,1.4295345611786878,-0.7162717126651579,-1.1397606201386985,0.007859981031922154,0.021564482024136612,0.46736066915343066,0.47266328733830015,0.6058563042559051,0.6058634255220277,0.8758430339703569,0.0,0.8758430339703569,0.8758523614136191,0.8758506375351498,0.0,0.4569856034846467,0.45699664557966635,1.1655785172867503,0.0,1.1655785172867503,1.1656030083750633,1.1655790045876877,0.0,b_to_a,0.6058563042559033,0.8758430339703551,0.4569856034846467,1.1655785172867485,water,1,0.1488707007712584,0.1488667799423613,-0.2897354833163934,0.0,-0.2897354833163934,-0.28975064696144415,-0.2897283670525379,0.0,,,,,,,,,0.8175472710378248,0.5773754322736714,0.3333624276982252,True,True,1.4492983894702243e-08,0.0,2.2279908906241985e-05,True,0.0,0.0,True,3.920828897108208e-06,True,7.121266122567249e-06,1.1042095019675457e-05,True,True,8,season,spring-lex-1,-1.7763568394002505e-15,True,1.0,True,3,3,0.14887070077125664,-0.2897354833163934,1.7763568394002505e-15,0.0,True,True,True,1.0,ok,True,True,True,True,True,True,61.19485855102539,False,season,1,0.7757595938096362,1.0,0.0,1.0,0.0,1.0,True,True,True,True,True,True,True,True,spring,0
2.0415773740504173e-05,2.2287462099753894e-05,3.0831331796122285e-05,2.9095673804427105e-05,2.3819671329654648e-05,3.713642982649648e-05,0.9999504885524552,0.9999538928665705,0.9999320322383773,174,0.0106201171875,True,True,True,-0.35428167196961624,season,0.719931302051252,0.719931302051252,63.186767578125,63.186767578125,0.8174693716079084,0.8174693716079084,1.8716883592497206e-06,1.0415558055618112e-05,-5.276002474772457e-06,8.040756022069378e-06,3.4043141153849987e-06,-1.8456314077819336e-05,3.134790084402539e-06,-0.11957950175426824,0.32450715635085636,0.4440866581051264,0.0,-0.11960523019494751,-2.045381065052254e-05,-0.20155811309814453,-0.1368875503540039,0.09012417578360576,0.4344335042805234,-0.2916822888817947,-0.5713210546345913,0.006751578573663556,0.016548819885081043,0.4329255101975969,0.425406128680678,-0.9342069625854492,-0.9093313217163086,-0.6425246737036989,-0.3380102670817813,-0.2916822888817947,-0.5713210546345913,0.006751578573663556,0.016548819885081043,0.4329255101975969,0.425406128680678,0.08771645803066797,0.08771387148390097,0.41222361438152433,0.0,0.41222361438152433,0.4121713639364746,0.41220012964588726,0.0,-0.20007773086233982,-0.20008345219919121,0.24400892724278478,0.0,0.24400892724278478,0.2439824052384143,0.24399071713717646,0.0,b_to_a,0.08771645803066441,0.4122236143815208,-0.2000777308623416,0.24400892724278478,water,1,0.2877941888930078,0.2877973236830922,0.16821468713873955,0.0,0.16821468713873955,0.16818895869806028,0.1682094125087108,0.0,,,,,,,,,0.8931797620364619,0.45006070831210493,0.2025546707083428,True,True,1.193133091133992e-08,0.0,2.045381065052254e-05,True,0.0,0.0,True,3.134790084402539e-06,True,2.5865467669916598e-06,5.721336851394199e-06,True,True,12,season,spring-lex-1,-1.7763568394002505e-15,True,1.0,True,3,3,0.287794188893006,0.168214687138736,1.7763568394002505e-15,3.552713678800501e-15,True,True,True,1.0,ok,True,True,True,True,True,True,77.29557800292969,False,season,1,0.875168571410062,1.0,1.0,1.0,1.0,1.0,True,True,True,True,True,True,True,True,spring,0
8.638419214008458e-06,1.0047827664442618e-05,1.0555734349675239e-05,0.00627273673029549,0.004604679136974666,0.0043246352303608964,0.9937186248504905,0.9953852730353608,0.9956648090352894,57,0.00347900390625,True,True,True,-6.587748413773271,water,0.5930531632158013,0.5930530841933265,33.27332305908203,33.27332305908203,0.7166926053829334,0.7166926053829334,1.4094084504341598e-06,1.9173151356667807e-06,-0.0016680575933208236,-0.0019481014999345935,0.0016666481848703896,0.0019461841847989714,-8.32738336509209e-06,0.11205798732022743,0.04931279416222978,-0.06274519315799498,0.0,0.11206599479654589,-1.2578486579428727e-05,0.7299385070800781,0.7537384033203125,0.3884166716727915,0.22268874897777202,0.3415218354072813,0.5310496543425245,0.07520490490060812,0.03510599863910138,0.5215891984472915,0.4267952175244827,0.614262580871582,0.6510400772094727,0.2727407454642954,0.11999042286693218,0.3415218354072813,0.5310496543425245,0.07520490490060812,0.03510599863910138,0.5215891984472915,0.4267952175244827,0.15113685361404094,0.15112032627289018,0.2004496477762725,0.0,0.2004496477762725,0.20044831386379514,0.2004641984188833,0.0,-0.3091397493419299,-0.30914794929971556,-0.37188494249992576,0.0,-0.37188494249992576,-0.3718942838887216,-0.37189097782021285,0.0,a_to_b,0.15113685361404094,0.20044964777627072,-0.30913974934193167,-0.37188494249992665,season,1,0.46027660295597084,0.46026827557260575,0.5723345902761983,0.0,0.5723345902761983,0.5723425977525167,0.5723551762390962,0.0,,,,,,,,,0.9065472514301718,0.4224608032784129,0.1784731239268991,True,True,1.190073367626187e-08,0.0,1.2578486579428727e-05,True,0.0,0.0,True,8.32738336509209e-06,True,1.652734115076271e-05,8.19995778567062e-06,True,True,4,water,spring-lex-2,1.7763568394002505e-15,True,1.0,True,3,3,0.4602766029559726,0.5723345902761974,-1.7763568394002505e-15,8.881784197001252e-16,True,True,True,1.0,ok,True,True,True,True,True,True,46.426212310791016,False,water,1,0.8891891744859916,1.0,1.0,1.0,1.0,1.0,True,True,True,True,True,True,True,True,spring,0
8.638419214008458e-06,6.9841449132401105e-06,9.056893766142013e-06,0.00627273673029549,0.004161431340616086,0.005558197763463559,0.9937186248504905,0.9958315845144706,0.9944327453427703,79,0.00482177734375,True,True,True,-6.587748413773271,water,0.5935255192124208,0.5935255192124208,37.592098236083984,37.592098236083984,0.6965422829254831,0.6965422829254831,-1.6542743007683478e-06,4.1847455213355455e-07,-0.002111305389679404,-0.0007145389668319312,0.002112959663980174,0.0007141204922798128,1.195990132263347e-05,-0.029531182889188656,0.25988364220820337,0.289414825097392,0.0,-0.02951070265114364,2.643915887645676e-05,0.9767608642578125,0.5668745040893555,0.0786266267269955,0.21583652166866862,0.8981342375308081,0.35103798242066375,0.0938349210427983,0.03801945598235258,0.7990723384945462,0.5032412567560354,0.9315385818481445,0.2747812271118164,0.03340434431732753,-0.07625675530886955,0.8981342375308081,0.35103798242066375,0.0938349210427983,0.03801945598235258,0.7990723384945462,0.5032412567560354,-0.21257703709438758,-0.2125694047678337,0.04730660511381579,0.0,0.04730660511381579,0.04732552303904036,0.04728951404191406,0.0,-0.4103536521686513,-0.41035797974342003,-0.12093882707125925,0.0,-0.12093882707125925,-0.1209403893840797,-0.12094995922232954,0.0,a_to_b,-0.21257703709438758,0.04730660511381579,-0.41035365216865216,-0.12093882707126014,season,1,0.1977766150742637,0.19778857497558633,0.16824543218507504,0.0,0.16824543218507504,0.16826591242312006,0.1682394732642436,0.0,,,,,,,,,0.8003451537129658,0.599558976922243,0.3594710265527664,True,True,1.4745324383854271e-08,0.0,2.643915887645676e-05,True,0.0,0.0,True,1.195990132263347e-05,True,7.632326553874691e-06,4.3275747687587796e-06,True,True,8,water,spring-lex-2,1.7763568394002505e-15,True,1.0,True,3,3,0.19777661507426458,0.16824543218507593,-8.881784197001252e-16,-8.881784197001252e-16,True,True,True,1.0,ok,True,True,True,True,True,True,53.96958541870117,False,water,1,0.795492754408646,1.0,1.0,1.0,1.0,1.0,True,True,True,True,True,True,True,True,spring,0
8.638419214008458e-06,1.2872959167988858e-05,1.1165987419504162e-05,0.00627273673029549,0.003343309758346091,0.0032941672583817767,0.9937186248504905,0.996643817282486,0.9966946667541987,185,0.01129150390625,True,True,True,-6.587748413773271,water,0.6356083738509514,0.6356083738509514,53.49038314819336,53.49038314819336,0.7807176829857657,0.7807176829857657,4.234539953980399e-06,2.527568205495704e-06,-0.002929426971949399,-0.0029785694719137133,0.002925192431995516,0.0029760419037082597,-3.5733622727462944e-06,-0.12744874775967752,-0.142256602552699,-0.014807854793021491,0.0,-0.127466164711878,-2.9817073214033485e-05,1.2420272827148438,0.5009784698486328,0.722036656260908,-0.11556028164072352,0.5199906264539322,0.6165387514893581,0.19809007332323153,0.2578168168336574,0.8405803306595789,0.8985267856806186,0.41465282440185547,0.3975248336791992,-0.10533780205207943,-0.2190139178101571,0.5199906264539322,0.6165387514893581,0.19809007332323153,0.2578168168336574,0.8405803306595789,0.8985267856806186,0.39890931802651863,0.39890596478484497,0.2566527154738196,0.0,0.2566527154738196,0.25663425379882554,0.2566505075179837,0.0,-0.6292514775872906,-0.6292512574666915,-0.6440593323803121,0.0,-0.6440593323803121,-0.6440603771031057,-0.6440739404571616,0.0,a_to_b,0.39890931802651863,0.2566527154738196,-0.6292514775872915,-0.644059332380313,season,1,1.0281607956138092,1.0281572222515365,0.9007120478541317,0.0,0.9007120478541317,0.9006946309019312,0.9007244479751453,0.0,,,,,,,,,0.8898235943346782,0.4563410399268911,0.20824707672142248,True,True,1.212075936220338e-08,0.0,2.9817073214033485e-05,True,0.0,0.0,True,3.5733622727462944e-06,True,3.3532416736647974e-06,2.2012059908149695e-07,True,True,12,water,spring-lex-2,1.7763568394002505e-15,True,1.0,True,3,3,1.0281607956138101,0.9007120478541326,-8.881784197001252e-16,-8.881784197001252e-16,True,True,True,1.0,ok,True,True,True,True,True,True,68.51437377929688,False,water,1,0.8840502668502669,1.0,1.0,1.0,1.0,1.0,True,True,True,True,True,True,True,True,spring,0
7.665623106805493e-05,7.432451611716324e-05,9.573590513472629e-05,0.0014439688990436443,0.001335360795653513,0.002104750306822587,0.9984793748698884,0.9985903146882293,0.9977995137880428,68,0.004150390625,True,True,True,-2.9358198866756426,season,0.5930531632158013,0.5930531632158013,33.27332305908203,33.27332305908203,0.7166926053829334,0.7166926053829334,-2.3317149508916905e-06,1.907967406667136e-05,-0.00010860810339013136,0.0006607814077789428,0.00011093981834098265,-0.0006798610818455897,-1.2221447308391475e-05,-0.201842772889278,0.25315255386726854,0.4549953267565483,0.0,-0.2018443681000024,-1.4155896865375439e-05,0.2672452926635742,-0.1765584945678711,-0.10336563963980439,0.1617752840792459,0.3706109323033857,-0.3383337786470868,0.043331476550061886,0.1712552419058446,0.4012032849895802,0.37154153326549766,0.1890420913696289,-0.29807281494140625,-0.1815688409337488,0.04026096370571075,0.3706109323033857,-0.3383337786470868,0.043331476550061886,0.1712552419058446,0.4012032849895802,0.37154153326549766,-0.03089003598823048,-0.030902673231389954,0.22226251787903983,0.0,0.22226251787903983,0.2222620801436399,0.2222667289117588,0.0,-0.07819398792493004,-0.07819440372078112,0.37680133883161826,0.0,0.37680133883161826,0.37680249630694274,0.37679298917819626,0.0,b_to_a,-0.03089003598823048,0.22226251787903806,-0.07819398792493004,0.37680133883161826,water,1,0.04730395193669956,0.04729173048939117,-0.15453882095257843,0.0,-0.15453882095257843,-0.15454041616330283,-0.15452626026643745,0.0,,,,,,,,,0.898575805319387,0.4388596189990177,0.19259775125612122,True,True,1.2233848323737462e-08,0.0,1.4155896865375439e-05,True,0.0,0.0,True,1.2221447308391475e-05,True,1.2637243159474565e-05,4.157958510830895e-07,True,True,4,season,spring-lex-2,8.881784197001252e-16,True,1.0,True,3,3,0.04730395193669956,-0.1545388209525802,0.0,1.7763568394002505e-15,True,True,True,1.0,ok,True,True,True,True,True,True,46.426212310791016,False,season,1,0.8925603375139932,1.0,0.0,1.0,0.0,1.0,True,True,True,True,True,True,True,True,spring,0
7.665623106805493e-05,8.081961748049517e-05,5.0280740019505594e-05,0.0014439688990436443,0.0014711678625472162,0.0014450326044681005,0.9984793748698884,0.9984480125199723,0.9985046866555123,62,0.0037841796875,True,True,True,-2.9358198866756426,season,0.5935255192124208,0.5935255192124208,37.592098236083984,37.592098236083984,0.6965422829254831,0.6965422829254831,4.163386412440247e-06,-2.6375491048549334e-05,2.7198963503571828e-05,1.063705424456194e-06,-3.136234991607534e-05,2.5311785623927108e-05,-7.469303113794012e-07,-0.45667296034197946,-0.47459762507514824,-0.017924664733167006,0.0,-0.4566547679171027,2.3087312147396233e-05,1.3521432876586914,1.836289405822754,0.043420346339360094,-0.2496262079697793,1.3087229413193704,2.0859156137925545,0.042486956936645025,0.06578052755371155,0.7290902358019137,0.7580133916300132,1.5069169998168945,2.422740936279297,0.198194058497565,0.33682532248676367,1.3087229413193704,2.0859156137925545,0.042486956936645025,0.06578052755371155,0.7290902358019137,0.7580133916300132,0.05288883217160567,0.0528786270274324,-0.4217087929035408,0.0,-0.4217087929035408,-0.4217307765151084,-0.42172901870402946,0.0,0.018661047508482298,0.018651589294620408,0.0007363827753152918,0.0,0.0007363827753152918,0.0006962067388709414,0.000721051862097255,0.0,b_to_a,0.05288883217160745,-0.4217087929035408,0.018661047508482298,0.0007363827753152918,water,1,0.03422778466312337,0.03422703773281199,-0.4224451756788561,0.0,-0.4224451756788561,-0.4224269832539793,-0.4224500705661267,0.0,,,,,,,,,0.8086755651539672,0.5884603602032997,0.34628547940606785,True,True,1.480091934402574e-08,0.0,2.3087312147396233e-05,True,0.0,0.0,True,7.469303113794012e-07,True,1.0205144173269787e-05,9.458213861890385e-06,True,True,8,season,spring-lex-2,8.881784197001252e-16,True,1.0,True,3,3,0.03422778466312515,-0.4224451756788561,-1.7763568394002505e-15,0.0,True,True,True,1.0,ok,True,True,True,True,True,True,53.96958541870117,False,season,1,0.7931329157308323,1.0,0.0,1.0,0.0,1.0,True,True,True,True,True,True,True,True,spring,0
7.665623106805493e-05,0.00010401661025282339,0.00011444066787806246,0.0014439688990436443,0.0013239209285848175,0.0026681345924227094,0.9984793748698884,0.9985720624611624,0.9972174247396993,192,0.01171875,True,True,True,-2.9358198866756426,season,0.6356083738509514,0.6356083738509514,53.49038314819336,53.49038314819336,0.7807176829857657,0.7807176829857657,2.736037918476846e-05,3.778443681000753e-05,-0.00012004797045882688,0.001224165693379065,9.268759127400994e-05,-0.001261950130189038,-5.013545241183692e-06,-0.6052759357359454,0.09550590386134239,0.7007818395972878,0.0,-0.605278600089048,-8.915986651203411e-06,0.11251544952392578,-0.33366966247558594,0.2322028271212755,0.4991593916771766,-0.11968737759734793,-0.8328290541527466,0.2781026456440602,0.4432608959315686,0.5315940428591215,0.7326695871831234,-0.14999771118164062,-0.3868083953857422,-0.030310333584290028,0.44602065876702035,-0.11968737759734793,-0.8328290541527466,0.2781026456440602,0.4432608959315686,0.5315940428591215,0.7326695871831234,0.30521970587114744,0.30520773026864667,0.40072560973248983,0.0,0.40072560973248983,0.4007203527542078,0.40071679555228634,0.0,-0.08679776806153505,-0.08680473011879464,0.6139840715357527,0.0,0.6139840715357527,0.6139814789105733,0.6139690057220006,0.0,b_to_a,0.30521970587114744,0.40072560973248983,-0.08679776806153505,0.6139840715357527,water,1,0.3920174739326825,0.3920124603874413,-0.2132584618032629,0.0,-0.2132584618032629,-0.2132611261563655,-0.2132522101697143,0.0,,,,,,,,,0.8949407951832598,0.44630364403290274,0.19918688350716762,True,True,1.2126499616145256e-08,0.0,8.915986651203411e-06,True,0.0,0.0,True,5.013545241183692e-06,True,1.19756025007689e-05,6.962057259585208e-06,True,True,12,season,spring-lex-2,8.881784197001252e-16,True,1.0,True,3,3,0.3920174739326825,-0.2132584618032629,0.0,0.0,True,True,True,1.0,ok,True,True,True,True,True,True,68.51437377929688,False,season,1,0.8846681751518694,1.0,0.0,1.0,0.0,1.0,True,True,True,True,True,True,True,True,spring,0
4.262543112624592e-05,3.302234440942605e-05,3.7156979905275725e-05,0.003736345226552373,0.003361443389448219,0.0038560095818719236,0.9962210293423214,0.9966055342661424,0.9961068334382228,53,0.00323486328125,True,True,True,-4.473412150522459,water,0.5922187067138444,0.5922185844657439,36.29536437988281,36.29536819458008,0.6475599538039182,0.6475600218634412,-9.603086716819871e-06,-5.468451220970197e-06,-0.0003749018371041542,0.00011966435531955049,0.0003845049238210274,-0.0001141959040985574,1.721138753207896e-05,-0.019295197486274063,0.11796720225935076,0.13726239974562215,0.0,-0.019321269001885355,-8.392153559633186e-06,2.778903007507324,2.8610010147094727,0.017637994998517925,-0.3138134375549839,2.7612650125088294,3.1748144522644743,0.06419025000597392,0.0767781698461256,1.0257498921188446,1.144114059804697,2.662796974182129,3.216731071472168,-0.09846803832667828,0.04191661920771228,2.7612650125088294,3.1748144522644743,0.06419025000597392,0.0767781698461256,1.0257498921188446,1.144114059804697,-0.25526661429986675,-0.25525163940725903,-0.13729941204051777,0.0,-0.13729941204051777,-0.13731965444811323,-0.13731866224473954,0.0,-0.1057374595667051,-0.10573969606162947,0.03152494017891794,0.0,0.03152494017891794,0.03153076928693377,0.03152336933674782,0.0,a_to_b,-0.25526661429986675,-0.137299412040516,-0.10573745956670422,0.03152494017891794,season,1,-0.14952915473316164,-0.14951194334562956,-0.1688243522194357,0.0,-0.1688243522194357,-0.168850423735047,-0.16884203158148736,0.0,,,,,,,,,0.8850302034884687,0.4658168025935507,0.21698531032641127,True,True,1.6060910400449085e-08,0.0,8.392153559633186e-06,True,0.0,0.0,True,1.721138753207896e-05,True,1.4974892607710899e-05,2.23649492436806e-06,True,True,4,water,spring-lex-3,8.881784197001252e-16,True,1.0,True,3,3,-0.14952915473316253,-0.16882435221943393,8.881784197001252e-16,-1.7763568394002505e-15,True,True,True,1.0,ok,True,True,True,True,True,True,56.0494270324707,False,water,1,0.868791287541484,1.0,1.0,1.0,1.0,1.0,True,True,True,True,True,True,True,True,spring,0
4.262543112624592e-05,3.732981027129042e-05,3.64760181082838e-05,0.003736345226552373,0.0017771898410300006,0.003739479703956597,0.9962210293423214,0.9981854803486987,0.9962240442779351,77,0.00469970703125,True,True,True,-4.473412150522459,water,0.5890314624353119,0.5890314051474652,39.22256851196289,39.222572326660156,0.67528894785813,0.6752890135351878,-5.2956208549555025e-06,-6.149413017962121e-06,-0.0019591553855223725,3.134477404223915e-06,0.0019644510063773213,3.014935613721015e-06,-1.499728756471086e-05,-0.7670503133005129,-0.023137203925688965,0.7439131093748221,0.0,-0.7670601425204282,1.202275665157515e-05,2.5901098251342773,1.524075984954834,-0.08627172728411558,0.21367943454747262,2.6763815524184267,1.3103965504073507,0.14040025181079904,0.05936205574500324,1.115536717876036,0.5141517594207153,1.9141845703125,1.311258316040039,-0.7621969821058929,0.0008617656326785905,2.6763815524184267,1.3103965504073507,0.14040025181079904,0.05936205574500324,1.115536717876036,0.5141517594207153,-0.13265883951048352,-0.13266087846016283,-0.15579604343617426,0.0,-0.15579604343617426,-0.15580516291452717,-0.15583054318588552,0.0,-0.7430745457067216,-0.7430615873688362,0.0008385636681005337,0.0,0.0008385636681005337,0.000839273409662944,0.0008259158949561751,0.0,a_to_b,-0.13265883951048352,-0.15579604343617248,-0.7430745457067216,0.0008385636681005337,season,1,0.6104157061962381,0.6104007089086734,-0.1566346071042748,0.0,-0.1566346071042748,-0.15664443632419012,-0.1566564590808417,0.0,,,,,,,,,0.7899023604599705,0.6134413110215771,0.37631026191092254,True,True,1.4623393813203268e-08,0.0,1.202275665157515e-05,True,0.0,0.0,True,1.499728756471086e-05,True,2.03894967931717e-06,1.295833788539369e-05,True,True,8,water,spring-lex-3,8.881784197001252e-16,True,1.0,True,3,3,0.6104157061962381,-0.15663460710427302,0.0,-1.7763568394002505e-15,True,True,True,1.0,ok,True,True,True,True,True,True,58.082645416259766,False,water,1,0.8059065510261294,1.0,0.0,1.0,0.0,1.0,True,True,True,True,True,True,True,True,spring,0
4.262543112624592e-05,5.4038692290531386e-05,5.0230217293118196e-05,0.003736345226552373,0.0021091607002268853,0.002654643925941157,0.9962210293423214,0.9978368006074826,0.9972951258567657,216,0.01318359375,True,True,True,-4.473412150522459,water,0.7031451198112544,0.7031451198112544,60.619014739990234,60.619014739990234,0.827136291441759,0.827136291441759,1.1413261164285463e-05,7.604786166872274e-06,-0.0016271845263254878,-0.001081701300611216,0.0016157712651612144,0.0010740965144443448,-6.806708100270953e-06,-0.30310396539219475,-0.07308353016678026,0.2300204352254127,0.0,-0.3030930933204692,1.2403763003376866e-05,1.9231295585632324,2.891629219055176,0.26982525095642274,-0.028089259462689142,1.653304307606792,2.9197184785178827,0.21251834093358696,0.11636770832949861,0.9970583462190207,1.3539363073957957,1.0752410888671875,2.582310676574707,-0.5780632187396231,-0.3374078019431579,1.653304307606792,2.9197184785178827,0.21251834093358696,0.11636770832949861,0.9970583462190207,1.3539363073957957,0.2372492639310515,0.2372362951711029,0.16416573376426946,0.0,0.16416573376426946,0.16416164533531052,0.16416860571023584,0.0,-0.5718178255403572,-0.5718239875922055,-0.3417973903149445,0.0,-0.3417973903149445,-0.341812350815629,-0.3417929866777003,0.0,a_to_b,0.23724926393104973,0.16416573376426946,-0.5718178255403572,-0.3417973903149445,season,1,0.8090670894714087,0.8090602827633084,0.505963124079214,0.0,0.505963124079214,0.5059739961509395,0.5059615923879361,0.0,,,,,,,,,0.9016293952753428,0.43277665758876843,0.18729567216227927,True,True,1.3631665858504738e-08,0.0,1.2403763003376866e-05,True,0.0,0.0,True,6.806708100270953e-06,True,1.2968759948606134e-05,6.162051848335182e-06,True,True,12,water,spring-lex-3,8.881784197001252e-16,True,1.0,True,3,3,0.8090670894714069,0.505963124079214,1.7763568394002505e-15,0.0,True,True,True,1.0,ok,True,True,True,True,True,True,73.2878189086914,False,water,1,0.8864171991201365,1.0,1.0,1.0,1.0,1.0,True,True,True,True,True,True,True,True,spring,0
1.2255552064772564e-05,1.3652727756886825e-05,1.4020576521604492e-05,1.325255178676216e-05,1.355544518364398e-05,2.1334464568252543e-05,0.9999744918961485,0.9999727918270594,0.9999646449589102,76,0.004638671875,True,True,True,-0.07821105747927071,season,0.5922187067138444,0.592218644470776,36.29536437988281,36.29536819458008,0.6475599538039182,0.6475600218634412,1.3971756921142608e-06,1.7650244568319276e-06,3.0289339688182e-07,8.081912781490382e-06,-1.7000690890611736e-06,-9.846937238267017e-06,1.4715599126802204e-05,-0.4269488299539148,0.026586664794930215,0.4535354947488468,0.0,-0.4269521677556263,-1.791898585778995e-05,-1.9258995056152344,-1.5134477615356445,0.0690291062895465,0.007376314974592901,-1.9949286119048573,-1.5208240765102943,0.00331469308171562,0.0030070745940407695,0.9781549189631952,0.7933201277765808,-2.899507522583008,-2.0452585220336914,-0.9045789106782269,-0.524434445523454,-1.9949286119048573,-1.5208240765102943,0.00331469308171562,0.0030070745940407695,0.9781549189631952,0.7933201277765808,0.1079602732453484,0.10798928979478184,0.1345469380402804,0.0,0.1345469380402804,0.13454420551502722,0.13453489409831043,0.0,0.022598203603923395,0.02261250455423003,0.4761336983527702,0.0,0.4761336983527702,0.4761343036292285,0.4761070732266539,0.0,b_to_a,0.10796027324535018,0.1345469380402804,0.022598203603923395,0.4761336983527702,water,1,0.08536206964142501,0.08537678524055181,-0.3415867603124898,0.0,-0.3415867603124898,-0.34159009811420127,-0.3415721791283435,0.0,,,,,,,,,0.8497771842642448,0.5271506936738305,0.27788780992627,True,True,1.454909725758518e-08,0.0,1.791898585778995e-05,True,0.0,0.0,True,1.4715599126802204e-05,True,2.9016549433436012e-05,1.4300950306633808e-05,True,True,4,season,spring-lex-3,1.7763568394002505e-15,True,1.0,True,3,3,0.08536206964142679,-0.3415867603124898,-1.7763568394002505e-15,0.0,True,True,True,1.0,ok,True,True,True,True,True,True,56.0494270324707,False,season,1,0.8468178466025511,1.0,0.0,1.0,0.0,1.0,True,True,True,True,True,True,True,True,spring,0
1.2255552064772564e-05,1.3704590693157564e-05,1.1494651458441464e-05,1.325255178676216e-05,1.1753246339970367e-05,1.1250891743070459e-05,0.9999744918961485,0.9999745421629669,0.9999772544567985,65,0.00396728515625,True,True,True,-0.07821105747927071,season,0.5890314624353119,0.5890314624353119,39.22256851196289,39.22256851196289,0.67528894785813,0.67528894785813,1.4490386283850001e-06,-7.609006063310997e-07,-1.4993054467917935e-06,-2.0016600436917013e-06,5.026681837438929e-08,2.7625606500158995e-06,-1.572603820676477e-05,-0.1321669320622494,-0.1758490271859987,-0.04368209512374932,0.0,-0.1321382950425125,2.6924669619177166e-05,-0.4252939224243164,-0.6997785568237305,0.14471930342134165,-0.15297683857204447,-0.5700132258456847,-0.5468017182517144,0.0015184259591797039,0.0012258611693412276,0.4468094048861537,0.31365350628949284,-1.0212078094482422,-0.9378528594970703,-0.45119458360258413,-0.3910511412453843,-0.5700132258456847,-0.5468017182517144,0.0015184259591797039,0.0012258611693412276,0.4468094048861537,0.31365350628949284,0.11175179970623539,0.11173594204966264,-0.0640972274797651,0.0,-0.0640972274797651,-0.06409518432996819,-0.06409763030113425,0.0,-0.12006063488626673,-0.12006076650463271,-0.16374273001001782,0.0,-0.16374273001001782,-0.1637693238799578,-0.16374484518150467,0.0,b_to_a,0.11175179970623539,-0.06409722747976332,-0.1200606348862685,-0.16374273001001782,water,1,0.23181243459250211,0.23179670855429535,0.09964550253025273,0.0,0.09964550253025273,0.0996741395499896,0.09964721488037043,0.0,,,,,,,,,0.8037447424784321,0.5974443446857157,0.3569397099438466,True,True,1.4876977173293042e-08,0.0,2.6924669619177166e-05,True,0.0,0.0,True,1.572603820676477e-05,True,1.5857656572748624e-05,1.3161836598385435e-07,True,True,8,season,spring-lex-3,1.7763568394002505e-15,True,1.0,True,3,3,0.2318124345925039,0.0996455025302545,-1.7763568394002505e-15,-1.7763568394002505e-15,True,True,True,1.0,ok,True,True,True,True,True,True,58.082645416259766,False,season,1,0.7494733827138929,1.0,1.0,1.0,1.0,1.0,True,True,True,True,True,True,True,True,spring,0
1.2255552064772564e-05,9.64928364759006e-06,1.0902328148281045e-05,1.325255178676216e-05,1.0371477781034657e-05,1.0478420745340863e-05,0.9999744918961485,0.9999799792385714,0.9999786192511064,203,0.01239013671875,True,True,True,-0.07821105747927071,season,0.7031451198112544,0.7031451198112544,60.619014739990234,60.619014739990234,0.827136291441759,0.827136291441759,-2.6062684171825034e-06,-1.3532239164915196e-06,-2.8810740057275038e-06,-2.7741310414212978e-06,5.487342422894059e-06,4.127354957916829e-06,-3.0710115783705305e-06,0.1118342210208052,0.12209267882797903,0.010258457807173826,0.0,0.11183139312131551,-1.7886693633784034e-05,-1.083704948425293,-0.8378028869628906,-0.3713607271415249,-0.21998798605755354,-0.7123442212838071,-0.6178149009053264,0.0030964796751015503,0.004897454265040756,0.47358360796057575,0.4545644431866733,-1.5396451950073242,-1.8606071472167969,-0.8273009737235562,-1.2427922463114598,-0.7123442212838071,-0.6178149009053264,0.0030964796751015503,0.004897454265040756,0.47358360796057575,0.4545644431866733,-0.2390953849053954,-0.23910089225961073,-0.11700270607741814,0.0,-0.11700270607741814,-0.11700891228577781,-0.11699888724557539,0.0,-0.2451306040777279,-0.24513304042036488,-0.23487214627055586,0.0,-0.23487214627055586,-0.23487552457942584,-0.2348833862328572,0.0,b_to_a,-0.23909538490539362,-0.11700270607741459,-0.2451306040777279,-0.23487214627055408,water,1,0.006035219172332518,0.006032148160754147,0.11786944019313772,0.0,0.11786944019313772,0.11786661229364803,0.11788449898728182,0.0,,,,,,,,,0.8899184178123034,0.4562116370350815,0.20812908547759987,True,True,1.119988986261816e-08,0.0,1.7886693633784034e-05,True,0.0,0.0,True,3.0710115783705305e-06,True,5.507354215339433e-06,2.4363426369689023e-06,True,True,12,season,spring-lex-3,1.7763568394002505e-15,True,1.0,True,3,3,0.006035219172334294,0.1178694401931395,-1.7763568394002505e-15,-1.7763568394002505e-15,True,True,True,1.0,ok,True,True,True,True,True,True,73.2878189086914,False,season,1,0.8807478782018883,1.0,1.0,1.0,1.0,1.0,True,True,True,True,True,True,True,True,spring,0
9.627321479437157e-05,1.9430249711232895e-05,3.4620758722878284e-05,0.0001371776369507302,0.00012035935988160381,0.00011000081081948942,0.9997665491482549,0.9998602103904072,0.9998553784304577,64,0.00390625,True,True,True,-0.35408656926615123,game,0.5823191308684245,0.5823191308684245,33.78728103637695,33.78728103637695,0.6282822947643172,0.6282822947643172,-7.684296508313868e-05,-6.165245607149329e-05,-1.6818277069126377e-05,-2.7176826131240767e-05,9.366124215226534e-05,8.882928220277364e-05,1.9641489430455294e-06,0.6676165466322352,0.5776223501009241,-0.08999419653131113,0.0,0.6676051703097396,-5.801129852045506e-06,0.20456886291503906,0.2564506530761719,-1.4463301060862328,-0.9162677752831225,1.6508989690012505,1.172718428359289,0.14494868446848938,0.10833296561667208,0.5949145222052837,0.5438176829772751,1.9308042526245117,0.6595230102539062,0.27990528362323985,-0.5131954181053882,1.6508989690012505,1.172718428359289,0.14494868446848938,0.10833296561667208,0.5949145222052837,0.5438176829772751,-1.6003590216085897,-1.6003675475747592,-1.0227366715076656,0.0,-1.0227366715076656,-1.0227599021757037,-1.0227569899327769,0.0,-0.13079477263773498,-0.13080526275284754,-0.2207889691690461,0.0,-0.2207889691690461,-0.22080082351458863,-0.22080371240151386,0.0,a_to_b,-1.6003590216085897,-1.0227366715076656,-0.13079477263773498,-0.2207889691690461,fire,1,-1.4695642489708547,-1.4695622848219116,-0.8019477023386195,0.0,-0.8019477023386195,-0.801959078661115,-0.801953277531263,0.0,,,,,,,,,0.8995856857081951,0.4378555339283615,0.19171739970546373,True,True,1.497163097807493e-08,0.0,5.801129852045506e-06,True,0.0,0.0,True,1.9641489430455294e-06,True,8.525966169514732e-06,1.0490115112560261e-05,True,True,4,game,match-lex-0,0.0,True,1.0,True,3,3,-1.4695642489708547,-0.8019477023386195,0.0,0.0,True,True,True,1.0,ok,True,True,True,True,True,True,53.77722930908203,False,game,1,0.868413795203904,1.0,1.0,1.0,1.0,1.0,True,True,True,True,True,True,True,True,match,0
9.627321479437157e-05,4.897541099444685e-05,7.966072497057994e-05,0.0001371776369507302,0.00018332699567267158,0.00014154703008792855,0.9997665491482549,0.9997676975933328,0.9997787922449415,71,0.00433349609375,True,True,True,-0.35408656926615123,game,0.6412196800699345,0.6412196800699345,44.87538528442383,44.87538528442383,0.7616876791304036,0.7616876791304036,-4.729780379992472e-05,-1.661248982379163e-05,4.614935872194139e-05,4.369393137198358e-06,1.1484450779253308e-06,1.2243096686570532e-05,2.5439555006556702e-05,0.7450977127329335,0.48645832280402246,-0.2586393899289128,0.0,0.7451052565042176,1.4501305511060991e-05,-0.5561280250549316,-0.14666223526000977,-0.8973239697447077,-0.4326615909565046,0.34119594468975123,0.2859993556964824,0.03332382074049033,0.010838353814364429,0.5581392783906532,0.4276004698160712,1.3451519012451172,0.04305458068847656,1.003955956555341,-0.24294477500801825,0.34119594468975123,0.2859993556964824,0.03332382074049033,0.010838353814364429,0.5581392783906532,0.4276004698160712,-0.6758717810356547,-0.6758412712151962,-0.18941345823163225,0.0,-0.18941345823163225,-0.18940099482715844,-0.1894072546907779,0.0,0.28999471388216413,0.28999978414761607,0.031355323953253134,0.0,0.031355323953253134,0.03136024358644285,0.03136848502833445,0.0,a_to_b,-0.6758717810356547,-0.18941345823163225,0.28999471388216413,0.03135532395325136,fire,1,-0.9658664949178188,-0.9658410553628123,-0.22076878218488538,0.0,-0.22076878218488538,-0.2207612384136013,-0.22077573971911235,0.0,,,,,,,,,0.8228766355236569,0.5683002073151076,0.32296523682009914,True,True,1.6602537404295967e-08,0.0,1.4501305511060991e-05,True,0.0,0.0,True,2.5439555006556702e-05,True,3.050982045849082e-05,5.0702654519341195e-06,True,True,8,game,match-lex-0,0.0,True,1.0,True,3,3,-0.9658664949178188,-0.2207687821848836,0.0,-1.7763568394002505e-15,True,True,True,1.0,ok,True,True,True,True,True,True,58.91572952270508,False,game,1,0.8133381288696675,1.0,1.0,1.0,1.0,1.0,True,True,True,True,True,True,True,True,match,0
9.627321479437157e-05,7.731774882201358e-05,8.028809900787228e-05,0.0001371776369507302,0.00017784261098428595,0.00016204977488410807,0.9997665491482549,0.9997448396401937,0.9997576621261081,177,0.01080322265625,True,True,True,-0.35408656926615123,game,0.6411738642905527,0.6411738642905527,59.274505615234375,59.274505615234375,0.803485633293879,0.803485633293879,-1.8955465972357986e-05,-1.598511578649929e-05,4.066497403355576e-05,2.4872137933377883e-05,-2.1709508061240612e-05,-8.887022146852885e-06,-7.949585553390648e-06,0.13069327529113473,0.037697864506014866,-0.09299541078511986,0.0,0.13068687882737962,1.9846454364369492e-06,-0.29647159576416016,-0.435821533203125,-0.6600483324305735,-0.736673079518944,0.3635767366663778,0.3008515463158048,0.028291752639947904,0.027255864553079767,0.45131962448335305,0.3489118933978956,0.8130064010620117,0.30594635009765625,0.4494296643955984,0.005094803781837243,0.3635767366663778,0.3008515463158048,0.028291752639947904,0.027255864553079767,0.45131962448335305,0.3489118933978956,-0.2192665979181463,-0.21926939881577745,-0.18156873341212965,0.0,-0.18156873341212965,-0.1815598182337297,-0.18156296967201513,0.0,0.2596222451756329,0.25962739386355516,0.16662683439051484,0.0,0.16662683439051484,0.1666421460326699,0.1666409792398209,0.0,a_to_b,-0.2192665979181445,-0.18156873341212965,0.2596222451756347,0.16662683439051484,fire,1,-0.4788888430937792,-0.4788967926793326,-0.3481955678026445,0.0,-0.3481955678026445,-0.3482019642663996,-0.34820394891183604,0.0,,,,,,,,,0.8789119049073078,0.4773442380889318,0.2278575069441752,True,True,1.413806116483107e-08,0.0,1.9846454364369492e-06,True,0.0,0.0,True,7.949585553390648e-06,True,2.8008976311610922e-06,5.148687922229556e-06,True,True,12,game,match-lex-0,0.0,True,1.0,True,3,3,-0.4788888430937792,-0.3481955678026445,0.0,0.0,True,True,True,1.0,ok,True,True,True,True,True,True,73.7717056274414,False,game,1,0.8603672302420331,1.0,1.0,1.0,1.0,1.0,True,True,True,True,True,True,True,True,match,0
2.2363900313322926e-05,1.0507659048359448e-05,1.443577763465508e-05,0.00021941675999427945,0.00023954161162524547,0.00013585289924933895,0.9997582193396924,0.9997499507293265,0.9998497113231161,56,0.00341796875,True,True,True,-2.2835248693598444,fire,0.5823191308684245,0.5823191308684245,33.78728103637695,33.78728103637695,0.6282822947643172,0.6282822947643172,-1.1856241264963479e-05,-7.928122678667846e-06,2.0124851630966024e-05,-8.35638607449405e-05,-8.26861036595794e-06,9.149198342361942e-05,3.2388653963266734e-06,0.8847597270037042,0.31760525869939826,-0.5671544683043042,0.0,0.8847718287670681,-2.3246655183939424e-05,-0.8692920207977295,0.9432110786437988,-1.2928067472397817,-0.38600757194423174,0.4235147264420256,1.329218650588011,0.41961294539539984,0.853330515388252,0.49851931081830114,0.5111131225880262,0.5272030830383301,0.44037437438964844,0.10368835659627784,-0.8888442761983821,0.4235147264420256,1.329218650588011,0.41961294539539984,0.853330515388252,0.49851931081830114,0.5111131225880262,-0.755343641259115,-0.7553416068825385,-0.437738382559715,0.0,-0.437738382559715,-0.43775541729852563,-0.43775696529270647,0.0,0.08775421044480503,0.08775300595598523,-0.47940025785949913,0.0,-0.47940025785949913,-0.47942939436167364,-0.4794541890110384,0.0,b_to_a,-0.755343641259115,-0.43773838255971675,0.08775421044480503,-0.47940025785949913,game,1,-0.84309785170392,-0.8430946128385237,0.04166187529978416,0.0,0.04166187529978416,0.041673977063148016,0.041697223718331955,0.0,,,,,,,,,0.8446077760075661,0.5370979876982652,0.2884742626216207,True,True,1.491702902827441e-08,0.0,2.3246655183939424e-05,True,0.0,0.0,True,3.2388653963266734e-06,True,2.0343765765318267e-06,1.2044888197948467e-06,True,True,4,fire,match-lex-0,-1.7763568394002505e-15,True,1.0,True,3,3,-0.84309785170392,0.04166187529978238,0.0,1.7763568394002505e-15,True,True,True,1.0,ok,True,True,True,True,True,True,53.77722930908203,False,fire,1,0.8017516741409979,1.0,0.0,1.0,0.0,1.0,True,True,True,True,True,True,True,True,match,0
2.2363900313322926e-05,1.6983989371573037e-05,1.4681760025405076e-05,0.00021941675999427945,0.00022188008311227483,0.00013162626474832431,0.9997582193396924,0.9997611359275161,0.9998536919752263,75,0.00457763671875,True,True,True,-2.2835248693598444,fire,0.6412196800699345,0.6412196800699345,44.87538528442383,44.87538528442383,0.7616876791304036,0.7616876791304036,-5.379910941749889e-06,-7.68214028791785e-06,2.4633231179953794e-06,-8.779049524595514e-05,2.9165878236980802e-06,9.547263553388863e-05,1.3796159041845613e-06,0.3765053007652508,-0.14566518987161814,-0.5221704906368689,0.0,0.3765187364845026,3.876087268039896e-06,0.08194303512573242,0.6068611145019531,-0.7939360537986655,-0.2095633279217317,0.8758790889243819,0.8164244424236742,0.5246348943709426,0.5404752599640341,0.6489990298791658,0.44942342882923414,0.44420433044433594,0.029689788818359375,-0.431674758480062,-0.7867346536053255,0.8758790889243819,0.8164244424236742,0.5246348943709426,0.5404752599640341,0.6489990298791658,0.44942342882923414,-0.2751769670824089,-0.27519482742423484,-0.42084215695402705,0.0,-0.42084215695402705,-0.4208393335516849,-0.42085476802548527,0.0,0.011164134716610263,0.011144894758880142,-0.5110063559202587,0.0,-0.5110063559202587,-0.5110169682371684,-0.5110285266237007,0.0,b_to_a,-0.2751769670824107,-0.4208421569540288,0.011164134716610263,-0.5110063559202587,game,1,-0.28634110179901917,-0.286339722183115,0.09016419896623162,0.0,0.09016419896623162,0.09017763468548345,0.09017375859821541,0.0,,,,,,,,,0.7900931227699071,0.613033664587853,0.3758101540263932,True,True,1.415084734037464e-08,0.0,3.876087268039896e-06,True,0.0,0.0,True,1.3796159041845613e-06,True,1.7860341825937098e-05,1.923995773012166e-05,True,True,8,fire,match-lex-0,-1.7763568394002505e-15,True,1.0,True,3,3,-0.28634110179902095,0.09016419896622985,1.7763568394002505e-15,1.7763568394002505e-15,True,True,True,1.0,ok,True,True,True,True,True,True,58.91572952270508,False,fire,1,0.7976281878019961,1.0,0.0,1.0,0.0,1.0,True,True,True,True,True,True,True,True,match,0
2.2363900313322926e-05,1.9845278841696854e-05,2.606735615532151e-05,0.00021941675999427945,0.00021019048294277035,0.0001359758406715699,0.9997582193396924,0.9997699642382155,0.9998379568031731,178,0.0108642578125,True,True,True,-2.2835248693598444,fire,0.6411738642905527,0.6411738084586682,59.274505615234375,59.274505615234375,0.803485633293879,0.803485633293879,-2.518621471626072e-06,3.703455841998583e-06,-9.226277051509104e-06,-8.344091932270954e-05,1.174489852306948e-05,7.97374634806669e-05,-9.871943506212233e-06,0.7082546257713869,0.272717672388497,-0.4355369533828899,0.0,0.7082726733541627,7.447561371165534e-06,-0.5579392910003662,1.0855836868286133,-0.5948972633555183,0.5206128881455498,0.03695797235513254,0.5649707986830457,0.47708626322234426,0.48498485127712493,0.4746856235507831,0.43993627967714366,-0.5934710502624512,0.08346796035766602,-0.6304290226176033,-0.4815028383253974,0.03695797235513254,0.5649707986830457,0.47708626322234426,0.48498485127712493,0.4746856235507831,0.43993627967714366,-0.11948192857635043,-0.11948664608870452,0.15323574381214478,0.0,0.15323574381214478,0.1532421683143994,0.1532391716177557,0.0,-0.04295875383454373,-0.04295359940339161,-0.4784957072174354,0.0,-0.4784957072174354,-0.47850733029795656,-0.4785028794332291,0.0,b_to_a,-0.1194819285763522,0.15323574381214478,-0.04295875383454373,-0.4784957072174336,game,1,-0.0765231747418067,-0.07653304668531291,0.6317314510295802,0.0,0.6317314510295802,0.631749498612356,0.6317420510509848,0.0,,,,,,,,,0.875086382566579,0.48397516856088985,0.23423191890578282,True,True,1.3776077154131288e-08,0.0,7.447561371165534e-06,True,0.0,0.0,True,9.871943506212233e-06,True,4.7175123540910135e-06,5.154431152121219e-06,True,True,12,fire,match-lex-0,-1.7763568394002505e-15,True,1.0,True,3,3,-0.07652317474180848,0.6317314510295784,1.7763568394002505e-15,1.7763568394002505e-15,True,True,True,1.0,ok,True,True,True,True,True,True,73.7717056274414,False,fire,1,0.8722631481810635,1.0,0.0,1.0,0.0,1.0,True,True,True,True,True,True,True,True,match,0
0.00010247309697714938,5.983269091417403e-05,7.245696028992467e-05,0.00018505159854721246,0.00019178801107125586,0.000120705121935649,0.9997124753044756,0.9997483792980146,0.9998068379177745,49,0.00299072265625,True,True,True,-0.5910344016439204,game,0.5177113367181945,0.5177112792345296,24.889554977416992,24.889554977416992,0.5834432918817326,0.5834432918817326,-4.264040606297535e-05,-3.001613668722471e-05,6.736412524043406e-06,-6.434647661156346e-05,3.590399353903262e-05,9.436261329887063e-05,-2.1001434729939206e-05,0.6544806425997507,0.1914405520144271,-0.46304009058532536,0.0,0.6544638157660163,-2.967610722848235e-05,0.26925039291381836,0.35645246505737305,-0.6041975583246089,-0.32535138978197153,0.8734479512384077,0.6818038548393659,0.014271895497944748,0.017005038322696495,0.35860298002831564,0.3253125641209969,1.2447757720947266,0.09129142761230469,0.37132782085629934,-0.5905124272270399,0.8734479512384077,0.6818038548393659,0.014271895497944748,0.017005038322696495,0.35860298002831564,0.3253125641209969,-0.5380481132198334,-0.5380728787662008,-0.34660756120540803,0.0,-0.34660756120540803,-0.3466481540713353,-0.3466142577362685,0.0,0.035755955790653715,0.03575219167901622,-0.42728413479467164,0.0,-0.42728413479467164,-0.42730790082686454,-0.42730368059902624,0.0,a_to_b,-0.5380481132198369,-0.3466075612054098,0.035755955790653715,-0.42728413479467164,fire,1,-0.5738040690104871,-0.573825070445217,0.08067657358926361,0.0,0.08067657358926361,0.08065974675552923,0.08068942286275771,0.0,,,,,,,,,0.889271418561535,0.45873801598601127,0.21044044390490396,True,True,1.2880379559866057e-08,0.0,2.967610722848235e-05,True,0.0,0.0,True,2.1001434729939206e-05,True,2.4765546367433444e-05,3.7641116374942385e-06,True,True,4,game,match-lex-1,-1.7763568394002505e-15,True,1.0,True,3,3,-0.5738040690104906,0.08067657358926184,3.552713678800501e-15,1.7763568394002505e-15,True,True,True,1.0,ok,True,True,True,True,True,True,42.659767150878906,False,game,1,0.8539984818825005,1.0,0.0,1.0,0.0,1.0,True,True,True,True,True,True,True,True,match,0
0.00010247309697714938,7.482539484884676e-05,0.00012910860327370254,0.00018505159854721246,0.00021898124590117264,0.00021270825394928145,0.9997124753044756,0.99970619335925,0.999658183142777,59,0.00360107421875,True,True,True,-0.5910344016439204,game,0.5886593519266307,0.5886593519266307,33.43189239501953,33.43189239501953,0.7053738824365327,0.7053738824365327,-2.7647702128302617e-05,2.6635506296553163e-05,3.3929647353960184e-05,2.7656655402068996e-05,-6.281945225561358e-06,-5.4292161698610286e-05,1.1042212552325736e-05,0.574561169278681,0.5454966053281716,-0.029064563950507605,0.0,0.574571031798973,-2.059178081381674e-06,0.47325611114501953,1.1366472244262695,-0.4181833818807714,0.05815406417618263,0.8914394930257892,1.078493160250087,0.04293084853723767,0.033259823844373294,0.49155523650358707,0.6354660474182138,1.2749290466308594,1.2669925689697266,0.3834895536050684,0.18849940871963966,0.8914394930257892,1.078493160250087,0.04293084853723767,0.033259823844373294,0.49155523650358707,0.6354660474182138,-0.314442964922911,-0.314438937436023,0.23105364040526055,0.0,0.23105364040526055,0.23104985471416484,0.23105629093158164,0.0,0.1683513937392611,0.16834437901359678,0.13928682978875173,0.0,0.13928682978875173,0.139273181577364,0.13927755861669944,0.0,a_to_b,-0.3144429649229128,0.23105364040525878,0.1683513937392611,0.1392868297887535,fire,1,-0.48279435866217213,-0.4827833164496198,0.09176681061650882,0.0,0.09176681061650882,0.09177667313680082,0.0917787323148822,0.0,,,,,,,,,0.8207701970866671,0.5713278954604323,0.32641561064227714,True,True,1.5825428496940994e-08,0.0,2.059178081381674e-06,True,0.0,0.0,True,1.1042212552325736e-05,True,4.027486887991927e-06,7.01472566433381e-06,True,True,8,game,match-lex-1,-1.7763568394002505e-15,True,1.0,True,3,3,-0.4827943586621739,0.09176681061650527,1.7763568394002505e-15,3.552713678800501e-15,True,True,True,1.0,ok,True,True,True,True,True,True,47.39598846435547,False,game,1,0.8118639593333241,1.0,0.0,1.0,0.0,1.0,True,True,True,True,True,True,True,True,match,0
0.00010247309697714938,6.894914630599928e-05,9.041971578199023e-05,0.00018505159854721246,0.0001652905437955205,0.00023790659503686887,0.9997124753044756,0.9997657603098985,0.9996716736891812,178,0.0108642578125,True,True,True,-0.5910344016439204,game,0.6534944541666318,0.6534944541666318,50.18745803833008,50.18745803833008,0.7877879152178705,0.7877879152178705,-3.35239506711501e-05,-1.2053381195159153e-05,-1.9761054751691953e-05,5.285499648965641e-05,5.328500542289838e-05,-4.0801615294405735e-05,-1.421978755189457e-06,-0.09308022620096068,0.27109311573856054,0.36417334193951945,0.0,-0.09307421101925506,9.817174628778957e-09,-0.34703540802001953,-0.21535062789916992,-0.5020798272697444,-0.06378999850515576,0.15504441924973733,-0.15156062939403725,0.005273582656142623,0.049890690100456284,0.33015176560798515,0.24979237893564935,0.04880237579345703,0.27903270721435547,-0.10624204345626787,0.4305933366083696,0.15504441924973733,-0.15156062939403725,0.005273582656142623,0.049890690100456284,0.33015176560798515,0.24979237893564935,-0.3962310727981091,-0.3962132378595147,-0.12513795705954855,0.0,-0.12513795705954855,-0.125131815796097,-0.1251322508090702,0.0,-0.11292990038393391,-0.1129106434665843,0.2512434415555873,0.0,0.2512434415555873,0.25124356763733324,0.2512431424415347,0.0,a_to_b,-0.3962310727981109,-0.12513795705955033,-0.11292990038393214,0.2512434415555873,fire,1,-0.2833011724141752,-0.2833025943929304,-0.37638139861513586,0.0,-0.37638139861513586,-0.37637538343343024,-0.3763753932506049,0.0,,,,,,,,,0.8954544766105115,0.44521104943567896,0.19821289890365573,True,True,1.1597434720828088e-08,0.0,9.817174628778957e-09,True,0.0,0.0,True,1.421978755189457e-06,True,1.783493859441876e-05,1.9256917349608216e-05,True,True,12,game,match-lex-1,-1.7763568394002505e-15,True,1.0,True,3,3,-0.28330117241417874,-0.37638139861513764,3.552713678800501e-15,1.7763568394002505e-15,True,True,True,1.0,ok,True,True,True,True,True,True,63.70681381225586,False,game,1,0.8882579549144274,1.0,1.0,1.0,1.0,1.0,True,True,True,True,True,True,True,True,match,0
5.401770912061491e-05,3.42782423673383e-05,5.574473002628725e-05,0.0004981424835409784,0.0006164066253303052,0.0004647287547128546,0.9994478398073384,0.9993493151323023,0.9994795265152608,49,0.00299072265625,True,True,True,-2.2215742081510523,fire,0.5177113367181945,0.5177113189080383,24.889554977416992,24.88955307006836,0.5834432918817326,0.583443247171019,-1.973946675327661e-05,1.7270209056723405e-06,0.00011826414178932679,-3.341372882812387e-05,-9.852467503612683e-05,3.168670792241812e-05,-1.244992867910355e-06,0.7687249972370171,0.48627205761200365,-0.2824529396250117,0.0,0.7687262633848899,1.1445090677852932e-05,-1.1874587535858154,-0.047408103942871094,-0.7892141623249174,0.296632065159697,-0.3982445912608892,-0.34404016910256807,0.11715873121008173,0.39234018887205363,0.4813977370093427,0.5167138502874439,-0.24316978454589844,-0.6983346939086914,0.15507480671499962,-0.35429452480612333,-0.3982445912608892,-0.34404016910256807,0.11715873121008173,0.39234018887205363,0.4813977370093427,0.5167138502874439,-0.45480111989592586,-0.45479615162082077,0.031470937716077785,0.0,0.031470937716077785,0.03145545321011767,0.03146438168007748,0.0,0.21302070418441588,0.2130269174523889,-0.06943223544059762,0.0,-0.06943223544059762,-0.06944898609443051,-0.06942861253379284,0.0,b_to_a,-0.45480111989592586,0.031470937716077785,0.2130207041844141,-0.06943223544059762,game,1,-0.6678218240803417,-0.6678230690732097,0.10090317315667541,0.0,0.10090317315667541,0.10090443930454818,0.10089299421387032,0.0,,,,,,,,,0.8794657331844561,0.4780735230758235,0.22855429770701766,True,True,1.30562973063727e-08,0.0,1.1445090677852932e-05,True,0.0,0.0,True,1.244992867910355e-06,True,4.968275105099451e-06,6.213267973009806e-06,True,True,4,fire,match-lex-1,8.881784197001252e-16,True,1.0,True,3,3,-0.66782182408034,0.10090317315667541,-1.7763568394002505e-15,0.0,True,True,True,1.0,ok,True,True,True,True,True,True,42.659767150878906,False,fire,1,0.8345884493383395,1.0,0.0,1.0,0.0,1.0,True,True,True,True,True,True,True,True,match,0
5.401770912061491e-05,3.527020695536411e-05,6.252691082933102e-05,0.0004981424835409784,0.0005359259935665842,0.0005830973003127331,0.9994478398073384,0.9994288037994781,0.999354375788858,51,0.00311279296875,True,True,True,-2.2215742081510523,fire,0.5886593519266307,0.5886593904458534,33.43189239501953,33.43189239501953,0.7053738824365327,0.7053738824365327,-1.8747502165250804e-05,8.509201708716105e-06,3.7783510025605734e-05,8.495481677175465e-05,-1.903600786035131e-05,-9.346401848042696e-05,-1.0378127509369506e-05,0.4882004368696631,0.5725584253658944,0.08435798849622955,0.0,0.48820847544154766,9.488326998763341e-06,0.011784553527832031,-1.2092878818511963,-0.5099566391562913,0.32087066599187253,0.5217411926841145,-1.5301585478430653,0.25940161852685095,0.022782794535757152,0.3361752591618718,1.079554855357647,0.36838674545288086,-1.7712135314941406,-0.15335444723124247,-0.2410549836510718,0.5217411926841145,-1.5301585478430653,0.25940161852685095,0.022782794535757152,0.3361752591618718,1.079554855357647,-0.4262733275038819,-0.42628187246466354,0.14628509786201072,0.0,0.14628509786201072,0.14628698408381702,0.14628598163413997,0.0,0.07310993220326978,0.07311176536999753,0.15746792069949933,0.0,0.15746792069949933,0.15746176834942105,0.15747025422674277,0.0,b_to_a,-0.4262733275038837,0.14628509786201072,0.07310993220326889,0.15746792069949844,game,1,-0.4993832597071517,-0.49939363783466106,-0.011182822837488615,0.0,-0.011182822837488615,-0.011174784265604032,-0.011184272592602795,0.0,,,,,,,,,0.7925746584316705,0.6101878599797402,0.3723292792124613,True,True,1.4175937363309132e-08,0.0,9.488326998763341e-06,True,0.0,0.0,True,1.0378127509369506e-05,True,8.544960781620148e-06,1.833166727749358e-06,True,True,8,fire,match-lex-1,8.881784197001252e-16,True,1.0,True,3,3,-0.4993832597071526,-0.011182822837487727,8.881784197001252e-16,-8.881784197001252e-16,True,True,True,1.0,ok,True,True,True,True,True,True,47.39598846435547,False,fire,1,0.7701297500074565,1.0,1.0,1.0,1.0,1.0,True,True,True,True,True,True,True,True,match,0
5.401770912061491e-05,4.803999937940853e-05,4.77815875718641e-05,0.0004981424835409784,0.00038260289702465704,0.0004111140422704706,0.9994478398073384,0.999569357103596,0.9995411043701576,176,0.0107421875,True,True,True,-2.2215742081510523,fire,0.6534944541666318,0.6534944541666318,50.18745803833008,50.18745803833008,0.7877879152178705,0.7877879152178705,-5.977709741206379e-06,-6.2361215487508135e-06,-0.00011553958651632141,-8.702844127050783e-05,0.00012151729625753394,9.326456281921747e-05,2.8587258039891594e-05,-0.077266638444204,-0.005393616244999677,0.07187302219920433,0.0,-0.07726643072437511,2.864040192562811e-06,1.1882481575012207,-0.1168985366821289,-0.07333901239308638,-0.08726862772973831,1.2615871698943195,-0.02962990895237816,0.3217976137140821,0.08834780426622428,0.5338048898906699,0.348883601057363,0.8931808471679688,-0.1404571533203125,-0.36840632272633833,-0.1108272443679219,1.2615871698943195,-0.02962990895237816,0.3217976137140821,0.08834780426622428,0.5338048898906699,0.348883601057363,-0.1172779551860117,-0.11727894759391688,-0.12267157143101137,0.0,-0.12267157143101137,-0.12267715798944678,-0.12267221862419575,0.0,-0.2638885187120579,-0.26391809837800295,-0.19201549651285355,0.0,-0.19201549651285355,-0.19202129079111785,-0.19201348738567425,0.0,b_to_a,-0.1172779551860117,-0.12267157143101137,-0.26388851871205876,-0.19201549651285443,game,1,0.14661056352604618,0.14663915078408607,0.06934392508184217,0.0,0.06934392508184217,0.06934413280167107,0.0693412687614785,0.0,,,,,,,,,0.882670210923567,0.4700187366539982,0.22091762396117057,True,True,1.0834255334933566e-08,0.0,2.864040192562811e-06,True,0.0,0.0,True,2.8587258039891594e-05,True,9.92407905187065e-07,2.957966594507866e-05,True,True,12,fire,match-lex-1,8.881784197001252e-16,True,1.0,True,3,3,0.14661056352604707,0.06934392508184306,-8.881784197001252e-16,-8.881784197001252e-16,True,True,True,1.0,ok,True,True,True,True,True,True,63.70681381225586,False,fire,1,0.8777626816542378,1.0,1.0,1.0,1.0,1.0,True,True,True,True,True,True,True,True,match,0
5.040759853437701e-06,1.0547750837012021e-05,3.2277449013499417e-06,0.00015315967823081807,8.051681547294937e-05,4.143396785976176e-05,0.9998417995619158,0.9999089354336901,0.9999553382872389,62,0.0037841796875,True,True,True,-3.413924190446913,game,0.5718274688287691,0.5718274272137207,30.184284210205078,30.184284210205078,0.6212009422159472,0.6212009422159472,5.5069909835743205e-06,-1.8130149520877593e-06,-7.26428627578687e-05,-0.00011172571037105631,6.713587177431535e-05,0.000113538725323159,-3.2086467971481625e-06,-0.5197638996004592,-1.1841289259474852,-0.664365026347026,0.0,-0.5197837521970534,2.4306264148066248e-06,0.6270437240600586,0.7521467208862305,0.33656919145997044,-0.4713155203828858,0.290474532600129,1.2234622412691643,0.14464494730041372,0.15003762738743165,1.2139458224871393,0.7616924996754622,0.1336536407470703,0.49346065521240234,-0.15682089185301784,-0.730001586056714,0.290474532600129,1.2234622412691643,0.14464494730041372,0.15003762738743165,1.2139458224871393,0.7616924996754622,0.7383558110987245,0.7383713257776332,-0.4457731148487607,0.0,-0.4457731148487607,-0.44576446283956805,-0.44576958602411665,0.0,-0.6430149752641157,-0.6429962519384098,-1.3073800016111417,0.0,-1.3073800016111417,-1.3073514970053548,-1.3073541895634886,0.0,a_to_b,0.7383558110987245,-0.4457731148487607,-0.6430149752641157,-1.3073800016111417,fire,1,1.3813707863628402,1.381367577716043,0.861606886762381,0.0,0.861606886762381,0.8615870341657867,0.8615846035393719,0.0,,,,,,,,,0.8901975794433752,0.45761334515442753,0.20941008439615255,True,True,1.5317640295321815e-08,0.0,2.4306264148066248e-06,True,0.0,0.0,True,3.2086467971481625e-06,True,1.5514678908701285e-05,1.8723325705849447e-05,True,True,4,game,match-lex-2,0.0,True,1.0,True,3,3,1.3813707863628402,0.861606886762381,0.0,0.0,True,True,True,1.0,ok,True,True,True,True,True,True,48.5902099609375,False,game,1,0.8470467480483911,1.0,1.0,1.0,1.0,1.0,True,True,True,True,True,True,True,True,match,0
5.040759853437701e-06,1.9817548807858516e-05,1.293954834607562e-05,0.00015315967823081807,0.00036980444796629936,0.0003284173172466085,0.9998417995619158,0.9996103780032258,0.9996586431344073,57,0.00347900390625,True,True,True,-3.413924190446913,game,0.6839211359830254,0.6839211359830254,49.56178665161133,49.56178665161133,0.7340537977011448,0.7340537977011448,1.4776788954420815e-05,7.89878849263792e-06,0.0002166447697354813,0.00017525763901579043,-0.00023142155868993708,-0.0001831564275084352,-6.279255648777848e-06,-0.3075902252838496,-0.426279463832703,-0.11868923854885427,0.0,-0.3075796548130114,3.642951666726901e-05,0.7734289169311523,-0.42093753814697266,1.427893225300318,0.577235609503882,-0.654464308369171,-0.9981731476508564,0.18425655013766085,0.2829977511548341,0.8788997234826564,0.712569962989577,0.13454627990722656,-0.8722152709960938,0.7890105882763923,0.12595787665476088,-0.654464308369171,-0.9981731476508564,0.18425655013766085,0.2829977511548341,0.8788997234826564,0.712569962989577,1.3690110133023108,1.3690066341867624,0.9427315494696078,0.0,0.9427315494696078,0.9427345945613155,0.9427070488665024,0.0,0.8814933211755385,0.8814952213156388,0.7628040826266851,0.0,0.7628040826266851,0.7627965572475546,0.7628054410694087,0.0,a_to_b,1.3690110133023108,0.9427315494696078,0.8814933211755394,0.7628040826266851,fire,1,0.4875176921267723,0.48751141287112354,0.1799274668429227,0.0,0.1799274668429227,0.1799380373137609,0.17990160779709363,0.0,,,,,,,,,0.8017834082651221,0.5987216353897017,0.35846766140144415,True,True,2.8354414419140933e-08,0.0,3.642951666726901e-05,True,0.0,0.0,True,6.279255648777848e-06,True,4.379115548402979e-06,1.9001401003748697e-06,True,True,8,game,match-lex-2,0.0,True,1.0,True,3,3,0.48751769212677143,0.1799274668429227,8.881784197001252e-16,0.0,True,True,True,1.0,ok,True,True,True,True,True,True,67.5179214477539,False,game,1,0.7653951957201162,1.0,1.0,1.0,1.0,1.0,True,True,True,True,True,True,True,True,match,0
5.040759853437701e-06,1.0658408531906565e-05,8.822103958173858e-06,0.00015315967823081807,0.00016235427910520281,0.00013005717044780799,0.9998417995619158,0.999826987312363,0.9998611207255941,172,0.010498046875,True,True,True,-3.413924190446913,game,0.6161909278996957,0.6161909752271293,49.66637420654297,49.6663703918457,0.7027739501687771,0.7027738961912136,5.617648678468864e-06,3.7813441047361568e-06,9.194600874384747e-06,-2.310250778301008e-05,-1.4812249552798029e-05,1.9321163678309716e-05,1.5685730625492056e-05,0.0327180004591181,-0.18908872856792058,-0.2218067290270369,0.0,0.032784062275975856,2.1850394256617278e-05,0.04109668731689453,0.176910400390625,0.13801593962948822,0.30248454050450846,-0.09691925231258125,-0.12557414011387635,0.043324668011873665,0.01723980104141003,0.562453431022654,0.3750945179189506,0.14486026763916016,-0.47208404541015625,0.24177951995175384,-0.3465099052962728,-0.09691925231258125,-0.12557414011387635,0.043324668011873665,0.01723980104141003,0.562453431022654,0.3750945179189506,0.7487922788597476,0.7487810100897789,0.5597035502918288,0.0,0.5597035502918288,0.5597536956793068,0.5597333808791749,0.0,0.05829982974907644,0.05827287524848224,-0.16350689927796047,0.0,-0.16350689927796047,-0.16352281570734029,-0.16352128011321554,0.0,a_to_b,0.7487922788597494,0.5597035502918288,0.05829982974907644,-0.16350689927796047,fire,1,0.6904924491106712,0.6905081348412967,0.7232104495697893,0.0,0.7232104495697893,0.7232765113866471,0.7232546609923904,0.0,,,,,,,,,0.8739555248017827,0.48694188004265754,0.23711239674412393,True,True,1.609219031515188e-08,0.0,2.1850394256617278e-05,True,0.0,0.0,True,1.5685730625492056e-05,True,1.1268769968708625e-05,2.695450059420068e-05,True,True,12,game,match-lex-2,0.0,True,1.0,True,3,3,0.690492449110673,0.7232104495697893,-1.7763568394002505e-15,0.0,True,True,True,1.0,ok,True,True,True,True,True,True,70.67190551757812,False,game,1,0.8437768929853623,1.0,1.0,1.0,1.0,1.0,True,True,True,True,True,True,True,True,match,0
3.6384378196000735e-06,6.8156949108341955e-06,4.72286799280543e-06,0.00034330911317776927,0.00034989640994075694,0.0005890106089115524,0.9996530524490026,0.9996432878951484,0.9994062665230956,68,0.004150390625,True,True,True,-4.547097466027209,fire,0.5718274688287691,0.5718273910798776,30.184284210205078,30.18428611755371,0.6212009422159472,0.6212009814697111,3.177257091234122e-06,1.0844301732053566e-06,6.587296762987675e-06,0.00024570149573378315,-9.764553854152425e-06,-0.00024678592590698933,-5.882217955388569e-06,-0.8876147956691991,-0.36681178712865403,0.5208070561463778,-2.2324582548804983e-05,-0.8876079802757033,-5.224479654231118e-06,-0.5043306350708008,-0.49770545959472656,0.07784965855164572,0.4459394242370891,-0.5821802936224536,-0.9436448838318157,0.016464565925114735,0.1516907810240561,0.5125914522397985,0.5194556105787446,0.26502418518066406,-0.3383607864379883,0.8472044788031106,0.6052840973938274,-0.5821802936224536,-0.9436448838318157,0.016464565925114735,0.1516907810240561,0.5125914522397985,0.5194556105787446,0.627673825529163,0.6276647300120288,0.2608718984895617,-8.11419421253845e-06,0.26087123422865055,0.26085159065424257,0.26088141807011667,-1.0478573308603245e-05,0.0189905571133977,0.01898734381421896,0.5398034257429956,-1.8956551350868267e-05,0.5397804368995356,0.5397763025141806,0.5398009054504005,-7.829709554485476e-06,b_to_a,0.6276736087016843,0.2608618215730303,0.019005893152587383,0.5398129492989652,game,1,0.6086832684157653,0.6086773861978099,-0.27893152725343384,1.0842357138329817e-05,-0.27890920267088504,-0.27892471185993806,-0.2789194873802838,-2.6488637541177695e-06,,,,,,,,,0.85239344337663,0.5260353642809037,0.27671313413456233,True,True,1.4844639932143182e-08,2.2324582548804983e-05,5.224479654231118e-06,True,1.0842357138329817e-05,2.6488637541177695e-06,True,5.882217955388569e-06,True,9.095517134127817e-06,3.2132991787392484e-06,True,True,4,fire,match-lex-2,-2.0639191530946732e-05,False,0.0,True,3,3,0.6086677155490969,-0.2789511277259349,1.555286666832245e-05,1.9600472501046795e-05,True,True,True,1.0,ok,True,True,True,True,True,True,48.5902099609375,False,fire,1,0.7950574356110366,1.0,0.0,1.0,0.0,1.0,True,True,True,True,True,True,True,True,match,0
3.6384378196000735e-06,1.2008855386251538e-05,7.450866495221814e-06,0.00034330911317776927,0.00034751460735884675,0.00022992086458581952,0.9996530524490026,0.999640476537255,0.9997626282689189,47,0.00286865234375,True,True,True,-4.547097466027209,fire,0.6839211359830254,0.6839211359830254,49.56178665161133,49.56178665161133,0.7340537977011448,0.7340537977011448,8.370417566651466e-06,3.81242867562174e-06,4.2054941810774796e-06,-0.00011338824859194975,-1.2575911747636503e-05,0.00010957581991632992,-3.4889210933641834e-05,-0.06429597003026188,-0.4773139927802461,-0.4130715169860224,-2.5431579224743928e-06,-0.06429797769059853,-1.0931899783628296e-05,1.39231538772583,1.4050335884094238,1.1192717527365232,1.2467959589709636,0.27304363498932105,0.15823762943846376,0.04595876162171994,0.030553389973382146,0.6515047984126988,0.3857391636385694,0.8517017364501953,-0.17909622192382812,0.5786581014608885,-0.33733385136228833,0.27304363498932105,0.15823762943846376,0.04595876162171994,0.030553389973382146,0.6515047984126988,0.3857391636385694,1.194114127987028,1.1940960503454807,0.7167960038717744,-4.280220364805132e-06,0.7167847192179799,0.7167908852824016,0.7167799493689024,-4.473022839235341e-06,0.012129514204623604,0.01214632577400998,-0.40089263988036805,-1.4035285378355411e-05,-0.40090646769208504,-0.4008957508094042,-0.40091761862268704,-2.062519190992873e-05,b_to_a,1.1940899074028,0.7167759146225539,0.012175453761607002,-0.4008960632244154,game,1,1.1819846137824044,1.1819497245714707,1.1176886437521425,9.75506501355028e-06,1.117691186910065,1.1176866360918059,1.1176975679915895,1.615216907069339e-05,,,,,,,,,0.7902870326445088,0.6144424725166997,0.3775394905900238,True,True,2.8389909215243872e-08,2.5431579224743928e-06,1.0931899783628296e-05,True,9.75506501355028e-06,1.615216907069339e-05,True,3.4889210933641834e-05,True,1.807764154726499e-05,1.6811569386376846e-05,True,True,8,fire,match-lex-2,-2.0639191530946732e-05,False,0.0,True,3,3,1.181914453641193,1.1176719778469693,7.016014121141723e-05,1.6665905173240958e-05,True,True,True,1.0,ok,True,True,True,True,True,True,67.5179214477539,False,fire,1,0.7445372114098963,1.0,1.0,1.0,1.0,1.0,True,True,True,True,True,True,True,True,match,0
3.6384378196000735e-06,9.137544257534075e-06,8.256339453007409e-06,0.00034330911317776927,0.00024340663716628587,0.0001982619578089725,0.9996530524490026,0.9997474558185762,0.9997934817027381,131,0.00799560546875,True,True,True,-4.547097466027209,fire,0.6161909278996957,0.6161909278996957,49.66637420654297,49.66637420654297,0.7027739501687771,0.7027739501687771,5.499106437934001e-06,4.617901633407335e-06,-9.99024760114834e-05,-0.00014504715536879678,9.44033695735591e-05,0.00014042925373547455,7.344872347658793e-06,0.10374864003402706,-0.10141034475938326,-0.20514427322365947,3.1288182160693623e-06,0.10375538694454178,-2.3765783456752843e-06,1.8330073356628418,1.8387408256530762,1.5600906544843713,1.7385309109045899,0.27291668117849,0.1002099147485147,0.06740986545931942,0.0388071973244516,0.6742971078282197,0.3597411823007611,0.16305923461914062,-0.31783008575439453,-0.10985744655932983,-0.4180400005028808,0.27291668117849,0.1002099147485147,0.06740986545931942,0.0388071973244516,0.6742971078282197,0.3597411823007611,0.920868797755169,0.9208566085083945,0.8194263111837046,-9.697010876053014e-06,0.8194208836050318,0.8194215262002871,0.8194221853559736,-1.3161880328738107e-05,-0.34386685138780493,-0.3438863855069272,-0.5490579779932965,-3.201152373399907e-05,-0.5490602767537531,-0.5490695098872287,-0.5490712273098879,-2.0604979601657192e-05,b_to_a,0.9208372494808295,0.8194269047214462,-0.3438977971881556,-0.5490420704118151,game,1,1.264735649142974,1.2647429940153216,1.368484289177001,2.2314512857946056e-05,1.368481160358785,1.3684910360875158,1.3684934126658614,7.443099272919085e-06,,,,,,,,,0.8822300478930201,0.4714755271449534,0.2222891640472253,True,True,1.3138358781973534e-08,3.1288182160693623e-06,2.3765783456752843e-06,True,2.2314512857946056e-05,7.443099272919085e-06,True,7.344872347658793e-06,True,1.218924677459654e-05,1.9534119122255333e-05,True,True,12,fire,match-lex-2,-2.0639191530946732e-05,False,0.0,True,3,3,1.264735046668985,1.3684689751332613,6.024739889198827e-07,1.531404373977807e-05,True,True,True,1.0,ok,True,True,True,True,True,True,70.67190551757812,False,fire,1,0.8573473666174971,1.0,1.0,1.0,1.0,1.0,True,True,True,True,True,True,True,True,match,0
8.911309822715797e-06,4.4275645139009535e-06,6.4184981163384456e-06,0.00014429996557921237,0.00014421250873124784,0.0002592903340172395,0.9998467887245981,0.9998513599267549,0.9997342911678664,44,0.002685546875,True,True,True,-2.784572990648618,game,0.5705622054274919,0.5705622434028699,32.3403434753418,32.3403434753418,0.650745690103482,0.650745690103482,-4.4837453088148436e-06,-2.4928117063773515e-06,-8.74568479645294e-08,0.00011499036843802714,4.571202156800069e-06,-0.00011249755673170547,1.1906943399253578e-05,-0.21532595751359196,0.371334490319974,0.586660447833566,0.0,-0.21531803194929822,-1.8294464416257483e-05,-0.9808740615844727,-0.11295318603515625,-0.2302635697033022,0.2624869508984222,-0.7506104918812504,-0.3754401369336122,0.005855415826309932,0.002267311241843121,0.9134826894854267,0.6881946733167611,-0.42305469512939453,-0.016013145446777344,0.32755579675177415,0.35942699148680113,-0.7506104918812504,-0.3754401369336122,0.005855415826309932,0.002267311241843121,0.9134826894854267,0.6881946733167611,-0.69947157484585,-0.6994832094822101,-0.328137084525876,0.0,-0.328137084525876,-0.3281485492870573,-0.3281476649629482,0.0,-0.0006062604457728327,-0.0006298020255322001,0.5860541873877931,0.0,0.5860541873877931,0.5860347970623181,0.5860173869220109,0.0,a_to_b,-0.69947157484585,-0.328137084525876,-0.0006062604457728327,0.5860541873877931,fire,1,-0.6988653144000772,-0.6988534074566779,-0.9141912719136691,0.0,-0.9141912719136691,-0.9141833463493754,-0.9141650518849591,0.0,,,,,,,,,0.8739925299438787,0.49009878647426436,0.24019672165300754,True,True,1.4638637655252776e-08,0.0,1.8294464416257483e-05,True,0.0,0.0,True,1.1906943399253578e-05,True,1.163463636011386e-05,2.3541579759367437e-05,True,True,4,game,match-lex-3,0.0,True,1.0,True,3,3,-0.6988653144000772,-0.9141912719136691,0.0,0.0,True,True,True,1.0,ok,True,True,True,True,True,True,49.69736099243164,False,game,1,0.8102784026124131,1.0,1.0,1.0,1.0,1.0,True,True,True,True,True,True,True,True,match,0
8.911309822715797e-06,1.1967283096336343e-05,7.972768984056437e-06,0.00014429996557921237,0.000243318412387819,0.0001963416935467766,0.9998467887245981,0.9997447143045158,0.9997956855374692,55,0.00335693359375,True,True,True,-2.784572990648618,game,0.5604009570880187,0.5604010230902153,32.38922882080078,32.389225006103516,0.6809790856578041,0.6809790054543182,3.0559732736205465e-06,-9.385408386593598e-07,9.901844680860664e-05,5.2041727967564225e-05,-0.00010207442008225431,-5.1103187128864747e-05,-1.687716123299765e-06,-0.1916302105794685,-0.4061446594103355,-0.21451444883086523,0.0,-0.19163832858132857,-1.7895780047183507e-05,-0.5029640197753906,0.07090091705322266,-0.10739549046778407,0.3431610086255823,-0.39556852930769537,-0.27226009157247333,0.007739644102106163,0.002326304123450029,0.8927730785355258,0.6699424174674194,0.02993011474609375,0.13789081573486328,0.4254986440537003,0.4101509073072229,-0.39556852930769537,-0.27226009157247333,0.007739644102106163,0.002326304123450029,0.8927730785355258,0.6699424174674194,0.2948552811331968,0.2948455977130422,-0.1112893782771387,0.0,-0.1112893782771387,-0.11129392008525052,-0.11130143366694867,0.0,0.5224766973965753,0.522468701692544,0.3079622485657083,0.0,0.3079622485657083,0.30796582475945655,0.3079404153977112,0.0,a_to_b,0.2948552811331968,-0.1112893782771387,0.5224766973965753,0.3079622485657101,fire,1,-0.2276214162633785,-0.2276231039795018,-0.419251626842847,0.0,-0.419251626842847,-0.41925974484470707,-0.4192418490646599,0.0,,,,,,,,,0.8009735042203059,0.5998182566497013,0.3597817799663046,True,True,1.2276566470326031e-08,0.0,1.7895780047183507e-05,True,0.0,0.0,True,1.687716123299765e-06,True,9.683420154615874e-06,7.995704031316109e-06,True,True,8,game,match-lex-3,0.0,True,1.0,True,3,3,-0.2276214162633785,-0.4192516268428488,0.0,1.7763568394002505e-15,True,True,True,1.0,ok,True,True,True,True,True,True,47.56273651123047,False,game,1,0.7643652822418738,1.0,1.0,1.0,1.0,1.0,True,True,True,True,True,True,True,True,match,0
8.911309822715797e-06,6.75271189678643e-06,1.0758160090401775e-05,0.00014429996557921237,0.000165460624118127,0.0001552755070584046,0.9998467887245981,0.9998277866639851,0.9998339663328512,167,0.01019287109375,True,True,True,-2.784572990648618,game,0.6349078641671931,0.6349078641671931,46.006412506103516,46.006412506103516,0.759020105908948,0.759020105908948,-2.158597925929367e-06,1.8468502676859783e-06,2.1160658538914637e-05,1.0975541479192223e-05,-1.90020606130048e-05,-1.2822391746936113e-05,4.9833770887630635e-08,0.5292525998923097,0.4657203581100742,-0.06353224178223371,0.0,0.5292343257834666,7.012970964836995e-06,-0.09771537780761719,0.09519577026367188,-0.23486855459566236,0.07648836122935343,0.13715317678801497,0.018707409034242062,0.002545787022742137,0.0017615788781910218,0.5629476116419254,0.4540220062754842,0.3298826217651367,-0.004389762878417969,0.19272944497709155,-0.023097171912736414,0.13715317678801497,0.018707409034242062,0.002545787022742137,0.0017615788781910218,0.5629476116419254,0.4540220062754842,-0.27737704990850354,-0.2773819995377522,0.18834330820157064,0.0,0.18834330820157064,0.18833503810489916,0.18831803068033537,0.0,0.1368390185295958,0.13683401906657622,0.0733067767473603,0.0,0.0733067767473603,0.07331678075953185,0.0733067863059329,0.0,a_to_b,-0.27737704990850354,0.18834330820157064,0.1368390185295958,0.07330677674736208,fire,1,-0.4142160684380993,-0.41421601860432844,0.11503653145421033,0.0,0.11503653145421033,0.1150182573453673,0.11501124437440247,0.0,,,,,,,,,0.8873346734313634,0.46135203961283455,0.21284583601566445,True,True,1.162178615519045e-08,0.0,7.012970964836995e-06,True,0.0,0.0,True,4.9833770887630635e-08,True,4.949629248685028e-06,4.999463019572659e-06,True,True,12,game,match-lex-3,0.0,True,1.0,True,3,3,-0.4142160684380993,0.11503653145420856,0.0,1.7763568394002505e-15,True,True,True,1.0,ok,True,True,True,True,True,True,60.6129035949707,False,game,1,0.8728816752230003,1.0,0.0,1.0,0.0,1.0,True,True,True,True,True,True,True,True,match,0
8.517074215281934e-06,1.0489446361977539e-05,1.0787198210031631e-05,0.0016354633535532782,0.0023102649543998714,0.0016701930232793675,0.9983560195722315,0.9976792455992382,0.9983190197785106,75,0.00457763671875,True,True,True,-5.257635194346881,fire,0.5705622054274919,0.5705622054274919,32.3403434753418,32.3403434753418,0.650745690103482,0.650745690103482,1.972372146695605e-06,2.270123994749698e-06,0.0006748016008465932,3.472966972608931e-05,-0.0006767739729933719,-3.699979372095985e-05,-1.1628226914695006e-06,0.3524200761355285,0.02799043680288449,-0.32442301427918885,-1.3284077130748528e-05,0.35244148862094526,-8.939997815815559e-06,-0.1335468292236328,0.6176095008850098,0.9903664759394459,1.3266600962398716,-1.1239133051631178,-0.7090505953549027,0.09360208434075486,0.143167163931456,0.6356161215138052,0.5812782967376388,-0.8296270370483398,-0.7029218673706055,0.2942862681147389,0.006128727984256344,-1.1239133051631178,-0.7090505953549027,0.09360208434075486,0.143167163931456,0.6356161215138052,0.5812782967376388,0.2082725865441457,0.20827364430368078,0.2362904441450091,8.158048206752255e-06,0.23629316071486706,0.23630039107299794,0.23630180474493834,-4.428040295323399e-06,0.34541817195859714,0.3454203925408237,0.021015953423932032,1.569200781936786e-05,0.021005385916659236,0.021004487866504107,0.02099696154062869,-2.129873001521787e-05,b_to_a,0.2082967634171773,0.23628720022006178,0.34543605596205396,0.021013041682865108,game,1,-0.13714558541445143,-0.1371467482371429,0.21527449072107707,-7.533959612615604e-06,0.21528777479820782,0.21529590320649383,0.21530484320430965,1.687068971989447e-05,,,,,,,,,0.8536087925430809,0.5219310329686657,0.2724119857008457,True,True,1.665556867527161e-08,1.3284077130748528e-05,8.939997815815559e-06,True,7.533959612615604e-06,1.687068971989447e-05,True,1.1628226914695006e-06,True,1.0577595350724778e-06,2.2205822265419783e-06,True,True,4,fire,match-lex-3,-2.663439916084087e-05,False,0.0,True,3,3,-0.13713929254487667,0.21527415853719667,-6.2928695747643815e-06,3.321838804026811e-07,True,True,True,1.0,ok,True,True,True,True,True,True,49.69736099243164,False,fire,1,0.8210502136502947,1.0,0.0,1.0,0.0,1.0,True,True,True,True,True,True,True,True,match,0
8.517074215281934e-06,1.8994395619336764e-05,1.2474279381007996e-05,0.0016354633535532782,0.002008321020812394,0.0012481877732165537,0.9983560195722315,0.9979726845835682,0.9987393379474024,57,0.00347900390625,True,True,True,-5.257635194346881,fire,0.5604009570880187,0.5604010627100511,32.38922882080078,32.389225006103516,0.6809790856578041,0.6809790054543182,1.047732140405483e-05,3.957205165726062e-06,0.0003728576672591157,-0.0003872755803367245,-0.0003833349886632753,0.0003833183751709157,-1.0162628780285843e-05,0.05513818226834122,-0.4204750933320138,-0.47560634203649066,-1.579754683866952e-05,0.05515347144992422,-1.2971570209074912e-06,0.6484026908874512,1.4862523078918457,0.8480895054905293,1.5435627630015443,-0.19968681460311544,-0.05731045510969679,0.07365054618202833,0.27827346962043514,0.5143947399763152,0.4167468015964391,0.17153549194335938,-0.3937215805053711,0.3712223065464375,-0.33641112539567253,-0.19968681460311544,-0.05731045510969679,0.07365054618202833,0.27827346962043514,0.5143947399763152,0.4167468015964391,0.8020830645924981,0.8020641094018064,0.38160432888368767,-1.243186313004685e-05,0.3815962544078655,0.3816162689237359,0.3816072432587365,-2.6653176696811443e-06,0.2053908199841974,0.20538202742228595,-0.2702260979929543,-1.9961920269651046e-05,-0.2702499700156151,-0.27022944713448904,-0.27023976995650933,9.72018660405638e-06,b_to_a,0.8020710883486171,0.38159599501660324,0.20537289910535783,-0.27023344293113283,game,1,0.5966922446083007,0.5966820819795204,0.6518304268766419,7.530057139604196e-06,0.6518462244234806,0.6518457160582249,0.6518470132152459,-1.2385504273737524e-05,,,,,,,,,0.7951886268439198,0.6075540899781701,0.3691220076624212,True,True,1.4168264303433626e-08,1.579754683866952e-05,1.2971570209074912e-06,True,7.530057139604196e-06,1.2385504273737524e-05,True,1.0162628780285843e-05,True,1.8955190691727353e-05,8.79256191144151e-06,True,True,8,fire,match-lex-3,-2.663439916084087e-05,False,0.0,True,3,3,0.5966981892432592,0.6518294379477361,-5.944634958510164e-06,9.889289058762074e-07,True,True,True,1.0,ok,True,True,True,True,True,True,47.56273651123047,False,fire,1,0.7571487492283557,1.0,1.0,1.0,1.0,1.0,True,True,True,True,True,True,True,True,match,0
8.517074215281934e-06,1.512645910517091e-05,1.1271184391916298e-05,0.0016354633535532782,0.002977894410415344,0.0018373604173209245,0.9983560195722315,0.9970069791304795,0.9981513683982871,169,0.01031494140625,True,True,True,-5.257635194346881,fire,0.6349078641671931,0.6349078641671931,46.006412506103516,46.006412506103516,0.759020105908948,0.759020105908948,6.609384889888977e-06,2.7541101766343642e-06,0.0013424310568620659,0.00020189706376764626,-0.001349040441751992,-0.00020465117394441457,1.9392170448107038e-05,0.18872132982895984,-0.2941960540470774,-0.4828864912336224,3.702092435986515e-05,0.18871653026554114,1.7081059405121835e-05,0.4474000930786133,1.7493443489074707,0.5973866942578123,1.464219134386365,-0.14998660117921148,0.2851252145210772,0.07080632086583209,0.22489684352089057,0.5029031728494183,0.39562760849125256,-0.053322792053222656,0.13437175750732422,0.09666380912597639,-0.1507534570137814,-0.14998660117921148,0.2851252145210772,0.07080632086583209,0.22489684352089057,0.5029031728494183,0.39562760849125256,0.5743999900021812,0.5743919906678663,0.28019933527207463,4.6971419891406185e-06,0.2801706000240607,0.280191013550283,0.28018702552900265,-1.4076883607216928e-05,0.5993150920333408,0.5992877005285777,0.11639310747427434,-4.291981237081188e-06,0.11640139315062026,0.11638958531590138,0.11640267835402618,1.535411550168675e-05,b_to_a,0.5743725891243088,0.2801765350772314,0.5992903162217145,0.1164038249880921,game,1,-0.02491510203115954,-0.024895709860711435,0.1638062277978003,8.989123226221807e-06,0.16376920687344043,0.1638014282343816,0.16378434717497647,-2.9430999108903677e-05,,,,,,,,,0.8788003209084394,0.47767749781468666,0.22817581046672,True,True,1.1762236906104913e-08,3.702092435986515e-05,1.7081059405121835e-05,True,8.989123226221807e-06,2.9430999108903677e-05,True,1.9392170448107038e-05,True,7.999334314945372e-06,2.739150476305241e-05,True,True,12,fire,match-lex-3,-2.663439916084087e-05,False,0.0,True,3,3,-0.024917727097405695,0.1637727100891393,2.6250662461535512e-06,3.351770866100168e-05,True,True,True,1.0,ok,True,True,True,True,True,True,60.6129035949707,False,fire,1,0.8572194221935819,1.0,0.0,1.0,0.0,1.0,True,True,True,True,True,True,True,True,match,0
7.166052912451801e-06,8.246852486398276e-05,4.8798017410614396e-05,0.00034274239500801376,0.00014322840377764453,0.00010341806420855127,0.9996500915520796,0.9997743030713584,0.9998477839183808,129,0.00787353515625,True,True,True,-3.8676241273606564,baseball,0.5709292981117399,0.5709292981117399,39.356327056884766,39.356327056884766,0.6905434464024929,0.6905434464024929,7.530247195153096e-05,4.163196449816259e-05,-0.00019951399123036923,-0.0002393243307994625,0.00012421151927877183,0.00019769236630118314,2.101481986294118e-05,-0.19906608230802192,-0.5247270185422384,-0.32566093623421644,0.0,-0.1990493482580309,2.0363245589294365e-05,0.7104225158691406,0.07143735885620117,1.1624341012507529,0.38024166813526605,-0.4520115853816087,-0.3088043092790542,0.3559807860267573,0.17911879627497695,0.9669658594704699,0.8349083083793389,-1.862727165222168,-1.9206724166870117,-1.4107155798405557,-1.6118681074079468,-0.4520115853816087,-0.3088043092790542,0.3559807860267573,0.17911879627497695,0.9669658594704699,0.8349083083793389,2.4430617010691975,2.4430653592762805,1.918334682526961,0.0,1.918334682526961,1.9183553226692727,1.918309950132091,0.0,-0.8725385447755833,-0.8725559013883633,-1.198199481009798,0.0,-1.198199481009798,-1.1981955749174773,-1.1982205842090696,0.0,a_to_b,2.4430617010691975,1.9183346825269592,-0.8725385447755851,-1.1981994810098016,container,1,3.315600245844781,3.315621260664644,3.116534163536759,0.0,3.116534163536759,3.11655089758675,3.1165305343411607,0.0,,,,,,,,,0.8487357371451445,0.5294064765772818,0.2802712284798575,True,True,1.5831363049899026e-08,0.0,2.0363245589294365e-05,True,0.0,0.0,True,2.101481986294118e-05,True,3.658207083034881e-06,1.73566127799063e-05,True,True,4,baseball,pitcher-lex-0,1.7763568394002505e-15,True,1.0,True,3,3,3.3156002458447826,3.1165341635367607,-1.7763568394002505e-15,-1.7763568394002505e-15,True,True,True,1.0,ok,True,True,True,True,True,True,56.99326705932617,False,baseball,1,0.8237610633680651,1.0,1.0,1.0,1.0,1.0,True,True,True,True,True,True,True,True,pitcher,0
7.166052912451801e-06,2.5428486775562432e-05,7.976743949985659e-06,0.00034274239500801376,7.32592279835559e-05,5.40759814613135e-05,0.9996500915520796,0.9999013122852409,0.9999379472745886,89,0.00543212890625,True,True,True,-3.8676241273606564,baseball,0.5284251081596456,0.5284251081596456,37.24728012084961,37.24728012084961,0.6363075624935728,0.6363075624935728,1.8262433863110632e-05,8.106910375338579e-07,-0.00026948316702445784,-0.0002886664135467003,0.0002512207331613059,0.0002878557225090006,-1.2646494850443446e-05,-0.8557256727170159,-1.1593397703015729,-0.30361409758455515,0.0,-0.8557426480585697,-5.180218039768647e-05,1.5831718444824219,0.5037965774536133,1.0542468567860546,0.6220382491042891,0.5289249876963815,-0.11824167165067223,0.14431086649888986,0.1674583797774581,0.8513843418777207,0.8166686860693373,-1.7828044891357422,-2.0121164321899414,-2.3117294768321113,-1.8938747605392674,0.5289249876963815,-0.11824167165067223,0.14431086649888986,0.1674583797774581,0.8513843418777207,0.8166686860693373,1.266515069505136,1.2665263047209034,0.10717529920356483,0.0,0.10717529920356483,0.10715179807575836,0.10717996324798129,0.0,-1.5429749107756923,-1.5429510290650743,-1.8465890083602474,0.0,-1.8465890083602474,-1.8465955341465001,-1.8466191711546749,0.0,a_to_b,1.2665150695051377,0.10717529920356483,-1.542974910775694,-1.8465890083602492,container,1,2.809489980280828,2.8094773337859777,1.9537643075638123,0.0,1.9537643075638123,1.9537473322222585,1.9537991344026562,0.0,,,,,,,,,0.7712109903157413,0.6387389266199696,0.40798740431821906,True,True,1.5464660956151524e-08,0.0,5.180218039768647e-05,True,0.0,0.0,True,1.2646494850443446e-05,True,1.1235215767513296e-05,2.3881710617956742e-05,True,True,8,baseball,pitcher-lex-0,1.7763568394002505e-15,True,1.0,True,3,3,2.8094899802808317,1.953764307563814,-3.552713678800501e-15,-1.7763568394002505e-15,True,True,True,1.0,ok,True,True,True,True,True,True,58.536598205566406,False,baseball,1,0.718734580506928,1.0,1.0,1.0,1.0,1.0,True,True,True,True,True,True,True,True,pitcher,0
7.166052912451801e-06,2.15338085167044e-05,1.4782100303448146e-05,0.00034274239500801376,6.2038825252316e-05,6.775294419487701e-05,0.9996500915520796,0.999916427366231,0.9999174649555016,206,0.0125732421875,True,True,True,-3.8676241273606564,baseball,0.6217739497106209,0.6217739032908908,51.09635925292969,51.09636306762695,0.7473524695442773,0.7473525253393175,1.4367755604252602e-05,7.616047390996345e-06,-0.00028070356975569774,-0.0002749894508131367,0.00026633581415136387,0.0002673734034219777,5.596588135148295e-06,-0.4643146921282799,-0.3762071793638455,0.08810751276443263,0.0,-0.4643151135306809,1.3155834999167837e-06,0.9633278846740723,0.7701177597045898,0.8842091627653446,0.8413871297746667,0.07911872190873126,-0.07126937007005907,0.23561798610712364,0.0666867954200074,0.7960171341880302,0.6100973512589447,-2.150859832763672,-1.7710380554199219,-2.229978554672398,-1.699768685349845,0.07911872190873126,-0.07126937007005907,0.23561798610712364,0.0666867954200074,0.7960171341880302,0.6100973512589447,1.1002691865410021,1.1002869195843328,0.7240620071771566,0.0,0.7240620071771566,0.724050497973808,0.7240421780184079,0.0,-1.709218727233722,-1.7092065907785265,-1.6211112144692876,0.0,-1.6211112144692876,-1.6211223022702352,-1.6211293066421355,0.0,a_to_b,1.1002691865410021,0.7240620071771566,-1.7092187272337238,-1.6211112144692912,container,1,2.809487913774724,2.8094935103628593,2.3451732216464443,0.0,2.3451732216464443,2.3451728002440433,2.3451714846605434,0.0,,,,,,,,,0.8835539496379137,0.4695801481982356,0.22050552691582476,True,True,1.4711767815902317e-08,0.0,1.3155834999167837e-06,True,0.0,0.0,True,5.596588135148295e-06,True,1.7733043330636633e-05,1.2136455195488338e-05,True,True,12,baseball,pitcher-lex-0,1.7763568394002505e-15,True,1.0,True,3,3,2.809487913774726,2.345173221646448,-1.7763568394002505e-15,-3.552713678800501e-15,True,True,True,1.0,ok,True,True,True,True,True,True,68.36982727050781,False,baseball,1,0.8493048440219196,1.0,1.0,1.0,1.0,1.0,True,True,True,True,True,True,True,True,pitcher,0
0.00015246591270311018,0.00024018730670442157,0.0002703204114937814,0.004195618360780231,0.002345392651861573,0.0017847285138657043,0.9956519157265167,0.997414420041434,0.9979449510746405,120,0.00732421875,True,True,True,-3.3148549644726764,container,0.5709292981117399,0.5709292981117399,39.356327056884766,39.356327056884766,0.6905434464024929,0.6905434464024929,8.772139400131139e-05,0.0001178544987906712,-0.0018502257089186582,-0.0024108898469145266,0.0017625043149173125,0.002293035348123862,1.633947274548575e-05,0.3913754205445308,0.118188901096552,-0.2731865194479788,0.0,0.39138719372010566,2.122437296314672e-05,0.45529747009277344,-0.1538991928100586,0.4661213755373108,0.37077895235090175,-0.01082390544453915,-0.5246781451609692,0.5398870695627499,0.17494285896998635,1.28349337811534,0.678778795488703,-0.7324066162109375,-0.6326503753662109,-0.7215827107664001,-0.1079722302052506,-0.01082390544453915,-0.5246781451609692,0.5398870695627499,0.17494285896998635,1.28349337811534,0.678778795488703,0.4544780157510946,0.4544908282456692,0.5726669168476466,0.0,0.5726669168476466,0.572653313633456,0.5726321300495094,0.0,-0.5815879032548441,-0.581591430233015,-0.8547744227028229,0.0,-0.8547744227028229,-0.8547997990925884,-0.8547997583035718,0.0,b_to_a,0.4544780157510946,0.5726669168476466,-0.5815879032548441,-0.8547744227028229,baseball,1,1.0360659190059387,1.0360822584786842,1.4274413395504695,0.0,1.4274413395504695,1.4274531127260444,1.4274318883530812,0.0,,,,,,,,,0.835867546056036,0.552316129159768,0.3050529335741174,True,True,1.48885563265683e-08,0.0,2.122437296314672e-05,True,0.0,0.0,True,1.633947274548575e-05,True,1.2812494574632183e-05,3.5269781708535675e-06,True,True,4,container,pitcher-lex-0,8.881784197001252e-16,True,1.0,True,3,3,1.0360659190059387,1.4274413395504695,0.0,0.0,True,True,True,1.0,ok,True,True,True,True,True,True,56.99326705932617,False,container,1,0.7748185184682845,1.0,1.0,1.0,1.0,1.0,True,True,True,True,True,True,True,True,pitcher,0
0.00015246591270311018,0.000421349619447882,0.0009191578106054722,0.004195618360780231,0.0020945315155914525,0.0041279816503679055,0.9956519157265167,0.9974841188649607,0.9949528605390267,84,0.005126953125,True,True,True,-3.3148549644726764,container,0.5284251081596456,0.5284251081596456,37.24728012084961,37.24728012084961,0.6363075624935728,0.6363075624935728,0.0002688837067447718,0.000766691897902362,-0.0021010868451887786,-6.763671041232558e-05,0.0018322031384440107,-0.0006990551874900275,-9.069307306930341e-06,0.10153621360592613,0.7799948884878729,0.678458674881945,0.0,0.10153972075384399,-5.390843799801814e-06,1.2572393417358398,1.8466262817382812,1.31158615171063,1.8996210831655036,-0.05434680997480612,-0.05299480142723212,0.06399421976619823,0.06644546384646982,0.6457711333570465,0.48415726186356806,-0.6826229095458984,0.1552143096923828,-0.6282760995711083,0.20820911111960605,-0.05434680997480612,-0.05299480142723212,0.06399421976619823,0.06644546384646982,0.6457711333570465,0.48415726186356806,1.016521891240414,1.0165170742136098,1.796516779728286,0.0,1.796516779728286,1.7965255709788508,1.7965172684063404,0.0,-0.694710825170044,-0.6947065728895412,-0.01625215028809812,0.0,-0.01625215028809812,-0.016246866185451125,-0.016260559601761315,0.0,b_to_a,1.016521891240414,1.7965167797282868,-0.6947108251700431,-0.01625215028809812,baseball,1,1.711232716410458,1.711223647103151,1.812768930016384,0.0,1.812768930016384,1.812772437164302,1.8127778280081017,0.0,,,,,,,,,0.7771339551803624,0.6304979545762985,0.3975277064617628,True,True,1.7879825170661984e-08,0.0,5.390843799801814e-06,True,0.0,0.0,True,9.069307306930341e-06,True,4.817026804104785e-06,4.252280502825556e-06,True,True,8,container,pitcher-lex-0,8.881784197001252e-16,True,1.0,True,3,3,1.711232716410457,1.812768930016385,8.881784197001252e-16,-8.881784197001252e-16,True,True,True,1.0,ok,True,True,True,True,True,True,58.536598205566406,False,container,1,0.7388592623722856,1.0,1.0,1.0,1.0,1.0,True,True,True,True,True,True,True,True,pitcher,0
0.00015246591270311018,0.0012248716429576257,0.0009832169764288528,0.004195618360780231,0.004120828404800617,0.004544978544591506,0.9956519157265167,0.9946542999522417,0.9944718044789796,187,0.01141357421875,True,True,True,-3.3148549644726764,container,0.6217739497106209,0.6217739497106209,51.09635925292969,51.09635925292969,0.7473524695442773,0.7473524695442773,0.0010724057302545155,0.0008307510637257426,-7.47899559796145e-05,0.0003493601838112752,-0.0009976157742749292,-0.0011801112475370301,-2.8017845021821586e-06,-0.31773030630114363,-0.21976151162088975,0.09796879468025477,0.0,-0.31773278886996614,-1.5505617274591543e-05,2.5653343200683594,2.3016672134399414,2.441476890000142,2.1927282248631776,0.1238574300682238,0.10893898857674955,0.1176431727835271,0.06786155535397398,0.6674423491503089,0.5016211557645576,-0.44493961334228516,0.16294384002685547,-0.5687970434105019,0.054004851450091707,0.1238574300682238,0.10893898857674955,0.1176431727835271,0.06786155535397398,0.6674423491503089,0.5016211557645576,2.0836502884256793,2.083642789627179,1.8638887768047905,0.0,1.8638887768047905,1.8638904318863343,1.8639080581783674,0.0,-0.017986521018555912,-0.0179912180325541,0.07998227366169885,0.0,0.07998227366169885,0.07998641131206519,0.07998853198682365,0.0,b_to_a,2.0836502884256802,1.8638887768047905,-0.017986521018555912,0.07998227366169885,baseball,1,2.1016368094442353,2.101634007659733,1.7839065031430916,0.0,1.7839065031430916,1.7839040205742691,1.7839195261915437,0.0,,,,,,,,,0.8870758425076404,0.46266571599516226,0.21405960333466048,True,True,1.3609279570518058e-08,0.0,1.5505617274591543e-05,True,0.0,0.0,True,2.8017845021821586e-06,True,7.498798500371606e-06,4.697013998189448e-06,True,True,12,container,pitcher-lex-0,8.881784197001252e-16,True,1.0,True,3,3,2.101636809444236,1.7839065031430916,-8.881784197001252e-16,0.0,True,True,True,1.0,ok,True,True,True,True,True,True,68.36982727050781,False,container,1,0.8560431221078582,1.0,1.0,1.0,1.0,1.0,True,True,True,True,True,True,True,True,pitcher,0
0.0006629815774610174,0.0007897798153202339,0.0010984687813037244,0.0014162533690165453,0.0007840250186180646,0.0005152148147402931,0.9979207650535225,0.9984261951660617,0.998386316403956,125,0.00762939453125,True,True,True,-0.7590229880035269,baseball,0.579750632879381,0.5797505827606494,41.867122650146484,41.867122650146484,0.7196747147127613,0.7196747147127613,0.0001267982378592165,0.00043548720384270706,-0.0006322283503984807,-0.0009010385542762522,0.0005054301125392291,0.00046555135043357954,1.115770451853848e-05,0.7497752818540393,0.32991828020577074,-0.41985700164827033,0.0,0.7497773096270919,-6.381244070041703e-06,2.2008661031723022,0.9745215177536011,-0.7026455419231361,0.2124974715252339,2.90351164509544,0.7620240462283583,0.1755569957205239,0.9600380028666988,2.212377495460641,1.3203217458239642,2.213784694671631,0.4919142723083496,-0.6897269504238075,-0.27010977392001756,2.90351164509544,0.7620240462283583,0.1755569957205239,0.9600380028666988,2.212377495460641,1.3203217458239642,0.1750069886635277,0.17502523335346787,0.5049252688692976,0.0,0.5049252688692976,0.5049397437868972,0.50493417030812,0.0,-0.5913292598244881,-0.5913221728390665,-1.0111862614727576,0.0,-1.0111862614727576,-1.0111738143282105,-1.0111857690510577,0.0,a_to_b,0.1750069886635286,0.5049252688692993,-0.591329259824489,-1.0111862614727594,container,1,0.7663362484880158,0.7663474061925344,1.5161115303420551,0.0,1.5161115303420551,1.5161135581151077,1.5161199393591778,0.0,,,,,,,,,0.8462691066014026,0.5336085207570977,0.28473798811745343,True,True,1.7778012823104034e-08,0.0,6.381244070041703e-06,True,0.0,0.0,True,1.115770451853848e-05,True,1.8244689940161152e-05,7.086985421622671e-06,True,True,4,baseball,pitcher-lex-1,1.7763568394002505e-15,True,1.0,True,3,3,0.7663362484880176,1.5161115303420587,-1.7763568394002505e-15,-3.552713678800501e-15,True,True,True,1.0,ok,True,True,True,True,True,True,58.17506408691406,False,baseball,1,0.8161159232732901,1.0,1.0,1.0,1.0,1.0,True,True,True,True,True,True,True,True,pitcher,0
0.0006629815774610174,0.0003496002081520497,0.0007181731335832676,0.0014162533690165453,0.001965671603309448,0.0012703549541839135,0.9979207650535225,0.9976847281885386,0.9980114719122328,110,0.0067138671875,True,True,True,-0.7590229880035269,baseball,0.5465703894800188,0.5465703894800188,42.2597770690918,42.2597770690918,0.7359368864436817,0.7359368864436817,-0.0003133813693089677,5.5191556122250254e-05,0.0005494182342929027,-0.00014589841483263178,-0.00023603686498385734,9.070685871037654e-05,3.1925973944524344e-06,1.156458050800853,0.7199204339228302,-0.43653761687802284,0.0,1.1564724552310546,1.8098478395955908e-05,-1.0922753512859344,1.6120034456253052,-0.027396065206787057,0.596190771209363,-1.0648792860791474,1.0158126744159315,0.09085210403516783,0.16754419707644583,0.43795019328990936,1.4926645663523201,-0.1809225082397461,1.943765640258789,0.8839567778394013,0.9279529658428469,-1.0648792860791474,1.0158126744159315,0.09085210403516783,0.16754419707644583,0.43795019328990936,1.4926645663523201,-0.6399569639830389,-0.6399593147067701,0.07996346993979131,0.0,0.07996346993979131,0.0799697686170191,0.07997368253558612,0.0,0.3278190575952191,0.32781351427409344,-0.10871855928280372,0.0,-0.10871855928280372,-0.10872666503577744,-0.10870465263881446,0.0,a_to_b,-0.6399569639830371,0.07996346993979309,0.3278190575952191,-0.10871855928280372,container,1,-0.967776021578258,-0.9677728289808636,0.18868202922259503,0.0,0.18868202922259503,0.18869643365279654,0.18867833517440058,0.0,,,,,,,,,0.7929867889595547,0.6100252681516419,0.37213072287828103,True,True,1.5632777220659984e-08,0.0,1.8098478395955908e-05,True,0.0,0.0,True,3.1925973944524344e-06,True,2.350723731225912e-06,5.5433211256783466e-06,True,True,8,baseball,pitcher-lex-1,1.7763568394002505e-15,True,1.0,True,3,3,-0.9677760215782563,0.1886820292225968,-1.7763568394002505e-15,-1.7763568394002505e-15,True,True,True,1.0,ok,True,True,True,True,True,True,57.423099517822266,False,baseball,1,0.762017534864801,1.0,0.0,1.0,0.0,1.0,True,True,True,True,True,True,True,True,pitcher,0
0.0006629815774610174,0.0002249890902379288,0.0005242415551466666,0.0014162533690165453,0.0020044049333624143,0.0015792058086633435,0.9979207650535225,0.9977706059763997,0.99789655263619,218,0.0133056640625,True,True,True,-0.7590229880035269,baseball,0.6440164266108774,0.6440164266108774,60.806697845458984,60.806697845458984,0.7935486141720821,0.7935486141720821,-0.0004379924872230886,-0.00013874002231435071,0.000588151564345869,0.0001629524396467982,-0.0001501590771227912,-2.4212417332414304e-05,-4.579193676690352e-06,1.0843258054527878,0.8459006480078788,-0.238425157444909,0.0,1.0843301547283541,-7.78974821891154e-06,-1.293122187256813,-0.8412967920303345,-0.30221557129592824,0.423919134834442,-0.9909066159608919,-1.265215926864764,0.04640719133931224,0.3171700228498771,0.4992357155494767,0.4463799350660065,-0.3135251998901367,-0.4865379333496094,0.6773814160707481,0.7786779935151671,-0.9909066159608919,-1.265215926864764,0.04640719133931224,0.3171700228498771,0.4992357155494767,0.4463799350660065,-1.0806952899674211,-1.0806985175072974,-0.23479464195954236,0.0,-0.23479464195954236,-0.2347993558517345,-0.23479828112230905,0.0,0.3473323131805932,0.34733366483439365,0.10890715573568421,0.0,0.10890715573568421,0.10889809256792571,0.10889137754913225,0.0,a_to_b,-1.0806952899674203,-0.23479464195954147,0.3473323131805932,0.10890715573568421,container,1,-1.4280276031480144,-1.428032182341691,-0.3437017976952266,0.0,-0.3437017976952266,-0.3436974484196602,-0.3436896586714413,0.0,,,,,,,,,0.8740570741903297,0.4874596462433865,0.23761688788519725,True,True,1.5166030952878143e-08,0.0,7.78974821891154e-06,True,0.0,0.0,True,4.579193676690352e-06,True,3.2275398762493523e-06,1.3516538004409995e-06,True,True,12,baseball,pitcher-lex-1,1.7763568394002505e-15,True,1.0,True,3,3,-1.4280276031480135,-0.3437017976952257,-8.881784197001252e-16,-8.881784197001252e-16,True,True,True,1.0,ok,True,True,True,True,True,True,76.62630462646484,False,baseball,1,0.8341470662983627,1.0,1.0,1.0,1.0,1.0,True,True,True,True,True,True,True,True,pitcher,0
0.00016763699352867885,0.0002244005878686879,0.00043945182361961776,0.010591012797313823,0.012295660216462409,0.008023732314281079,0.9892413502091575,0.9874799391956689,0.9915368158620993,103,0.00628662109375,True,True,True,-4.145960182359399,container,0.579750632879381,0.579750632879381,41.867122650146484,41.867122650146484,0.7196747147127613,0.7196747147127613,5.676359434000905e-05,0.0002718148300909389,0.0017046474191485857,-0.002567280483032744,-0.0017614110134885896,0.0022954656529418083,-2.0402215975323656e-05,1.098937984118388,0.6720953013985094,-0.4268426827198777,0.0,1.0989295041593055,-1.022529182304055e-05,-0.4020090103149414,0.056023597717285156,0.05414018831076994,0.07798373534576264,-0.4561491986257238,-0.021960137628482812,0.049894657906711236,0.21792679777010568,0.38247811687279915,0.49514828108601283,0.24497604370117188,0.10367107391357422,0.7011252423268832,0.1256312115420517,-0.4561491986257238,-0.021960137628482812,0.049894657906711236,0.21792679777010568,0.38247811687279915,0.49514828108601283,0.29163190457756727,0.2916379286493864,0.9637272059760775,0.0,0.9637272059760775,0.9637294538519949,0.9637272246604685,0.0,0.14924058000957707,0.14926700629737155,-0.2776021027103006,0.0,-0.2776021027103006,-0.2775913748753007,-0.27760382935865024,0.0,b_to_a,0.29163190457756905,0.9637272059760784,0.14924058000957707,-0.2776021027103006,baseball,1,0.1423913245679902,0.14237092235201487,1.2413293086863781,0.0,1.2413293086863781,1.2413208287272957,1.2413310540191187,0.0,,,,,,,,,0.8632163655235159,0.5074460793129115,0.2575015660973952,True,True,1.572204996663402e-08,0.0,1.022529182304055e-05,True,0.0,0.0,True,2.0402215975323656e-05,True,6.024071819155097e-06,2.6426287794478753e-05,True,True,4,container,pitcher-lex-1,8.881784197001252e-16,True,1.0,True,3,3,0.14239132456799197,1.241329308686379,-1.7763568394002505e-15,-8.881784197001252e-16,True,True,True,1.0,ok,True,True,True,True,True,True,58.17506408691406,False,container,1,0.8117934797116363,1.0,1.0,1.0,1.0,1.0,True,True,True,True,True,True,True,True,pitcher,0
0.00016763699352867885,0.0001469031803420419,0.00016585661428546904,0.010591012797313823,0.0077167292193595066,0.0078925014911148,0.9892413502091575,0.9921363676002984,0.9919416418945998,86,0.0052490234375,True,True,True,-4.145960182359399,container,0.5465703894800188,0.5465703894800188,42.2597770690918,42.2597770690918,0.7359368864436817,0.7359368864436817,-2.0733813186636944e-05,-1.7803792432098068e-06,-0.0028742835779543164,-0.0026985113061990234,0.0028950173911409527,0.00270029168544228,-7.891943635485177e-06,0.09882738070884756,0.1213499130751341,0.02252253236628654,0.0,0.09880591924703808,-1.4639420348849796e-05,-0.30963802337646484,-0.4834251403808594,-0.2584780791228596,-0.21677610412596238,-0.051159944253612366,-0.26664903625490766,0.011959857765097451,0.03184217978480228,0.3123453294307908,0.3290597564728226,0.24677276611328125,-0.5422277450561523,0.2979327103668865,-0.27557870880125535,-0.051159944253612366,-0.26664903625490766,0.011959857765097451,0.03184217978480228,0.3123453294307908,0.3290597564728226,-0.13202715615017802,-0.1320306658441872,-0.010677243075043918,0.0,-0.010677243075043918,-0.010705540877443909,-0.010701402344254873,0.0,-0.31661519416871453,-0.31661081191908824,-0.294092661802428,0.0,-0.294092661802428,-0.2940994981430185,-0.2941099990301783,0.0,b_to_a,-0.13202715615017802,-0.010677243075043918,-0.31661519416871453,-0.294092661802428,baseball,1,0.18458803801853652,0.18458014607490103,0.28341541872738407,0.0,0.28341541872738407,0.2833939572655746,0.28340859668592344,0.0,,,,,,,,,0.7840466411734723,0.6218172098094543,0.3866565597762816,True,True,1.4154272929113105e-08,0.0,1.4639420348849796e-05,True,0.0,0.0,True,7.891943635485177e-06,True,3.509694009196096e-06,4.382249626289081e-06,True,True,8,container,pitcher-lex-1,8.881784197001252e-16,True,1.0,True,3,3,0.18458803801853652,0.28341541872738407,0.0,0.0,True,True,True,1.0,ok,True,True,True,True,True,True,57.423099517822266,False,container,1,0.7468233022931855,1.0,1.0,1.0,1.0,1.0,True,True,True,True,True,True,True,True,pitcher,0
0.00016763699352867885,0.00015965068460723264,0.0001683396925043451,0.010591012797313823,0.008696911545733042,0.007305536010124993,0.9892413502091575,0.9911434377696597,0.9925261242973707,198,0.0120849609375,True,True,True,-4.145960182359399,container,0.6440164266108774,0.6440164266108774,60.806697845458984,60.806697845458984,0.7935486141720821,0.7935486141720821,-7.986308921446205e-06,7.026989756662408e-07,-0.001894101251580781,-0.0032854767871888296,0.0019020875605022525,0.0032847740882132603,-1.0122848515869975e-05,0.22733125941379395,0.05299570982005797,-0.17433554959373687,0.0,0.2273418370875966,1.1386883048913887e-05,-0.7676944732666016,-0.6818313598632812,-0.2420060530798569,-0.3727448749143907,-0.5256884201867642,-0.309086484948903,0.020092345472671795,0.026043600848518658,0.4215122248912266,0.34132623888820096,-0.2837800979614258,-0.6986122131347656,0.24190832222531888,-0.38952572818587505,-0.5256884201867642,-0.309086484948903,0.020092345472671795,0.026043600848518658,0.4215122248912266,0.34132623888820096,-0.048812681476041675,-0.048807775003396614,0.004183028344014517,0.0,0.004183028344014517,0.004192328737126161,0.004182312940587352,0.0,-0.19703782428883088,-0.19702279496766995,-0.37137337388256864,0.0,-0.37137337388256864,-0.37137465116325963,-0.3713732800767495,0.0,b_to_a,-0.048812681476041675,0.004183028344016293,-0.19703782428883088,-0.37137337388256775,baseball,1,0.1482251428127892,0.14821501996427333,0.37555640222658315,0.0,0.37555640222658315,0.3755669799003858,0.3755555930173369,0.0,,,,,,,,,0.8842305624439072,0.46745355977056413,0.2185128547537901,True,True,1.351947493882127e-08,0.0,1.1386883048913887e-05,True,0.0,0.0,True,1.0122848515869975e-05,True,4.906472645060944e-06,1.502932116093092e-05,True,True,12,container,pitcher-lex-1,8.881784197001252e-16,True,1.0,True,3,3,0.1482251428127892,0.37555640222658404,0.0,-8.881784197001252e-16,True,True,True,1.0,ok,True,True,True,True,True,True,76.62630462646484,False,container,1,0.8648286788075612,1.0,1.0,1.0,1.0,1.0,True,True,True,True,True,True,True,True,pitcher,0
0.00033666371678693483,0.0006168950314759742,0.0008056038087217755,0.0019302264400938942,0.000588404663717429,0.00032092673494665293,0.9977331098431191,0.9987947003048065,0.9988734694563316,128,0.0078125,True,True,True,-1.7463080423804351,baseball,0.585556175298185,0.585556175298185,36.48670959472656,36.48670959472656,0.744150460617942,0.744150460617942,0.00028023131468903935,0.0004689400919348407,-0.0013418217763764653,-0.0016092997051472412,0.0010615904616874117,0.0011403596132124605,-1.9199615557852212e-05,0.8730952447945821,0.2668931870361053,-0.6062020577584777,0.0,0.8730690537949712,1.8711525246573046e-05,-0.4329500198364258,-0.36557865142822266,-1.1565154044984816,-0.8930928747793878,0.7235653846620593,0.5275142233511403,0.21883844948555714,0.6368505069213556,0.9237775853408082,1.124776259828029,-0.06917762756347656,-1.4107685089111328,-0.7927430122255323,-1.938282732262298,0.7235653846620593,0.5275142233511403,0.21883844948555714,0.6368505069213556,0.9237775853408082,1.124776259828029,0.6056143230548354,0.6056036481118472,0.8725075100909407,0.0,0.8725075100909407,0.8724834337046197,0.8724560157650938,0.0,-1.1879776866940466,-1.187969162021477,-1.7941797444525234,0.0,-1.7941797444525234,-1.7941776298392336,-1.7941863362535129,0.0,a_to_b,0.6056143230548345,0.8725075100909399,-1.1879776866940475,-1.7941797444525251,container,1,1.793592009748882,1.7935728101333241,2.666687254543464,0.0,2.666687254543464,2.6666610635438532,2.6666423520186067,0.0,,,,,,,,,0.8778016122681442,0.479579703291246,0.2299967403627612,True,True,1.3783166197994875e-08,0.0,1.8711525246573046e-05,True,0.0,0.0,True,1.9199615557852212e-05,True,1.067494298823135e-05,8.524672569620861e-06,True,True,4,baseball,pitcher-lex-2,8.881784197001252e-16,True,1.0,True,3,3,1.793592009748882,2.666687254543465,0.0,-8.881784197001252e-16,True,True,True,1.0,ok,True,True,True,True,True,True,49.0313606262207,False,baseball,1,0.8547247183832494,1.0,1.0,1.0,1.0,1.0,True,True,True,True,True,True,True,True,pitcher,0
0.00033666371678693483,0.0007134549228321208,0.0002488735770095035,0.0019302264400938942,0.001021321167459699,0.001583137291735016,0.9977331098431191,0.9982652239097082,0.9981679891312555,102,0.0062255859375,True,True,True,-1.7463080423804351,baseball,0.5905548973523321,0.5905548973523321,44.148284912109375,44.148284912109375,0.752135485677253,0.752135485677253,0.000376791206045186,-8.779013977743135e-05,-0.0009089052726341952,-0.0003470891483588782,0.00053211406658904,0.00043487928813634724,2.3013059053056395e-05,-1.4914856672975878,-1.053174212714377,0.43831145458321163,0.0,-1.4914921099824943,-3.070710792840714e-05,-0.44884729385375977,-1.0172491073608398,-0.6879254176941281,-1.4451544178255222,0.2390781238403612,0.42790531046466995,0.19530842593449632,0.27071790675998314,0.797572872008778,0.7152652898814086,-0.8867721557617188,0.7293987274169922,-1.125850279602087,0.3014934169523098,0.2390781238403612,0.42790531046466995,0.19530842593449632,0.27071790675998314,0.797572872008778,0.7152652898814086,0.7510346982809892,0.75104009456075,-0.30213951443338694,0.0,-0.30213951443338694,-0.30214625652633487,-0.30212002532864446,0.0,-0.6365402711249812,-0.6365578879042735,-0.1982288165417696,0.0,-0.1982288165417696,-0.19822911594981107,-0.19823359186004907,0.0,a_to_b,0.7510346982809892,-0.3021395144333878,-0.6365402711249821,-0.1982288165417705,container,1,1.3875749694059705,1.3875979824650235,-0.10391069789161733,0.0,-0.10391069789161733,-0.10391714057652379,-0.10388643346859538,0.0,,,,,,,,,0.8110712320552526,0.5864845139860219,0.3439640589740347,True,True,1.4456877217276189e-08,0.0,3.070710792840714e-05,True,0.0,0.0,True,2.3013059053056395e-05,True,5.396279760816469e-06,1.7616779292239926e-05,True,True,8,baseball,pitcher-lex-2,8.881784197001252e-16,True,1.0,True,3,3,1.3875749694059714,-0.10391069789161733,-8.881784197001252e-16,0.0,True,True,True,1.0,ok,True,True,True,True,True,True,58.69725036621094,False,baseball,1,0.768643415967407,1.0,0.0,1.0,0.0,1.0,True,True,True,True,True,True,True,True,pitcher,0
0.00033666371678693483,0.0003356626576399693,0.00042778656647454586,0.0019302264400938942,0.0005891091984843434,0.00048715583627624196,0.9977331098431191,0.9990752281438757,0.9990850575972492,221,0.01348876953125,True,True,True,-1.7463080423804351,baseball,0.6730603481183666,0.6730602967764333,64.64864349365234,64.64864349365234,0.8789233430803315,0.8789233430803315,-1.001059146965523e-06,9.112284968761103e-05,-0.0013411172416095507,-0.0014430706038176522,0.0013421183007565896,0.0013519477541300562,2.9455702268421646e-06,0.43254523286284474,0.24251773423663003,-0.1900274986262147,0.0,0.4325396848680665,-2.1175764132408403e-05,-0.25095605850219727,-0.36095333099365234,-0.670007930690403,-0.2570385139930096,0.41905187218820217,-0.10391481700066052,0.901719432043998,0.3004953118315489,0.828822653919507,0.8257978088825091,-1.1376972198486328,-1.4241361618041992,-1.5567490920368385,-1.3202213448035565,0.41905187218820217,-0.10391481700066052,0.901719432043998,0.3004953118315489,0.828822653919507,0.8257978088825091,-0.002977898606436824,-0.0029915214015563407,0.23953983563019499,0.0,0.23953983563019499,0.23953247152560486,0.23954662698329265,0.0,-1.1867810386143889,-1.1867976069797352,-1.3768085372406018,0.0,-1.3768085372406018,-1.3768103533504137,-1.3768173736568583,0.0,a_to_b,-0.002977898606436824,0.2395398356301932,-1.1867810386143898,-1.3768085372406045,container,1,1.183803140007952,1.183806085578179,1.6163483728707968,0.0,1.6163483728707968,1.6163428248760185,1.616364000640151,0.0,,,,,,,,,0.8719356558523859,0.4901179721465199,0.24021564672114273,True,True,1.4470381207435213e-08,0.0,2.1175764132408403e-05,True,0.0,0.0,True,2.9455702268421646e-06,True,1.3622795119516695e-05,1.656836534635886e-05,True,True,12,baseball,pitcher-lex-2,8.881784197001252e-16,True,1.0,True,3,3,1.183803140007953,1.6163483728707977,-8.881784197001252e-16,-8.881784197001252e-16,True,True,True,1.0,ok,True,True,True,True,True,True,73.55435943603516,False,baseball,1,0.8498549278389874,1.0,1.0,1.0,1.0,1.0,True,True,True,True,True,True,True,True,pitcher,0
0.00013143071454957726,0.00021167431542410192,0.00036906950396760113,0.00406093144144676,0.003129503552135157,0.0032561180257044756,0.9958076378440036,0.9966588221324407,0.9963748124703279,109,0.00665283203125,True,True,True,-3.430687818148497,container,0.585556175298185,0.585556175298185,36.48670959472656,36.48670959472656,0.744150460617942,0.744150460617942,8.024360087452467e-05,0.00023763878941802387,-0.0009314278893116025,-0.0008048134157422841,0.0008511842884371124,0.0005671746263242738,1.8073235229287832e-05,0.5162748247723234,0.5559361385056345,0.039661313733306613,0.0,0.5162745262301209,-1.6093324698651656e-05,-2.987957239151001,-2.246703624725342,0.3978098278204154,1.0126002662358875,-3.3857670669714324,-3.259303890961247,0.01630320626225501,0.050007595183908224,2.432302858068417,2.4533527272553433,-3.6948556900024414,-3.6864051818847656,-0.309088623031025,-0.4271012909235363,-3.3857670669714324,-3.259303890961247,0.01630320626225501,0.050007595183908224,2.432302858068417,2.4533527272553433,0.4765690182232927,0.4765876791551076,1.0325051567289236,0.0,1.0325051567289236,1.0324773357899737,1.0325037960926178,0.0,-0.26053798394591077,-0.26053739624932515,-0.22087667021260327,0.0,-0.22087667021260327,-0.22090419260935068,-0.22089382563140525,0.0,b_to_a,0.4765690182232909,1.0325051567289254,-0.26053798394591077,-0.22087667021260415,baseball,1,0.7371070021692034,0.7371250754044327,1.2533818269415269,0.0,1.2533818269415269,1.2533815283993244,1.253397621724023,0.0,,,,,,,,,0.8718146749293579,0.49086239372318335,0.24094589970452043,True,True,1.4352539526505287e-08,0.0,1.6093324698651656e-05,True,0.0,0.0,True,1.8073235229287832e-05,True,1.866093181490669e-05,5.876965856188576e-07,True,True,4,container,pitcher-lex-2,8.881784197001252e-16,True,1.0,True,3,3,0.7371070021692017,1.2533818269415296,1.7763568394002505e-15,-2.6645352591003757e-15,True,True,True,1.0,ok,True,True,True,True,True,True,49.0313606262207,False,container,1,0.840088091873893,1.0,1.0,1.0,1.0,1.0,True,True,True,True,True,True,True,True,pitcher,0
0.00013143071454957726,0.00030785536295034453,0.0002868947473292491,0.00406093144144676,0.004415049275571514,0.005077159923807675,0.9958076378440036,0.9952770953614782,0.9946359453288631,97,0.00592041015625,True,True,True,-3.430687818148497,container,0.5905548973523321,0.590554948380098,44.148284912109375,44.14828109741211,0.752135485677253,0.7521354206878839,0.00017642464840076727,0.00015546403277967184,0.00035411783412475466,0.0010162284823609152,-0.0005305424825253757,-0.0011716925151404878,8.02347713513285e-06,-0.21024769761152484,-0.07051465741419527,0.13973304019733046,0.0,-0.21024859031886045,-1.363941917364997e-05,-0.30626869201660156,0.04015922546386719,0.6985426920721203,0.19493938930271426,-1.0048113840887272,-0.15478016383885063,0.08773957000334193,0.11655406895688716,0.4800870675306673,0.30537057391475925,-0.6405158042907715,0.1879100799560547,0.36429557979795035,0.34269024379490176,-1.0048113840887272,-0.15478016383885063,0.08773957000334193,0.11655406895688716,0.4800870675306673,0.30537057391475925,0.8511502446557078,0.8511564260021096,0.7806355872415125,0.0,0.7806355872415125,0.7806322362440064,0.7806444724432193,0.0,0.08360662856182532,0.08360478643109204,0.2233396687591549,0.0,0.2233396687591549,0.22333721046898436,0.2233358072490237,0.0,b_to_a,0.8511502446557078,0.7806355872415125,0.08360662856182532,0.22333966875915578,baseball,1,0.7675436160938824,0.7675516395710176,0.5572959184823576,0.0,0.5572959184823576,0.557295025775022,0.5573086651941956,0.0,,,,,,,,,0.8078580572446898,0.5894027716211353,0.34739567045598607,True,True,1.2602253531258362e-08,0.0,1.363941917364997e-05,True,0.0,0.0,True,8.02347713513285e-06,True,6.181346401845644e-06,1.8421307332872061e-06,True,True,8,container,pitcher-lex-2,8.881784197001252e-16,True,1.0,True,3,3,0.7675436160938824,0.5572959184823567,0.0,8.881784197001252e-16,True,True,True,1.0,ok,True,True,True,True,True,True,58.69725036621094,False,container,1,0.8023242009849795,1.0,1.0,1.0,1.0,1.0,True,True,True,True,True,True,True,True,pitcher,0
0.00013143071454957726,0.0005130127758545559,0.0004260617791092007,0.00406093144144676,0.007269504206442387,0.010677013897445279,0.9958076378440036,0.9922174830177031,0.9888969243234456,200,0.01220703125,True,True,True,-3.430687818148497,container,0.6730603481183666,0.673060376206455,64.64864349365234,64.64863586425781,0.8789233430803315,0.8789232393557583,0.00038158206130497866,0.00029463106455962344,0.0032085727649956274,0.006616082455998519,-0.00359015482630054,-0.006910713520558054,6.469948269582915e-06,-0.5701214967107813,-0.18571639192269274,0.38440510478808765,0.0,-0.5701092394578513,-4.333651989263387e-06,0.8001418113708496,2.241886615753174,0.8157055813143312,0.6157511401458695,-0.015563769943465644,1.6261354756073096,0.35757437850903206,0.20319826310111097,0.4916729160254279,1.392748154396839,0.930264949798584,2.771608829498291,0.9458287197420656,1.1454733538909867,-0.015563769943465644,1.6261354756073096,0.35757437850903206,0.20319826310111097,0.4916729160254279,1.392748154396839,1.3618209218502741,1.361820058929501,1.1761045299275814,0.0,1.1761045299275814,1.1761224269067956,1.1761119180035902,0.0,0.5822757256551103,0.5822683927860677,0.9666808304431989,0.0,0.9666808304431989,0.9666864701694831,0.9666716276142884,0.0,b_to_a,1.3618209218502741,1.1761045299275814,0.5822757256551112,0.9666808304431989,baseball,1,0.7795451961951638,0.7795516661434334,0.20942369948438255,0.0,0.20942369948438255,0.20943595673731252,0.2094402903893018,0.0,,,,,,,,,0.8873355356123988,0.4611502523301099,0.21265950950624363,True,True,1.3839399666437041e-08,0.0,4.333651989263387e-06,True,0.0,0.0,True,6.469948269582915e-06,True,8.629207730592725e-07,7.332869042642187e-06,True,True,12,container,pitcher-lex-2,8.881784197001252e-16,True,1.0,True,3,3,0.7795451961951629,0.20942369948438255,8.881784197001252e-16,0.0,True,True,True,1.0,ok,True,True,True,True,True,True,73.55435943603516,False,container,1,0.8824630336266274,1.0,1.0,1.0,1.0,1.0,True,True,True,True,True,True,True,True,pitcher,0
0.00014124948510752924,0.00038081775239287086,0.0007234667851585103,0.0005122334168019121,0.0005653946026511136,0.00020389279059172604,0.9993465170980905,0.999053787644956,0.9990726404242497,109,0.00665283203125,True,True,True,-1.288252688579993,baseball,0.5898293639702149,0.5898293639702149,35.63648986816406,35.63648986816406,0.683307365841595,0.683307365841595,0.00023956826728534163,0.0005822173000509811,5.316118584920151e-05,-0.000308340626210186,-0.0002927294531345215,-0.0002738766738408227,-1.6596045130157222e-05,1.6616632957064486,0.6417337159506662,-1.0199295797557824,0.0,1.6616880743663085,-1.6459407975233376e-05,-0.04412078857421875,0.38555908203125,0.6809548044565457,2.40932514558968,-0.7250755930307982,-2.023766063558462,0.1158672439293584,0.32391530149523745,1.1116610601369568,0.92336811595556,-0.43376827239990234,-2.222714424133301,0.29130732063086207,-0.19894836057487097,-0.7250755930307982,-2.023766063558462,0.1158672439293584,0.32391530149523745,1.1116610601369568,0.92336811595556,0.9917931957458723,0.9917766071458836,1.6335269116965385,0.0,1.6335269116965385,1.6335261548702142,1.6335392901245758,0.0,0.09874348579884895,0.09874349324399034,-0.9211860939569334,0.0,-0.9211860939569334,-0.9212116294431176,-0.9212149535967313,0.0,a_to_b,0.991793195745875,1.6335269116965412,0.09874348579884895,-0.9211860939569334,container,1,0.8930497099470234,0.8930331139018932,2.554713005653472,0.0,2.554713005653472,2.554737784313332,2.554754243721307,0.0,,,,,,,,,0.8564032551862881,0.5203411657455295,0.2707549355852968,True,True,1.3957291479225838e-08,0.0,1.6459407975233376e-05,True,0.0,0.0,True,1.6596045130157222e-05,True,1.658859998876494e-05,7.4451413922815846e-09,True,True,4,baseball,pitcher-lex-3,1.7763568394002505e-15,True,1.0,True,3,3,0.893049709947026,2.5547130056534746,-2.6645352591003757e-15,-2.6645352591003757e-15,True,True,True,1.0,ok,True,True,True,True,True,True,52.1529426574707,False,baseball,1,0.7917382179481691,1.0,1.0,1.0,1.0,1.0,True,True,True,True,True,True,True,True,pitcher,0
0.00014124948510752924,0.0004747586657909159,0.00040424672085107017,0.0005122334168019121,0.00030265797599280834,0.00012693189029046756,0.9993465170980905,0.9992225833582162,0.9994688213888585,90,0.0054931640625,True,True,True,-1.288252688579993,baseball,0.5481320151705897,0.5481320151705897,37.87323760986328,37.87323760986328,0.7438995058823423,0.7438995058823423,0.0003335091806833867,0.00026299723574354096,-0.00020957544080910372,-0.00038530152651144447,-0.00012393373987429346,0.00012230429076798277,-1.1085884725758888e-05,0.708171514001739,-0.16078121616454233,-0.8689527301662832,0.0,0.708173613456033,1.6842800576455375e-05,-0.5589065551757812,-0.15780162811279297,0.011341343299985596,0.7149578316886043,-0.5702478984758024,-0.8727594598014363,0.2730076662493084,0.6124846224841016,0.7641858169204279,0.7080799085909985,-0.5824975967407227,-1.2354240417480469,-0.01224969826495581,-0.36266458194664963,-0.5702478984758024,-0.8727594598014363,0.2730076662493084,0.6124846224841016,0.7641858169204279,0.7080799085909985,1.212278878139717,1.212277246228913,1.0514976619751728,0.0,1.0514976619751728,1.0515070900256305,1.0514970123171565,0.0,-0.5261770375026806,-0.5261675835287587,-1.3951297676689638,0.0,-1.3951297676689638,-1.3951224390728,-1.3951156739806976,0.0,a_to_b,1.2122788781397187,1.0514976619751764,-0.5261770375026806,-1.3951297676689638,container,1,1.7384559156423975,1.7384448297576718,2.4466274296441366,0.0,2.4466274296441366,2.4466295290984306,2.446612686297854,0.0,,,,,,,,,0.7691601515648798,0.6400281404825217,0.40963599366098336,True,True,1.527189329610717e-08,0.0,1.6842800576455375e-05,True,0.0,0.0,True,1.1085884725758888e-05,True,1.6319108038231889e-06,9.453973921935699e-06,True,True,8,baseball,pitcher-lex-3,1.7763568394002505e-15,True,1.0,True,3,3,1.7384559156423993,2.44662742964414,-1.7763568394002505e-15,-3.552713678800501e-15,True,True,True,1.0,ok,True,True,True,True,True,True,50.911766052246094,False,baseball,1,0.7338995905076836,1.0,1.0,1.0,1.0,1.0,True,True,True,True,True,True,True,True,pitcher,0
0.00014124948510752924,0.0002779199155849814,0.00044362193240738866,0.0005122334168019121,0.00028769491639088046,0.00019297555010818382,0.9993465170980905,0.9994343851680241,0.9993634025174843,207,0.01263427734375,True,True,True,-1.288252688579993,baseball,0.6307396151123691,0.6307396151123691,53.11876678466797,53.11876678466797,0.8368371507370661,0.8368371507370661,0.00013667043047745214,0.00030237244729985945,-0.0002245385004110316,-0.00031925786669372827,8.78680699335499e-05,1.688541939381949e-05,2.0080846532266605e-06,0.8669768004281426,0.4676396973559598,-0.39933710307218107,0.0,0.866949806924449,-3.099272126050323e-06,-0.622960090637207,0.03701972961425781,0.2512857270486055,0.8722658624296056,-0.8742458176858463,-0.8352461328153815,0.39450341564268043,0.6859361053960994,0.7365585652567546,0.7668263651191843,-1.4020872116088867,-1.6272201538085938,-0.5278413939230742,-0.791974020993246,-0.8742458176858463,-0.8352461328153815,0.39450341564268043,0.6859361053960994,0.7365585652567546,0.7668263651191843,0.676805273990718,0.6768202591812944,1.1444449713466778,0.0,1.1444449713466778,1.144424412011249,1.1444228640706928,0.0,-0.5768798127687038,-0.5768668356627806,-0.9762169158408867,0.0,-0.9762169158408867,-0.9762104816726218,-0.976215128885304,0.0,a_to_b,0.6768052739907198,1.1444449713466796,-0.5768798127687056,-0.9762169158408867,container,1,1.2536850867594218,1.253687094844075,2.1206618871875644,0.0,2.1206618871875644,2.120634893683871,2.120637992955997,0.0,,,,,,,,,0.8852768248191588,0.46589034973616095,0.2170538684294705,True,True,1.0973052623166474e-08,0.0,3.099272126050323e-06,True,0.0,0.0,True,2.0080846532266605e-06,True,1.49851905764109e-05,1.297710592318424e-05,True,True,12,baseball,pitcher-lex-3,1.7763568394002505e-15,True,1.0,True,3,3,1.2536850867594254,2.120661887187566,-3.552713678800501e-15,-1.7763568394002505e-15,True,True,True,1.0,ok,True,True,True,True,True,True,63.47563171386719,False,baseball,1,0.8575462437029646,1.0,1.0,1.0,1.0,1.0,True,True,True,True,True,True,True,True,pitcher,0
8.120787764697007e-05,0.0002693648192888599,0.00014716323070647705,0.0006644727967843494,0.0007512696397033757,0.0006127560631272689,0.9992543193255686,0.9989793655410077,0.9992400807061662,95,0.00579833984375,True,True,True,-2.1019816816250447,container,0.5898293639702149,0.5898293639702149,35.63648986816406,35.63648986816406,0.683307365841595,0.683307365841595,0.00018815694164188985,6.595535305950698e-05,8.679684291902634e-05,-5.1716733657080445e-05,-0.00027495378456088293,-1.4238619402417996e-05,-3.1010766461392336e-05,-0.40072657172116344,-0.6045242826250572,-0.20379771090389287,0.0,-0.40074942100778443,-1.730312477477014e-05,-2.0685195922851562,-0.7970771789550781,-0.3875308820418333,-0.0052304430097454,-1.6809887102433443,-0.791846735945338,0.16514482916393733,0.12178233171186571,1.3141452784555323,0.9577844350815966,-2.014939308166504,-0.9840049743652344,-0.33395059792318094,-0.19215823841990165,-1.6809887102433443,-0.791846735945338,0.16514482916393733,0.12178233171186571,1.3141452784555323,0.9577844350815966,1.19905440850183,1.199048465600539,0.5945301258767728,0.0,0.5945301258767728,0.5945123132669998,0.594512303799938,0.0,0.12277068876393926,0.12279575662910958,-0.0810270221399545,0.0,-0.0810270221399545,-0.08102198546310646,-0.08103929805494303,0.0,b_to_a,1.1990544085018282,0.594530125876771,0.12277068876394015,-0.08102702213995272,baseball,1,1.0762837197378907,1.0762527089714293,0.6755571480167273,0.0,0.6755571480167273,0.6755342987301063,0.6755516018548811,0.0,,,,,,,,,0.8357382417108887,0.5533313369125483,0.30617549770132013,True,True,1.4282625243555492e-08,0.0,1.730312477477014e-05,True,0.0,0.0,True,3.1010766461392336e-05,True,5.9429012910783285e-06,2.5067865170314008e-05,True,True,4,container,pitcher-lex-3,-2.6645352591003757e-15,True,1.0,True,3,3,1.076283719737888,0.6755571480167237,2.6645352591003757e-15,3.552713678800501e-15,True,True,True,1.0,ok,True,True,True,True,True,True,52.1529426574707,False,container,1,0.7676648505078085,1.0,1.0,1.0,1.0,1.0,True,True,True,True,True,True,True,True,pitcher,0
8.120787764697007e-05,0.00012003831739944138,0.0004801479566534465,0.0006644727967843494,0.0005240528463974494,0.000313286705565196,0.9992543193255686,0.9993559088362031,0.9992065653377814,62,0.0037841796875,True,True,True,-2.1019816816250447,container,0.5481320151705897,0.5481320151705897,37.87323760986328,37.87323760986328,0.7438995058823423,0.7438995058823423,3.8830439752471314e-05,0.00039894007900647646,-0.00014041995038689995,-0.00035118609121915335,0.00010158951063443666,-4.7753987787224617e-05,-2.672721706176162e-07,1.9007570636008868,1.3862832959578908,-0.5144737676429978,0.0,1.9007789577690488,3.39963867102e-05,-0.31392765045166016,1.3557910919189453,-0.02638329072440193,1.198534868907192,-0.2875443597272742,0.15725622301173559,0.04876295372646272,0.27411823570503235,0.6650138812090431,0.7412652480889916,0.05027294158935547,-0.18472957611083984,0.3378173013166137,-0.3419857991225932,-0.2875443597272742,0.15725622301173559,0.04876295372646272,0.27411823570503235,0.6650138812090431,0.7412652480889916,0.39079874565621964,0.39079200115590673,1.7770820416141078,0.0,1.7770820416141078,1.7771017754398954,1.7770716732949001,0.0,-0.23740140830440382,-0.2374078855325461,-0.7518751759474025,0.0,-0.7518751759474025,-0.7518773362897768,-0.751873442048062,0.0,b_to_a,0.3907987456562161,1.7770820416141069,-0.23740140830440382,-0.7518751759474016,baseball,1,0.6282001539606235,0.6281998866884528,2.5289572175615103,0.0,2.5289572175615103,2.5289791117296723,2.528945115342962,0.0,,,,,,,,,0.7449570147139446,0.6686491037180896,0.4470917141072907,True,True,1.3722099119772094e-08,0.0,3.39963867102e-05,True,0.0,0.0,True,2.672721706176162e-07,True,6.744500312905188e-06,6.477228142287572e-06,True,True,8,container,pitcher-lex-3,-2.6645352591003757e-15,True,1.0,True,3,3,0.6282001539606199,2.5289572175615085,3.552713678800501e-15,1.7763568394002505e-15,True,True,True,1.0,ok,True,True,True,True,True,True,50.911766052246094,False,container,1,0.6996486595731658,1.0,1.0,1.0,1.0,1.0,True,True,True,True,True,True,True,True,pitcher,0
8.120787764697007e-05,0.0003819048188086442,0.00033033758333748605,0.0006644727967843494,0.0004981742468094758,0.00036198777707073277,0.9992543193255686,0.999119920934382,0.9993076746395918,209,0.01275634765625,True,True,True,-2.1019816816250447,container,0.6307396151123691,0.6307396151123691,53.11876678466797,53.11876678466797,0.8368371507370661,0.8368371507370661,0.00030069694116167413,0.00024912970569051596,-0.00016629854997487353,-0.0003024850197136166,-0.00013439839118667418,5.3355314023173506e-05,-6.467888312045034e-06,0.17428316200677862,-0.1450563007535024,-0.31933946276027836,0.0,0.1743113489787671,-3.010953616211509e-06,0.2650489807128906,0.5876951217651367,0.09736717681401785,0.4556765638083409,0.16768180389887632,0.13201855795677275,0.1402706281477325,0.14759297842211266,0.9447988743937138,0.7474706941969927,0.3997364044189453,0.023705482482910156,0.23205460052007254,-0.10831307547388569,0.16768180389887632,0.13201855795677275,0.1402706281477325,0.14759297842211266,0.9447988743937138,0.7474706941969927,1.5481591543185953,1.548152442974681,1.4031028535650947,0.0,1.4031028535650947,1.4031125418382189,1.4031139602518827,0.0,-0.2880440304257412,-0.28804427388134357,-0.6073834931860205,0.0,-0.6073834931860205,-0.6074019918848848,-0.6074035844248371,0.0,b_to_a,1.5481591543185953,1.403102853565093,-0.28804403042574034,-0.6073834931860187,baseball,1,1.8362031847443365,1.8361967168560245,2.010486346751115,0.0,2.010486346751115,2.0105145337231036,2.01051754467672,0.0,,,,,,,,,0.8807728719232047,0.47402146250530336,0.22469622464815994,True,True,1.1165569146653553e-08,0.0,3.010953616211509e-06,True,0.0,0.0,True,6.467888312045034e-06,True,6.711343914389545e-06,2.4345560234451114e-07,True,True,12,container,pitcher-lex-3,-2.6645352591003757e-15,True,1.0,True,3,3,1.8362031847443356,2.0104863467511116,8.881784197001252e-16,3.552713678800501e-15,True,True,True,1.0,ok,True,True,True,True,True,True,63.47563171386719,False,container,1,0.8594000522556537,1.0,1.0,1.0,1.0,1.0,True,True,True,True,True,True,True,True,pitcher,0
2.057934739092753e-05,1.2263404065697837e-05,1.2201317262871404e-05,0.0005957319954095417,0.0003582358246940601,0.0003748369158210539,0.9993836886571995,0.9996295007712402,0.999612961766916,154,0.0093994140625,True,True,True,-3.3655028747370554,spy,0.5977892694575534,0.5977891904272886,35.53158187866211,35.53158187866211,0.8173582797620792,0.8173582797620792,-8.315943325229695e-06,-8.378030128056127e-06,-0.00023749617071548165,-0.00022089507958848785,0.0002458121140407332,0.00022927310971654347,2.4916063782853826e-05,-0.05037517245128065,-0.005075629947519644,0.04529954250376189,0.0,-0.050392726946194344,-1.723590781743667e-05,-0.23206138610839844,0.005177497863769531,-0.7120745161066253,-0.48939292271491475,0.4800131299982411,0.4945704205786825,0.022575566342500512,0.018354623523836093,0.4838945120318132,0.43862648871734866,0.6978416442871094,0.33211612701416016,0.2178285142888825,-0.16245429356452412,0.4800131299982411,0.4945704205786825,0.022575566342500512,0.018354623523836093,0.4838945120318132,0.43862648871734866,-0.5176684708391779,-0.5176926993630229,-0.5227441007866958,0.0,-0.5227441007866958,-0.5227505789130671,-0.5227553986219888,0.0,-0.5085993960706627,-0.5086485406582906,-0.46329985356689996,0.0,-0.46329985356689996,-0.4632887771983576,-0.4633108328150968,0.0,a_to_b,-0.5176684708391779,-0.5227441007866975,-0.5085993960706627,-0.46329985356690084,animal,1,-0.00906907476851515,-0.009044158704732297,-0.0594442472197958,0.0,-0.0594442472197958,-0.059461801714709495,-0.05944456580689206,0.0,,,,,,,,,0.8597831930632137,0.5127105667562198,0.2628720244965791,True,True,1.0631417804242964e-08,0.0,1.723590781743667e-05,True,0.0,0.0,True,2.4916063782853826e-05,True,2.422852384498242e-05,4.9144587627836245e-05,True,True,4,spy,mole-lex-0,8.881784197001252e-16,True,1.0,True,3,3,-0.00906907476851515,-0.059444247219796686,0.0,8.881784197001252e-16,True,True,True,1.0,ok,True,True,True,True,True,True,43.47124481201172,False,spy,1,0.8139702383431502,1.0,1.0,1.0,1.0,1.0,True,True,True,True,True,True,True,True,mole,0
2.057934739092753e-05,2.8026134072949766e-05,3.68163558758745e-05,0.0005957319954095417,0.0006034574767990866,0.00033022711522349,0.9993836886571995,0.9993685163891279,0.9996329565289007,106,0.0064697265625,True,True,True,-3.3655028747370554,spy,0.43981445409485864,0.43981445409485864,31.196643829345703,31.196643829345703,0.6987350932691958,0.6987350932691958,7.446786682022235e-06,1.6237008484946968e-05,7.725481389544856e-06,-0.00026550488018605177,-1.5172268071572681e-05,0.0002492678717012087,4.5060665847529435e-06,0.8756996963552641,0.27280476496955863,-0.6028949313857055,0.0,0.8756885285728941,-1.5521743357282958e-06,0.4617328643798828,0.40677738189697266,0.44440894225999017,0.5977895364406773,0.017323922119906854,-0.19101215454371712,0.012170398643100943,0.02874597895285688,0.3563141824364457,0.443023786255016,0.2874460220336914,-0.13024616241455078,0.27012209991379876,0.0607659921291539,0.017323922119906854,-0.19101215454371712,0.012170398643100943,0.02874597895285688,0.3563141824364457,0.443023786255016,0.3088494155502257,0.3088591371489926,0.5816541805197843,0.0,0.5816541805197843,0.5816638903645011,0.5816653809047043,0.0,0.012884683275075304,0.012889898807257438,-0.5900102481106302,0.0,-0.5900102481106302,-0.5899893704835435,-0.589989432117676,0.0,a_to_b,0.3088494155502257,0.5816541805197843,0.012884683275074416,-0.5900102481106311,animal,1,0.2959647322751504,0.29596923834173516,1.1716644286304145,0.0,1.1716644286304145,1.1716532608480446,1.1716548130223803,0.0,,,,,,,,,0.7703877767923502,0.63765665565471,0.40660590157737203,True,True,1.1568806559816857e-08,0.0,1.5521743357282958e-06,True,0.0,0.0,True,4.5060665847529435e-06,True,9.721598766887496e-06,5.215532182134552e-06,True,True,8,spy,mole-lex-0,8.881784197001252e-16,True,1.0,True,3,3,0.2959647322751513,1.1716644286304154,-8.881784197001252e-16,-8.881784197001252e-16,True,True,True,1.0,ok,True,True,True,True,True,True,44.64731216430664,False,spy,1,0.7805361427278881,1.0,1.0,1.0,1.0,1.0,True,True,True,True,True,True,True,True,mole,0
2.057934739092753e-05,2.9286743762967668e-05,3.21757155660228e-05,0.0005957319954095417,0.0007318055819400619,0.0005058635914957876,0.9993836886571995,0.9992389076742969,0.9994619606929382,278,0.0169677734375,True,True,True,-3.3655028747370554,spy,0.7175044340178889,0.7175043912509377,69.92237091064453,69.92237091064453,0.8564470762578066,0.8564470762578066,8.707396372040136e-06,1.1596368175095268e-05,0.00013607358653052013,-8.986840391375412e-05,-0.00014478098290260366,7.827203573873565e-05,-9.911049547284279e-06,0.4633248400237431,0.09407701070204766,-0.3692478293216954,0.0,0.46330593954902355,-3.3408514763522135e-06,-0.1876392364501953,-0.3182373046875,0.20613425728578072,-0.07343538266101568,-0.3937734937359636,-0.24480192202646833,0.051641863893765745,0.13141364987110088,0.4569219418900368,0.6436441240814469,-0.1032571792602539,-0.12975788116455078,0.2905163144757221,0.11504404086193354,-0.3937734937359636,-0.24480192202646833,0.051641863893765745,0.13141364987110088,0.4569219418900368,0.6436441240814469,0.35284696328325005,0.3528424379895476,0.4469239739852977,0.0,0.4469239739852977,0.4469046140816868,0.4469255278353721,0.0,0.20572398644038437,0.20572937219622922,-0.16352384288131105,0.0,-0.16352384288131105,-0.16352430231020243,-0.1635067294079935,0.0,a_to_b,0.35284696328325005,0.4469239739852977,0.20572398644038437,-0.16352384288131105,animal,1,0.14712297684286568,0.1471130657933184,0.6104478168666088,0.0,0.6104478168666088,0.6104289163918892,0.6104322572433656,0.0,,,,,,,,,0.8985165463795733,0.43907939389686895,0.19279073137152405,True,True,1.4420583561052087e-08,0.0,3.3408514763522135e-06,True,0.0,0.0,True,9.911049547284279e-06,True,4.525293702428712e-06,5.3857558448555665e-06,True,True,12,spy,mole-lex-0,8.881784197001252e-16,True,1.0,True,3,3,0.14712297684286568,0.6104478168666088,0.0,0.0,True,True,True,1.0,ok,True,True,True,True,True,True,81.64237213134766,False,spy,1,0.8874188461704771,1.0,1.0,1.0,1.0,1.0,True,True,True,True,True,True,True,True,mole,0
0.0002482745771498655,0.0003178447515121851,0.0003529331250904627,0.025942405952081964,0.025510002233783708,0.024903643841078286,0.9738093194707682,0.9741721530147041,0.9747434230338313,187,0.01141357421875,True,True,True,-4.6490989045921935,animal,0.5977892694575534,0.597789229942421,35.53158187866211,35.53158187866211,0.8173582797620792,0.8173582797620792,6.957017436231964e-05,0.00010465854794059723,-0.00043240371829825555,-0.001038762111003677,0.00036283354393584766,0.0009341035630631156,-3.890455348987132e-06,0.12877201882701783,0.1047155308715606,-0.024056487955455008,0.0,0.12876251474841283,-2.088771319286309e-05,0.4305582046508789,0.28075695037841797,0.3167059311536118,0.45661745613377214,0.11385227349728311,-0.17586050575534173,0.05337664677594303,0.0534995090235343,0.3795981134752659,0.28043371285657415,0.0831451416015625,-0.2348499298095703,-0.03070713189570462,-0.058989424054217476,0.11385227349728311,-0.17586050575534173,0.05337664677594303,0.0534995090235343,0.3795981134752659,0.28043371285657415,0.24702776114283864,0.2470401888518179,0.351743292014401,0.0,0.351743292014401,0.3517330597883621,0.3517425662483191,0.0,-0.01680830552700119,-0.016791987362672955,-0.04086479348245664,0.0,-0.04086479348245664,-0.040865521629890544,-0.0408769028831264,0.0,b_to_a,0.24702776114284042,0.351743292014401,-0.016808305527001632,-0.04086479348245664,spy,1,0.26383606666983983,0.26383217621449084,0.39260808549685766,0.0,0.39260808549685766,0.39259858141825266,0.3926194691314455,0.0,,,,,,,,,0.8625565042443754,0.5065789489850049,0.2566222446731482,True,True,9.693173339938767e-09,0.0,2.088771319286309e-05,True,0.0,0.0,True,3.890455348987132e-06,True,1.2427708979245722e-05,1.6318164328232854e-05,True,True,4,animal,mole-lex-0,8.881784197001252e-16,True,1.0,True,3,3,0.26383606666984205,0.39260808549685766,-2.220446049250313e-15,0.0,True,True,True,1.0,ok,True,True,True,True,True,True,43.47124481201172,False,animal,1,0.8375334928721411,1.0,1.0,1.0,1.0,1.0,True,True,True,True,True,True,True,True,mole,0
0.0002482745771498655,0.0003136213298775526,0.00029501366835508124,0.025942405952081964,0.02516356281939826,0.029180973445712056,0.9738093194707682,0.9745228158507242,0.9705240128859329,108,0.006591796875,True,True,True,-4.6490989045921935,animal,0.43981445409485864,0.43981445409485864,31.196643829345703,31.196643829345703,0.6987350932691958,0.6987350932691958,6.534675272768713e-05,4.673909120521576e-05,-0.0007788431326837021,0.003238567493630093,0.0007134963799559912,-0.003285306584835279,4.282039618885847e-06,-0.20928448794902454,-0.061164613680915636,0.14811987426810935,0.0,-0.20929586891145568,5.697383763880737e-06,0.1441802978515625,0.40320682525634766,0.37752157354837124,0.20478612817306185,-0.23334127569680518,0.19842069708331422,0.03624300776970364,0.13023020218369755,0.4842920787719185,0.36410313357380286,-0.27077293395996094,0.3259601593017578,-0.0374316582631522,0.12753946221847157,-0.23334127569680518,0.19842069708331422,0.03624300776970364,0.13023020218369755,0.4842920787719185,0.36410313357380286,0.23365100271874795,0.23364962701633196,0.1724863890378323,0.0,0.1724863890378323,0.1724713562811857,0.17246066033183816,0.0,-0.0304818969443863,-0.03048755468642117,0.11763797732372261,0.0,0.11763797732372261,0.11763432552950714,0.11762932696392348,0.0,b_to_a,0.23365100271874972,0.1724863890378341,-0.030481896944386744,0.11763797732372261,spy,1,0.26413289966313425,0.26413718170275313,0.0548484117141097,0.0,0.0548484117141097,0.05483703075167856,0.05483133336791468,0.0,,,,,,,,,0.7968223328146974,0.6042132378737709,0.36507386476480647,True,True,1.162807825112615e-08,0.0,5.697383763880737e-06,True,0.0,0.0,True,4.282039618885847e-06,True,1.3757024159843922e-06,5.657742034870239e-06,True,True,8,animal,mole-lex-0,8.881784197001252e-16,True,1.0,True,3,3,0.26413289966313647,0.05484841171411148,-2.220446049250313e-15,-1.7763568394002505e-15,True,True,True,1.0,ok,True,True,True,True,True,True,44.64731216430664,False,animal,1,0.7964054654625694,1.0,1.0,1.0,1.0,1.0,True,True,True,True,True,True,True,True,mole,0
0.0002482745771498655,0.0003986731356395622,0.00035793894641795364,0.025942405952081964,0.02459930639552607,0.025049153527145835,0.9738093194707682,0.9750020204688343,0.9745929075264361,242,0.0147705078125,True,True,True,-4.6490989045921935,animal,0.7175044340178889,0.7175043912509377,69.92237091064453,69.92237091064453,0.8564470762578066,0.8564470762578066,0.0001503985584896967,0.00010966436926808815,-0.001343099556555892,-0.0008932524249361286,0.0011927009980661207,0.0007835880556679164,1.6815845761186665e-05,-0.12590122949788096,-0.10777944110645699,0.018121788391426197,0.0,-0.1259268342567399,-1.7126325748684224e-05,0.608210563659668,0.4159431457519531,0.5521256866858124,0.30694676947126887,0.05608487697386977,0.10899637628070735,0.03092083232787599,0.04600608764484371,0.35467875896094925,0.37442047057549993,0.0138397216796875,0.0853271484375,-0.04224515529416806,-0.023669227843184704,0.05608487697386977,0.10899637628070735,0.03092083232787599,0.04600608764484371,0.35467875896094925,0.37442047057549993,0.47360657259577543,0.47362514314204773,0.3658271314893202,0.0,0.3658271314893202,0.3658100957116215,0.3658184545532155,0.0,-0.053160678008735474,-0.05315892330822436,-0.03503888961730972,0.0,-0.03503888961730972,-0.035030320636149526,-0.03503908812030421,0.0,b_to_a,0.4736065725957772,0.3658271314893202,-0.05316067800873592,-0.03503888961730972,spy,1,0.5267672506045109,0.5267840664502721,0.40086602110662994,0.0,0.40086602110662994,0.400840416347771,0.4008575426735197,0.0,,,,,,,,,0.8978600316092141,0.44029628553480304,0.19386082353429282,True,True,1.2780237488031202e-08,0.0,1.7126325748684224e-05,True,0.0,0.0,True,1.6815845761186665e-05,True,1.8570546272300703e-05,1.754700511114038e-06,True,True,12,animal,mole-lex-0,8.881784197001252e-16,True,1.0,True,3,3,0.5267672506045131,0.40086602110662994,-2.220446049250313e-15,0.0,True,True,True,1.0,ok,True,True,True,True,True,True,81.64237213134766,False,animal,1,0.894184053090548,1.0,1.0,1.0,1.0,1.0,True,True,True,True,True,True,True,True,mole,0
0.001490835219399056,0.0006980433253252797,0.0007093689624863287,0.002294263745235357,0.0018202041956277542,0.001584641007509433,0.9962149010353656,0.9974817524790469,0.9977059900300043,172,0.010498046875,True,True,True,-0.43107547102604826,spy,0.5988799835603451,0.5988799835603451,37.102325439453125,37.102325439453125,0.9265115233427054,0.9265115233427054,-0.0007927918940737763,-0.0007814662569127273,-0.0004740595496076027,-0.0007096227377259238,0.0012668514436813272,0.0014910889946386785,-4.1356647936474644e-05,0.154685420302763,0.016094618098402513,-0.13859080220436049,0.0,0.1546834081097037,4.306382919061491e-05,-0.40210914611816406,-0.5655460357666016,-0.7675243135010499,-0.7434472873783111,0.3654151673828814,0.177901251611722,0.05005352473925535,0.03240151450804987,0.5258390549928763,0.35413316558705876,0.1535940170288086,-0.1962738037109375,-0.21182115035407723,-0.37417505532264705,0.3654151673828814,0.177901251611722,0.05005352473925535,0.03240151450804987,0.5258390549928763,0.35413316558705876,-0.7588106203196725,-0.7588196203734698,-0.7427160022212709,0.0,-0.7427160022212709,-0.7427129185361059,-0.7427358819437488,0.0,-0.23146329367110585,-0.23143093707696671,-0.3700540958754672,0.0,-0.3700540958754672,-0.37004899999724294,-0.3700288995756953,0.0,a_to_b,-0.7588106203196725,-0.74271600222127,-0.23146329367110585,-0.37005409587546634,animal,1,-0.5273473266485666,-0.5273886832965031,-0.37266190634580365,0.0,-0.37266190634580365,-0.37266391853886294,-0.37270698236805355,0.0,,,,,,,,,0.8489868464317577,0.5303332358360366,0.2812532387956258,True,True,8.897043687346482e-09,0.0,4.306382919061491e-05,True,0.0,0.0,True,4.1356647936474644e-05,True,9.000053797336705e-06,3.235659413913794e-05,True,True,4,spy,mole-lex-1,0.0,True,1.0,True,3,3,-0.5273473266485666,-0.37266190634580365,0.0,0.0,True,True,True,1.0,ok,True,True,True,True,True,True,40.04518508911133,False,spy,1,0.8039115869639152,1.0,1.0,1.0,1.0,1.0,True,True,True,True,True,True,True,True,mole,0
0.001490835219399056,0.0008051262109462563,0.0012484812637304015,0.002294263745235357,0.0015728474294941493,0.002578062043528567,0.9962149010353656,0.9976220263595595,0.9961734566927409,115,0.00701904296875,True,True,True,-0.43107547102604826,spy,0.44499680752150517,0.4449967775571457,28.32578468322754,28.325786590576172,0.8096052377794106,0.8096052922950916,-0.0006857090084527997,-0.0002423539556686545,-0.0007214163157412076,0.00028379829829321005,0.0014071253241939585,-4.1444342624652464e-05,1.8691465553111186e-05,-0.05546629104983847,0.43868405366967433,0.4941503447195128,0.0,-0.055484654315187676,-1.1859017428506036e-05,-0.47305870056152344,-0.10725021362304688,-0.6241354679317439,-0.17459605902359598,0.1510767673702169,0.06734584540052779,0.0392466112363587,0.01299838074803371,0.389211150130353,0.2799832453302388,-0.21619892120361328,0.1896495819091797,-0.36727568857383375,0.12230373650863058,0.1510767673702169,0.06734584540052779,0.0392466112363587,0.01299838074803371,0.389211150130353,0.2799832453302388,-0.6160927429088909,-0.616075138129605,-0.1774086892392166,0.0,-0.1774086892392166,-0.1774050055340073,-0.17740015992622293,0.0,-0.37752435782283467,-0.37752544450910186,0.11662598689667814,0.0,0.11662598689667814,0.11664803386723666,0.1166410204575925,0.0,a_to_b,-0.6160927429088909,-0.1774086892392166,-0.37752435782283467,0.11662598689667814,animal,1,-0.23856838508605627,-0.23854969362050316,-0.29403467613589473,0.0,-0.29403467613589473,-0.29405303940124394,-0.29404118038381544,0.0,,,,,,,,,0.8089392467010245,0.587933749635352,0.3456661022143765,True,True,6.594638659489118e-09,0.0,1.1859017428506036e-05,True,0.0,0.0,True,1.8691465553111186e-05,True,1.760477928591797e-05,1.0866862671932154e-06,True,True,8,spy,mole-lex-1,0.0,True,1.0,True,3,3,-0.23856838508605627,-0.29403467613589473,0.0,0.0,True,True,True,1.0,ok,True,True,True,True,True,True,34.98715591430664,False,spy,1,0.8019401084492649,1.0,1.0,1.0,1.0,1.0,True,True,True,True,True,True,True,True,mole,0
0.001490835219399056,0.0008963204096669535,0.0008120112649423584,0.002294263745235357,0.0016340534199233466,0.0019745270598524127,0.9962149010353656,0.9974696261704097,0.9972134616752052,247,0.01507568359375,True,True,True,-0.43107547102604826,spy,0.5714959175443725,0.5714958767069676,36.74182891845703,36.74182891845703,0.9032326249876682,0.9032326249876682,-0.0005945148097321025,-0.0006788239544566977,-0.0006602103253120102,-0.00031973668538294413,0.001254725135044099,0.0009985606398396074,-4.492674964495791e-06,-0.28804895365514405,-0.0987837359788184,0.18926521767632742,0.0,-0.28800996315919924,1.0230768205943264e-05,-0.5853328704833984,-0.6026172637939453,-0.5158609481719267,-0.6097289385193694,-0.0694719223114717,0.0071116747254293955,0.02416219673376647,0.01788016684003232,0.2989120186637783,0.3033343481042477,-0.40656566619873047,-0.12225723266601562,-0.33709374388725877,-0.1293689073914397,-0.0694719223114717,0.0071116747254293955,0.02416219673376647,0.01788016684003232,0.2989120186637783,0.3033343481042477,-0.5087938426963428,-0.5087944777731446,-0.6075775786751612,0.0,-0.6075775786751612,-0.6075577238850238,-0.6075636658159533,0.0,-0.33934829523127963,-0.33934443763311695,-0.15008307755495398,0.0,-0.15008307755495398,-0.15010221326076145,-0.15009792442348502,0.0,a_to_b,-0.5087938426963428,-0.6075775786751612,-0.3393482952312805,-0.1500830775549531,animal,1,-0.16944554746506313,-0.16945004014002762,-0.4574945011202072,0.0,-0.4574945011202072,-0.4574555106242624,-0.4574657413924683,0.0,,,,,,,,,0.9062367474210156,0.4233427247177055,0.17921913668685996,True,True,4.755634455602302e-09,0.0,1.0230768205943264e-05,True,0.0,0.0,True,4.492674964495791e-06,True,6.350768018137387e-07,3.857598162682052e-06,True,True,12,spy,mole-lex-1,0.0,True,1.0,True,3,3,-0.16944554746506224,-0.45749450112020806,-8.881784197001252e-16,8.881784197001252e-16,True,True,True,1.0,ok,True,True,True,True,True,True,40.67814636230469,False,spy,1,0.8842230433360305,1.0,1.0,1.0,1.0,1.0,True,True,True,True,True,True,True,True,mole,0
7.357061212226838e-05,0.00013393889144981574,0.0001072996981131363,0.024199318538917068,0.03503037987180836,0.030599411615534172,0.9757271108489606,0.9648356812367418,0.9692932886863527,211,0.01287841796875,True,True,True,-5.795834098019787,animal,0.5988799835603451,0.5988799835603451,37.102325439453125,37.102325439453125,0.9265115233427054,0.9265115233427054,6.036827932754737e-05,3.3729085990867925e-05,0.010831061332891294,0.006400093076617104,-0.010891429612218784,-0.006433822162607905,6.666716284797758e-06,-0.0865229250179258,-0.2217578258307924,-0.13523490081286793,0.0,-0.08653590743345063,-7.963678164024657e-06,-0.3787088394165039,-0.13800430297851562,0.6125345005222158,0.39158455178663765,-0.9912433399387339,-0.5295888547651657,0.05590785416586381,0.02657246070399598,0.6695102535935276,0.3701332094094333,-0.6299667358398438,-0.30596923828125,0.3612766040988764,0.22361961648390327,-0.9912433399387339,-0.5295888547651657,0.05590785416586381,0.02657246070399598,0.6695102535935276,0.3701332094094333,0.5991380077995831,0.5991410807143396,0.377380181968789,0.0,0.377380181968789,0.3773873992357437,0.37738817369992184,0.0,0.36989120811854903,0.36988761431702066,0.23465630730568066,0.0,0.23465630730568066,0.23467650698816023,0.23466931777417432,0.0,b_to_a,0.5991380077995831,0.37738018196879075,0.36989120811854903,0.2346563073056811,spy,1,0.22924679968103412,0.22925346639731892,0.14272387466310832,0.0,0.14272387466310832,0.1427108922475835,0.1427188559257475,0.0,,,,,,,,,0.8595109474769442,0.5118662064618285,0.2620069023547916,True,True,8.35397021431602e-09,0.0,7.963678164024657e-06,True,0.0,0.0,True,6.666716284797758e-06,True,3.072914756430123e-06,3.593801528367635e-06,True,True,4,animal,mole-lex-1,8.881784197001252e-16,True,1.0,True,3,3,0.22924679968103412,0.14272387466310965,0.0,-1.3322676295501878e-15,True,True,True,1.0,ok,True,True,True,True,True,True,40.04518508911133,False,animal,1,0.8318358884166246,1.0,1.0,1.0,1.0,1.0,True,True,True,True,True,True,True,True,mole,0
7.357061212226838e-05,9.38997921765798e-05,8.328577445953772e-05,0.024199318538917068,0.02351992986517747,0.020556586525664205,0.9757271108489606,0.976386170342646,0.9793601276998763,131,0.00799560546875,True,True,True,-5.795834098019787,animal,0.44499680752150517,0.44499680752150517,28.32578468322754,28.32578468322754,0.8096052377794106,0.8096052377794106,2.0329180054311428e-05,9.715162337269344e-06,-0.0006793886737395984,-0.0036427320132528633,0.0006590594936853877,0.003633016850915771,1.2454491888469477e-05,0.014716326140149505,-0.1199504131761504,-0.13466673931630035,0.0,0.014701938433365314,5.584561312055314e-06,0.27701854705810547,0.0855550765991211,0.25034568736424845,0.13091557786656338,0.026672859693853468,-0.0453605012674565,0.02185936737921,0.008372447671615244,0.2716208178439,0.22767934512269727,-0.01238250732421875,-0.20746421813964844,-0.03905536701807577,-0.16210371687220526,0.026672859693853468,-0.0453605012674565,0.02185936737921,0.008372447671615244,0.2716208178439,0.22767934512269727,0.24398251879018495,0.24399584512216244,0.12403210561403455,0.0,0.12403210561403455,0.12403051737506665,0.12402066345697449,0.0,-0.028476332114018454,-0.028475460273929443,-0.16314307143031836,0.0,-0.16314307143031836,-0.16313027196250207,-0.16313454131928218,0.0,b_to_a,0.24398251879018495,0.12403210561403455,-0.02847633211401801,-0.16314307143031836,spy,1,0.2724588509042034,0.2724713053960919,0.2871751770443529,0.0,0.2871751770443529,0.2871607893375687,0.28715520477625667,0.0,,,,,,,,,0.8050779948063036,0.5931819821381172,0.3518650029844994,True,True,7.0815999244188994e-09,0.0,5.584561312055314e-06,True,0.0,0.0,True,1.2454491888469477e-05,True,1.3326331977481232e-05,8.71840089011755e-07,True,True,8,animal,mole-lex-1,8.881784197001252e-16,True,1.0,True,3,3,0.27245885090420296,0.2871751770443529,4.440892098500626e-16,0.0,True,True,True,1.0,ok,True,True,True,True,True,True,34.98715591430664,False,animal,1,0.8010628442925812,1.0,1.0,1.0,1.0,1.0,True,True,True,True,True,True,True,True,mole,0
7.357061212226838e-05,8.582085123573693e-05,7.174278787918566e-05,0.024199318538917068,0.02652215039364626,0.028106601078170132,0.9757271108489606,0.973392028755118,0.9718216561339508,257,0.01568603515625,True,True,True,-5.795834098019787,animal,0.5714959175443725,0.5714959175443725,36.74182891845703,36.74182891845703,0.9032326249876682,0.9032326249876682,1.2250239113468554e-05,-1.8278242430827166e-06,0.002322831854729191,0.003907282539253064,-0.0023350820938425887,-0.003905454715009804,2.3409535462981523e-05,-0.23719888094227493,-0.17917466614028044,0.05802421480199538,0.0,-0.23720478424362845,1.2419157235932232e-05,0.2245168685913086,-0.03862953186035156,0.16017958528508203,-0.034967659968733855,0.06433728330622657,-0.0036618718916230364,0.022872949101566994,0.012173898369779388,0.23530410587299055,0.21864760694559343,0.1532440185546875,0.1449108123779297,0.08890673524846004,0.1485726842695465,0.06433728330622657,-0.0036618718916230364,0.022872949101566994,0.012173898369779388,0.23530410587299055,0.21864760694559343,0.1540163441849156,0.1540249596252874,-0.025158321955364826,0.0,-0.025158321955364826,-0.025139934771740258,-0.02515444246122911,0.0,0.09165577454638818,0.09164098045129698,0.14967998934838267,0.0,0.14967998934838267,0.14970427983336076,0.14970219130110785,0.0,b_to_a,0.1540163441849156,-0.025158321955364826,0.09165577454638729,0.14967998934838267,spy,1,0.06236056963852743,0.06238397917399041,-0.1748383113037475,0.0,-0.1748383113037475,-0.17484421460510102,-0.17485663376233695,0.0,,,,,,,,,0.9063359476490171,0.4227884808411807,0.17875012671967758,True,True,4.560447806020678e-09,0.0,1.2419157235932232e-05,True,0.0,0.0,True,2.3409535462981523e-05,True,8.615440371784189e-06,1.4794095091197335e-05,True,True,12,animal,mole-lex-1,8.881784197001252e-16,True,1.0,True,3,3,0.06236056963852832,-0.1748383113037475,-8.881784197001252e-16,0.0,True,True,True,1.0,ok,True,True,True,True,True,True,40.67814636230469,False,animal,1,0.892355873056323,1.0,0.0,1.0,0.0,1.0,True,True,True,True,True,True,True,True,mole,0
0.0010957970256960299,0.0019524554834212885,0.001768773428885108,5.0192299018251915e-05,5.131248457542132e-05,3.9542086356118154e-05,0.9988540106752857,0.9979962320320033,0.9981916844847587,188,0.011474609375,True,True,True,3.0833756459054698,animal,0.5514879095914018,0.5514879095914018,44.375221252441406,44.375221252441406,0.8201327404460304,0.8201327404460304,0.0008566584577252587,0.0006729764031890781,1.1201855571694048e-06,-1.065021266213376e-05,-0.000857778643282403,-0.000662326190526974,-1.3033234175452435e-05,0.16176703019969807,-0.09880147435308828,-0.26056850455278635,0.0,0.16175160484722895,-2.140082216861572e-05,0.5207586288452148,0.17611217498779297,0.6254200224332713,0.22708515996994905,-0.1046613935880707,-0.05097298498216318,0.17876109421550512,0.09477188128291995,0.45792255176400676,0.470473121831374,0.019376754760742188,-0.029160499572753906,0.12403814834879867,0.02181248540940217,-0.1046613935880707,-0.05097298498216318,0.17876109421550512,0.09477188128291995,0.45792255176400676,0.470473121831374,0.5776058268453594,0.5775996655263915,0.47880435249227116,0.0,0.47880435249227116,0.4788011028523753,0.4787918905732633,0.0,0.022072477692939074,0.022079349608146615,-0.23849602685984728,0.0,-0.23849602685984728,-0.238483851147274,-0.2385144642485546,0.0,a_to_b,0.5776058268453594,0.47880435249227116,0.022072477692939074,-0.23849602685984728,animal,1,0.5555333491524204,0.5555203159182449,0.7173003793521184,0.0,0.7173003793521184,0.7172849539996493,0.7173063548218179,0.0,,,,,,,,,0.8450223539849002,0.5364408974528794,0.28776883799675834,True,True,1.2963018182255726e-08,0.0,2.140082216861572e-05,True,0.0,0.0,True,1.3033234175452435e-05,True,6.161318967912166e-06,6.871915207540269e-06,True,True,4,spy,mole-lex-2,-8.881784197001252e-16,True,1.0,True,3,3,0.5555333491524204,0.7173003793521184,0.0,0.0,True,True,True,1.0,ok,True,True,True,True,True,True,54.107364654541016,False,spy,1,0.8022226224838642,1.0,1.0,1.0,1.0,1.0,True,True,True,True,True,True,True,True,mole,0
0.0010957970256960299,0.0014882051093383483,0.0012613903616851005,5.0192299018251915e-05,3.358500506352195e-05,5.094126490231059e-05,0.9988540106752857,0.9984782098855981,0.9986876683734125,121,0.00738525390625,True,True,True,3.0833756459054698,animal,0.5565984042563504,0.5565984042563504,40.567386627197266,40.567386627197266,0.7314548006957919,0.7314548006957919,0.00039240808364231845,0.00016559333598907067,-1.660729395472996e-05,7.489658840586751e-07,-0.0003758007896875748,-0.0001663423018731791,1.013692044082859e-05,-0.581949805933017,-0.16535619495688625,0.416593610976129,0.0,-0.581968149113794,6.511704377487604e-06,0.4598426818847656,0.09193611145019531,0.4658715683550012,0.1299316441770193,-0.006028886470243577,-0.03799553272682843,0.2178292041830704,0.22834177711695727,0.46304346970528104,0.42063879784559804,-0.5457782745361328,0.14738178253173828,-0.5397493880658963,0.18537731525856316,-0.006028886470243577,-0.03799553272682843,0.2178292041830704,0.22834177711695727,0.46304346970528104,0.42063879784559804,0.306088793366607,0.306097293241109,0.14073259840972074,0.0,0.14073259840972074,0.14072089551194278,0.1407181819992589,0.0,-0.40178191943267905,-0.40178355647861785,0.014811691543451744,0.0,0.014811691543451744,0.014818331826450759,0.014822130018144364,0.0,a_to_b,0.306088793366607,0.14073259840972074,-0.40178191943267905,0.014811691543449967,animal,1,0.707870712799286,0.7078808497197269,0.125920906866269,0.0,0.125920906866269,0.12590256368549202,0.12589605198111453,0.0,,,,,,,,,0.8014438298160724,0.5981331126391082,0.35776314455826236,True,True,1.3349025091217467e-08,0.0,6.511704377487604e-06,True,0.0,0.0,True,1.013692044082859e-05,True,8.499874502021498e-06,1.6370459388070913e-06,True,True,8,spy,mole-lex-2,-8.881784197001252e-16,True,1.0,True,3,3,0.707870712799286,0.12592090686627078,0.0,-1.7763568394002505e-15,True,True,True,1.0,ok,True,True,True,True,True,True,55.46123504638672,False,spy,1,0.8101108075394932,1.0,1.0,1.0,1.0,1.0,True,True,True,True,True,True,True,True,mole,0
0.0010957970256960299,0.0009504864960209996,0.0011368187999776882,5.0192299018251915e-05,4.32015693342157e-05,6.002189535276368e-05,0.9988540106752857,0.9990063119346447,0.9988031593046695,250,0.0152587890625,True,True,True,3.0833756459054698,animal,0.6941861714276097,0.6941862138108875,62.480072021484375,62.48006820678711,0.8339445480135922,0.8339444970974219,-0.00014531052967503024,4.1021774281658346e-05,-6.990729684036215e-06,9.829596334511763e-06,0.00015230125935905559,-5.08513706162228e-05,5.847701496364266e-06,-0.1498174367432128,0.17901515968574522,0.32883259642895624,0.0,-0.14981244708674257,4.392431049993206e-07,0.03370094299316406,0.29340362548828125,0.10073261915288967,0.28625575472701836,-0.06703167615973982,0.007147870761254893,0.14651695294237072,0.14246287025004964,0.5266619100918962,0.5062488139554014,-0.25806331634521484,0.4665231704711914,-0.19103164018548924,0.45937529970992763,-0.06703167615973982,0.007147870761254893,0.14651695294237072,0.14246287025004964,0.5266619100918962,0.5062488139554014,-0.14226330023401346,-0.14226117558666473,0.036751859451729985,0.0,0.036751859451729985,0.03675062031576015,0.03675890724860231,0.0,-0.1499847871476927,-0.14998851020184034,0.17884780928126354,0.0,0.17884780928126354,0.17884158048882348,0.17885030666477064,0.0,a_to_b,-0.14226330023401434,0.03675185945173087,-0.1499847871476927,0.17884780928126354,animal,1,0.007721486913679243,0.007727334615175607,-0.14209594982953355,0.0,-0.14209594982953355,-0.14209096017306333,-0.14209139941616833,0.0,,,,,,,,,0.8957129209208102,0.4447732171221481,0.1978231520982148,True,True,1.4968804121675486e-08,0.0,4.392431049993206e-07,True,0.0,0.0,True,5.847701496364266e-06,True,2.1246473487224193e-06,3.7230541476418466e-06,True,True,12,spy,mole-lex-2,-8.881784197001252e-16,True,1.0,True,3,3,0.007721486913678355,-0.14209594982953266,8.881784197001252e-16,-8.881784197001252e-16,True,True,True,1.0,ok,True,True,True,True,True,True,74.92113494873047,False,spy,1,0.8845488675035132,1.0,0.0,1.0,0.0,1.0,True,True,True,True,True,True,True,True,mole,0
1.0760956169725538e-05,1.0365584109337428e-05,2.2347425495819406e-05,0.0005842915119464068,0.00036775534033989173,0.000757241004958231,0.9994049475318839,0.9996218790755508,0.999220411569546,190,0.0115966796875,True,True,True,-3.9944756084360495,animal,0.5514879095914018,0.5514879569998326,44.375221252441406,44.37521743774414,0.8201327404460304,0.8201326699436636,-3.9537206038811085e-07,1.1586469326093868e-05,-0.0002165361716065151,0.00017294949301182411,0.00021693154366686507,-0.00018453596233791725,-2.1129082064419435e-05,0.045956335529471204,0.7682200257687999,0.7222636902393296,0.0,0.04597094500033627,2.8199823914221156e-05,1.69749116897583,1.33341646194458,0.4211379142993543,1.3888368513293052,1.2763532546764864,-0.0554203893847145,0.29130621207359847,0.02687031671786747,0.8192208403371507,0.4879042011052183,0.781559944152832,0.20788002014160156,-0.49479331052364284,0.2633004095263276,1.2763532546764864,-0.0554203893847145,0.29130621207359847,0.02687031671786747,0.8192208403371507,0.4879042011052183,-0.037433315830707414,-0.037427943885978365,0.7307867099380925,0.0,0.7307867099380925,0.7308014347761098,0.7307606017703581,0.0,-0.4629821415444173,-0.46295564051762383,0.2592815486949114,0.0,0.2592815486949114,0.25928166406206365,0.2592690308802261,0.0,b_to_a,-0.03743331583070564,0.7307867099380942,-0.4629821415444173,0.25928154869491227,spy,1,0.4255488257137099,0.42552769663164547,0.4715051612431811,0.0,0.4715051612431811,0.47151977071404616,0.47149157089013194,0.0,,,,,,,,,0.8450004349513404,0.5355131731176558,0.28677437877879475,True,True,1.319973735537858e-08,0.0,2.8199823914221156e-05,True,0.0,0.0,True,2.1129082064419435e-05,True,5.371944729049005e-06,2.650102679346844e-05,True,True,4,animal,mole-lex-2,1.7763568394002505e-15,True,1.0,True,3,3,0.42554882571371166,0.471505161243182,-1.7763568394002505e-15,-8.881784197001252e-16,True,True,True,1.0,ok,True,True,True,True,True,True,54.107364654541016,False,animal,1,0.8167156575225745,1.0,1.0,1.0,1.0,1.0,True,True,True,True,True,True,True,True,mole,0
1.0760956169725538e-05,1.3538004909087564e-05,1.239645814844559e-05,0.0005842915119464068,0.0004479104744522396,0.0010240365490960892,0.9994049475318839,0.9995385515206386,0.9989635669927555,114,0.0069580078125,True,True,True,-3.9944756084360495,animal,0.5565984042563504,0.5565984042563504,40.567386627197266,40.567386627197266,0.7314548006957919,0.7314548006957919,2.777048739362026e-06,1.6355019787200509e-06,-0.00013638103749416726,0.0004397450371496824,0.0001336039887547269,-0.0004413805391284553,2.3472953225578408e-05,-0.9150042288871356,-0.08809011008158052,0.8269141188055587,0.0,-0.9149850355034506,3.2416384101452422e-06,2.09318208694458,1.7767739295959473,0.4863135606613671,-0.280076694047354,1.6068685262832183,2.0568506236433137,0.25644247053059205,0.06364832720815683,0.9519630960903471,1.093163357190635,1.2786369323730469,2.654539108276367,-0.3282315939101643,0.5976884846330668,1.6068685262832183,2.0568506236433137,0.25644247053059205,0.06364832720815683,0.9519630960903471,1.093163357190635,0.22957649455885232,0.22956209848005926,0.14148638447727357,0.0,0.14148638447727357,0.14148784983513707,0.1414719344906068,0.0,-0.26580664394538367,-0.2658445129774023,0.5611074748601732,0.0,0.5611074748601732,0.5610897468343516,0.5610770731282315,0.0,b_to_a,0.22957649455885587,0.14148638447727535,-0.26580664394538367,0.561107474860175,spy,1,0.495383138504236,0.49540661145746157,-0.41962109038289963,0.0,-0.41962109038289963,-0.4196018969992146,-0.4196051386376247,0.0,,,,,,,,,0.8021772327176413,0.5985665844932436,0.35828191991257524,True,True,1.3196452287040995e-08,0.0,3.2416384101452422e-06,True,0.0,0.0,True,2.3472953225578408e-05,True,1.4396078793055267e-05,3.7869032018633675e-05,True,True,8,animal,mole-lex-2,1.7763568394002505e-15,True,1.0,True,3,3,0.49538313850423954,-0.41962109038289963,-3.552713678800501e-15,0.0,True,True,True,1.0,ok,True,True,True,True,True,True,55.46123504638672,False,animal,1,0.7601035438871705,1.0,0.0,1.0,0.0,1.0,True,True,True,True,True,True,True,True,mole,0
1.0760956169725538e-05,1.7651353139770106e-05,1.5014865449172968e-05,0.0005842915119464068,0.0006632119761663216,0.0009383668105952797,0.9994049475318839,0.9993191366706938,0.9990466183239556,250,0.0152587890625,True,True,True,-3.9944756084360495,animal,0.6941861714276097,0.6941861714276097,62.480072021484375,62.480072021484375,0.8339445480135922,0.8339445480135922,6.8903969700445674e-06,4.253909279447429e-06,7.89204642199148e-05,0.0003540752986488729,-8.581086119008319e-05,-0.0003583292079283318,4.173528335371657e-06,-0.5088179721079094,-0.16177170528236573,0.34704626682554274,0.0,-0.508818764876942,3.3509063577241704e-06,1.1678338050842285,0.902534008026123,0.8582809907902416,0.5337732088356226,0.30955281429400117,0.3687607991905004,0.05428428369935444,0.020658450540549246,0.6270544783761407,0.5964976262080931,0.30115795135498047,0.8738918304443359,-0.008394862939005598,0.5051310312538373,0.30955281429400117,0.3687607991905004,0.05428428369935444,0.020658450540549246,0.6270544783761407,0.5964976262080931,0.49488803144054927,0.4948913049889807,0.33311632615818354,0.0,0.33311632615818354,0.3331057493644991,0.3331049727963933,0.0,0.12669463923094426,0.12669373925104033,0.4737409060564879,0.0,0.4737409060564879,0.4737311220318361,0.473733696370088,0.0,b_to_a,0.49488803144055105,0.3331163261581853,0.12669463923094426,0.473740906056487,spy,1,0.368193392209605,0.3681975657379404,-0.14062457989830435,0.0,-0.14062457989830435,-0.140625372667337,-0.1406287235736947,0.0,,,,,,,,,0.8865158665915797,0.4627488252739996,0.21413647628579668,True,True,1.3214191720377287e-08,0.0,3.3509063577241704e-06,True,0.0,0.0,True,4.173528335371657e-06,True,3.2735484314372343e-06,8.999799039344225e-07,True,True,12,animal,mole-lex-2,1.7763568394002505e-15,True,1.0,True,3,3,0.3681933922096068,-0.14062457989830168,-1.7763568394002505e-15,-2.6645352591003757e-15,True,True,True,1.0,ok,True,True,True,True,True,True,74.92113494873047,False,animal,1,0.879649467678777,1.0,0.0,1.0,0.0,1.0,True,True,True,True,True,True,True,True,mole,0
0.0006398643943381801,0.0005146031066568902,0.000689415407329296,6.0776698007402626e-05,4.3643476578383815e-05,3.405879145110462e-05,0.9992993589076544,0.9994417534167648,0.9992765258012196,243,0.01483154296875,True,True,True,2.3540498110031685,animal,0.549106252854078,0.549106252854078,45.63181686401367,45.63181686401367,0.8688078475263856,0.8688078475263856,-0.00012526128768128991,4.955101299111589e-05,-1.713322142901881e-05,-2.6717906556298002e-05,0.00014239450911035512,-2.2833106434805295e-05,-1.795923870417937e-05,0.5404136969425402,0.29244806586774796,-0.2479656310747913,0.0,0.5404109419337981,-1.576159425731305e-05,-1.0415353775024414,-0.24513816833496094,-0.1750076361644659,0.13483352283315142,-0.866527741337979,-0.3799716911681408,0.045818472474342106,0.03588097188282651,0.5670409154434449,0.4639582294636087,-1.2610645294189453,-0.9790611267089844,-0.3945367880809698,-0.599089435540872,-0.866527741337979,-0.3799716911681408,0.045818472474342106,0.03588097188282651,0.5670409154434449,0.4639582294636087,-0.2178603331947162,-0.21787859452142122,0.07458773267303265,0.0,0.07458773267303265,0.07457737502256023,0.0745947062120269,0.0,-0.3311526363123978,-0.3311529384003986,-0.5791182673871891,0.0,-0.5791182673871891,-0.5791258700289195,-0.5791243004337101,0.0,a_to_b,-0.21786033319471532,0.07458773267303265,-0.3311526363123978,-0.5791182673871891,animal,1,0.11329230311768157,0.11327434387897739,0.6537060000602217,0.0,0.6537060000602217,0.6537032450514797,0.653719006645737,0.0,,,,,,,,,0.8333405335949128,0.5532149773166128,0.3060466481691614,True,True,1.2814676699990812e-08,0.0,1.576159425731305e-05,True,0.0,0.0,True,1.795923870417937e-05,True,1.826132670501579e-05,3.020880008364202e-07,True,True,4,spy,mole-lex-3,0.0,True,1.0,True,3,3,0.11329230311768246,0.6537060000602217,-8.881784197001252e-16,0.0,True,True,True,1.0,ok,True,True,True,True,True,True,52.522335052490234,False,spy,1,0.8109244638975742,1.0,1.0,1.0,1.0,1.0,True,True,True,True,True,True,True,True,mole,0
0.0006398643943381801,0.0003908480463899651,0.00038999581872866486,6.0776698007402626e-05,8.428376570949176e-05,8.01258271964954e-05,0.9992993589076544,0.9995248681879005,0.9995298783540748,134,0.0081787109375,True,True,True,2.3540498110031685,animal,0.5780814281244406,0.5780814281244406,43.031776428222656,43.031776428222656,0.7969952127391245,0.7969952127391245,-0.000249016347948215,-0.0002498685756095153,2.3507067702089137e-05,1.934912918909278e-05,0.00022550928024611672,0.00023051944642038524,-3.809797600951015e-05,0.048408191429958336,-0.002182838433547829,-0.050591029863506165,0.0,0.04841477551050666,1.2556021326659561e-05,-1.2790441513061523,-1.3813362121582031,-0.42419007553688104,-0.44781261079302137,-0.854854075769282,-0.9335236013651844,0.0750579002935866,0.05866592336951272,0.566215811601075,0.5342832555846062,-0.5275335311889648,-0.6566705703735352,0.32732054458030646,0.2768530309916475,-0.854854075769282,-0.9335236013651844,0.0750579002935866,0.05866592336951272,0.566215811601075,0.5342832555846062,-0.4929374137653557,-0.4929407149655507,-0.49512025219890354,0.0,-0.49512025219890354,-0.4951185638990445,-0.49514372182099997,0.0,0.326982809822864,0.3270176065986785,0.2763917799593578,0.0,0.2763917799593578,0.2763868841786685,0.27637428227803973,0.0,a_to_b,-0.4929374137653548,-0.49512025219890266,0.326982809822864,0.2763917799593578,animal,1,-0.8199202235882197,-0.8199583215642292,-0.7715120321582614,0.0,-0.7715120321582614,-0.771505448077713,-0.7715180040990397,0.0,,,,,,,,,0.7999905446976568,0.600067297942863,0.36008096081411656,True,True,1.0900492609459953e-08,0.0,1.2556021326659561e-05,True,0.0,0.0,True,3.809797600951015e-05,True,3.301200194982812e-06,3.4796775814527336e-05,True,True,8,spy,mole-lex-3,0.0,True,1.0,True,3,3,-0.8199202235882188,-0.7715120321582605,-8.881784197001252e-16,-8.881784197001252e-16,True,True,True,1.0,ok,True,True,True,True,True,True,53.992515563964844,False,spy,1,0.7918723358098869,1.0,1.0,1.0,1.0,1.0,True,True,True,True,True,True,True,True,mole,0
0.0006398643943381801,0.0003035433649604314,0.0003286980769701326,6.0776698007402626e-05,7.654821295401487e-05,0.00012072959391288612,0.9992993589076544,0.9996199084220856,0.999550572329117,266,0.0162353515625,True,True,True,2.3540498110031685,animal,0.6708464692543298,0.6708465166041562,54.04616165161133,54.04615783691406,0.9153959525682771,0.9153958879576123,-0.00033632102937774876,-0.0003111663173680475,1.5771514946612243e-05,5.995289590548349e-05,0.00032054951443116764,0.00025121342146261494,-7.0249748507222876e-06,-0.376017359681164,0.07961514704906492,0.4556325067302289,0.0,-0.37599719460550496,-7.601654719024964e-07,-1.4671382904052734,-1.0302677154541016,-0.6772410926462182,-0.5954491185968376,-0.7898971977590641,-0.43481859685727287,0.081454744730036,0.0633276824251743,0.5711775269028365,0.4625808260612291,-0.5557804107666016,0.2762317657470703,0.23411678699245364,0.7110503626043343,-0.7898971977590641,-0.43481859685727287,0.081454744730036,0.0633276824251743,0.5711775269028365,0.4625808260612291,-0.7457317868628799,-0.7457432749017361,-0.666116639813815,0.0,-0.666116639813815,-0.6661072775079013,-0.6661174755295622,0.0,0.23071431795761121,0.23070985489360574,0.6863468246878401,0.0,0.6863468246878401,0.6863360219180947,0.6863250637309619,0.0,a_to_b,-0.7457317868628799,-0.666116639813815,0.23071431795761121,0.6863468246878401,animal,1,-0.9764461048204911,-0.9764531297953418,-1.352463464501655,0.0,-1.352463464501655,-1.352443299425996,-1.3524425392605242,0.0,,,,,,,,,0.9090212555759712,0.4171771570878383,0.17403689144112364,True,True,8.125877002078839e-09,0.0,7.601654719024964e-07,True,0.0,0.0,True,7.0249748507222876e-06,True,1.1488038856199978e-05,4.4630640054776904e-06,True,True,12,spy,mole-lex-3,0.0,True,1.0,True,3,3,-0.9764461048204911,-1.352463464501655,0.0,0.0,True,True,True,1.0,ok,True,True,True,True,True,True,59.04129409790039,False,spy,1,0.8901301350866978,1.0,1.0,1.0,1.0,1.0,True,True,True,True,True,True,True,True,mole,0
7.073194638370706e-06,8.317291572681762e-06,2.8453212094050324e-05,0.010083224024753196,0.0047721762513751095,0.00985703643959446,0.9899097027806085,0.9952195064570521,0.9901145103483114,182,0.0111083984375,True,True,True,-7.26231609803369,animal,0.549106252854078,0.549106252854078,45.63181686401367,45.63181686401367,0.8688078475263856,0.8688078475263856,1.2440969343110557e-06,2.1380017455679617e-05,-0.0053110477733780866,-0.00022618758515873666,0.005309803676443625,0.00020480756770291375,-2.6151749056069207e-05,0.5045412661636588,1.229924387622889,0.725383121459231,0.0,0.5045391685324656,5.555664920109393e-06,0.35559558868408203,1.4554595947265625,0.28158515961442454,1.5669294869174575,0.07401042906969124,-0.11146989219086123,0.1918114138319065,0.037722897062379815,0.7113387568453629,0.6128135391846505,-0.7052478790283203,-0.1441802978515625,-0.7792583080979769,-0.03271040566066663,0.07401042906969124,-0.11146989219086123,0.1918114138319065,0.037722897062379815,0.7113387568453629,0.6128135391846505,0.1620244335283516,0.1620045370211951,1.3919488211512405,0.0,1.3919488211512405,1.3919427983073156,1.3919486731317523,0.0,-0.74807061718837,-0.7480643619464704,-0.02268749572913986,0.0,-0.02268749572913986,-0.0226914209418716,-0.022679990452514787,0.0,b_to_a,0.16202443352835338,1.3919488211512423,-0.7480706171883709,-0.02268749572913986,spy,1,0.9100950507167216,0.9100688989676655,1.4146363168803804,0.0,1.4146363168803804,1.4146342192491872,1.414628663584267,0.0,,,,,,,,,0.8380140459970854,0.5467988598812379,0.29898894874254034,True,True,1.1535947633359137e-08,0.0,5.555664920109393e-06,True,0.0,0.0,True,2.6151749056069207e-05,True,1.9896507156502707e-05,6.255241899566499e-06,True,True,4,animal,mole-lex-3,2.6645352591003757e-15,True,1.0,True,3,3,0.9100950507167243,1.4146363168803822,-2.6645352591003757e-15,-1.7763568394002505e-15,True,True,True,1.0,ok,True,True,True,True,True,True,52.522335052490234,False,animal,1,0.8025686562390725,1.0,1.0,1.0,1.0,1.0,True,True,True,True,True,True,True,True,mole,0
7.073194638370706e-06,6.282281406212521e-06,3.320590537827534e-06,0.010083224024753196,0.003648316091029898,0.005258782580846501,0.9899097027806085,0.9963454016275639,0.9947378968286156,117,0.00714111328125,True,True,True,-7.26231609803369,animal,0.5780814281244406,0.5780814281244406,43.031776428222656,43.031776428222656,0.7969952127391245,0.7969952127391245,-7.909132321581852e-07,-3.752604100543172e-06,-0.0064349079337232985,-0.004824441443906695,0.006435698846955384,0.004828194048007051,-1.1509954402910694e-05,-1.0032243910372047,-0.6375905558029675,0.3656338352342354,0.0,-1.0032184624427272,1.2325526243195384e-05,0.09061527252197266,-0.7128162384033203,-0.17620626834758113,-0.8611526769138251,0.2668215408696071,0.14833643851053324,0.4131928405055493,0.23237504288615812,0.9046696045627242,0.8995472035440082,-0.7821044921875,-0.5098152160644531,-1.0489260330570538,-0.6581516545749571,0.2668215408696071,0.14833643851053324,0.4131928405055493,0.23237504288615812,0.9046696045627242,0.8995472035440082,-0.11857904042459921,-0.1185906895414881,-0.7561695962275667,0.0,-0.7561695962275667,-0.7561630312639842,-0.7561535364229535,0.0,-1.0166073390108652,-1.0166074781733512,-0.650973503776628,0.0,-0.650973503776628,-0.650972867407523,-0.6509510470402491,0.0,b_to_a,-0.11857904042459744,-0.756169596227565,-1.0166073390108643,-0.6509735037766289,spy,1,0.898028298586266,0.8980167886318631,-0.10519609245093875,0.0,-0.10519609245093875,-0.10519016385646118,-0.10520248938270438,0.0,,,,,,,,,0.8113493432854222,0.5854349328164885,0.34273406646382204,True,True,1.191067833005341e-08,0.0,1.2325526243195384e-05,True,0.0,0.0,True,1.1509954402910694e-05,True,1.1649116888889921e-05,1.391624859792273e-07,True,True,8,animal,mole-lex-3,2.6645352591003757e-15,True,1.0,True,3,3,0.8980282985862669,-0.10519609245093609,-8.881784197001252e-16,-2.6645352591003757e-15,True,True,True,1.0,ok,True,True,True,True,True,True,53.992515563964844,False,animal,1,0.779386583184761,1.0,0.0,1.0,0.0,1.0,True,True,True,True,True,True,True,True,mole,0
7.073194638370706e-06,5.805874001828262e-06,3.6974418349436945e-06,0.010083224024753196,0.002304538224653828,0.005148428330935063,0.9899097027806085,0.9976896559013444,0.99484787422723,236,0.014404296875,True,True,True,-7.26231609803369,animal,0.6708464692543298,0.6708464692543298,54.04616165161133,54.04616165161133,0.9153959525682771,0.9153959525682771,-1.2673206365424446e-06,-3.3757528034270117e-06,-0.007778685800099367,-0.004934795693818133,0.007779953120735872,0.004938171446621453,-3.243534219876665e-06,-1.2550401490665326,-0.4512289794293416,0.803811169637191,0.0,-1.255013370329972,-4.3795980531058376e-07,-0.4672088623046875,-1.1383495330810547,-0.3405895233558027,-1.1919260634249529,-0.1266193389488528,0.05357653034391063,0.6454186497925632,0.19343367162449865,1.379312605253082,0.7558991260474137,-1.6520519256591797,-0.6535129547119141,-1.5254325867102931,-0.7070894850558114,-0.1266193389488528,0.05357653034391063,0.6454186497925632,0.19343367162449865,1.379312605253082,0.7558991260474137,-0.1974420721841419,-0.19743608262875334,-0.6486710516134835,0.0,-0.6486710516134835,-0.6486610448724761,-0.6486610869289304,0.0,-1.4759927352268178,-1.4759835021372094,-0.6721815655896268,0.0,-0.6721815655896268,-0.6721983375851801,-0.6721988176014397,0.0,b_to_a,-0.19744207218414012,-0.6486710516134817,-1.4759927352268178,-0.6721815655896268,spy,1,1.278550663042676,1.278547419508456,0.023510513976143343,0.0,0.023510513976143343,0.023537292712703994,0.023537730672509305,0.0,,,,,,,,,0.905663884531935,0.4244053810225533,0.18011989688590277,True,True,7.59774142322757e-09,0.0,4.3795980531058376e-07,True,0.0,0.0,True,3.243534219876665e-06,True,5.989555388552503e-06,9.233089608429168e-06,True,True,12,animal,mole-lex-3,2.6645352591003757e-15,True,1.0,True,3,3,1.2785506630426777,0.02351051397614512,-1.7763568394002505e-15,-1.7763568394002505e-15,True,True,True,1.0,ok,True,True,True,True,True,True,59.04129409790039,False,animal,1,0.887034273526913,1.0,1.0,1.0,1.0,1.0,True,True,True,True,True,True,True,True,mole,0
nan,nan,nan,nan,nan,nan,nan,nan,nan,122,0.0074462890625,True,True,True,-5.1110580022568515,traffic,0.6655756866929684,0.6655756440185513,46.668983459472656,46.668983459472656,0.7614023701694429,0.7614023701694429,nan,nan,nan,nan,nan,nan,-6.224990922731877e-07,0.13690592691197434,nan,nan,0.0,0.13692874176567837,-1.5940465338815102e-05,0.18663978576660156,-0.3591766357421875,-0.01451124696604289,-0.401138963533926,0.20115103273260004,0.04196232779171183,0.2858004567822333,0.3753698240499891,0.9532189100300287,0.8757990366624944,-3.6304588317871094,-3.1978235244750977,-3.8316098645197547,-3.239785852266837,0.20115103273260004,0.04196232779171183,0.2858004567822333,0.3753698240499891,0.9532189100300287,0.8757990366624944,-0.01978766372959484,-0.019791191930588425,-0.15060094972864135,0.0,-0.15060094972864135,-0.15059246670011994,-0.1505913729071402,0.0,-2.417983555778415,-2.417986461480316,-2.6857027686894357,0.0,-2.6857027686894357,-2.6857171005146183,-2.6857319471869774,0.0,a_to_b,nan,nan,nan,nan,music,1,2.39819589204882,2.3981952695497277,2.5351018189607943,0.0,2.5351018189607943,2.5351246338144984,2.535140574279837,0.0,,,,,,,,,0.8654254250296526,0.5018889194808005,0.25189251496939163,True,True,1.7270132644227012e-08,0.0,1.5940465338815102e-05,True,0.0,0.0,True,6.224990922731877e-07,True,3.5282009935855285e-06,2.905701901312341e-06,True,True,4,traffic,jam-lex-0,nan,False,0.0,False,2,3,nan,nan,nan,nan,False,True,False,0.0,multi_token_candidate,True,True,True,True,False,True,61.29345703125,False,traffic,1,0.8362032828533993,1.0,1.0,1.0,1.0,1.0,True,True,True,True,True,True,True,True,jam,0
nan,nan,nan,nan,nan,nan,nan,nan,nan,117,0.00714111328125,True,True,True,-5.1110580022568515,traffic,0.6651355959346397,0.6651355959346397,53.25286102294922,53.25286102294922,0.8168637957051437,0.8168637957051437,nan,nan,nan,nan,nan,nan,-1.6369442013441926e-05,0.3099474352559728,nan,nan,0.0,0.3099512577609982,1.0355331699685166e-05,0.9281396865844727,0.4656839370727539,0.4954230668721227,0.14824623860066666,0.4327166197123091,0.31743769847204106,0.8540857035629671,2.124095853904593,1.0454377447765026,1.134472590382312,-2.7054786682128906,-3.2997541427612305,-3.1381952879252406,-3.6171918412333186,0.4327166197123091,0.31743769847204106,0.8540857035629671,2.124095853904593,1.0454377447765026,1.134472590382312,0.29185986521230767,0.2918452966547047,-0.15867157265736687,0.0,-0.15867157265736687,-0.15868142355310333,-0.15869101259917429,0.0,-2.289608535256087,-2.2896067343716764,-3.050087408381734,0.0,-3.050087408381734,-3.050101081782496,-3.0501003154968673,0.0,a_to_b,nan,nan,nan,nan,music,1,2.5814684004683945,2.581452031026381,2.8914158357243673,0.0,2.8914158357243673,2.8914196582293927,2.891409302897693,0.0,,,,,,,,,0.8036242487810652,0.5977950880294197,0.35735892182191203,True,True,1.5545059152579413e-08,0.0,1.0355331699685166e-05,True,0.0,0.0,True,1.6369442013441926e-05,True,1.4568557602956389e-05,1.800884410485537e-06,True,True,8,traffic,jam-lex-0,nan,False,0.0,False,2,3,nan,nan,nan,nan,False,True,False,0.0,multi_token_candidate,True,True,True,True,False,True,65.19184875488281,False,traffic,1,0.7473137850754626,1.0,1.0,1.0,1.0,1.0,True,True,True,True,True,True,True,True,jam,0
nan,nan,nan,nan,nan,nan,nan,nan,nan,253,0.01544189453125,True,True,True,-5.1110580022568515,traffic,0.7050711647584378,0.7050711170550261,65.38648223876953,65.38648223876953,0.8353824253756003,0.8353824253756003,nan,nan,nan,nan,nan,nan,4.4735055588773776e-06,-0.03985369292886887,nan,nan,0.0,-0.039844047405338756,-8.30044680988351e-06,0.5654392242431641,1.1621084213256836,0.6641556869836656,1.207460804301144,-0.09871646274055834,-0.04535238297549782,0.4685343767547736,0.6052261445551311,0.9335981339344966,0.9328966235001991,-3.38710880279541,-3.0432119369506836,-3.2883923400549104,-2.997859553975225,-0.09871646274055834,-0.04535238297549782,0.4685343767547736,0.6052261445551311,0.9335981339344966,0.9328966235001991,0.6143855288946707,0.6143795017141986,0.5441709850048362,0.0,0.5441709850048362,0.5441710180731931,0.5441890237654352,0.0,-2.698641415657449,-2.69865191634348,-2.729002266618415,0.0,-2.729002266618415,-2.729011879073588,-2.729002173828156,0.0,a_to_b,nan,nan,nan,nan,music,1,3.31302694455212,3.3130314180576788,3.273173251623251,0.0,3.273173251623251,3.273182897146781,3.273191197593591,0.0,,,,,,,,,0.8770934059385482,0.4805884508579452,0.23096519901434281,True,True,1.2197644328160855e-08,0.0,8.30044680988351e-06,True,0.0,0.0,True,4.4735055588773776e-06,True,6.027180472045757e-06,1.0500686030923134e-05,True,True,12,traffic,jam-lex-0,nan,False,0.0,False,2,3,nan,nan,nan,nan,False,True,False,0.0,multi_token_candidate,True,True,True,True,False,True,78.27131652832031,False,traffic,1,0.8610280434954081,1.0,1.0,1.0,1.0,1.0,True,True,True,True,True,True,True,True,jam,0
nan,nan,nan,nan,nan,nan,nan,nan,nan,116,0.007080078125,True,True,True,-11.725113856533092,music,0.6655756866929684,0.6655756866929684,46.668983459472656,46.668983459472656,0.7614023701694429,0.7614023701694429,nan,nan,nan,nan,nan,nan,1.6967253385402614e-05,-0.2301438286836337,nan,nan,0.0,-0.23010080477052774,3.222457709917137e-05,2.3000497817993164,1.6132020950317383,3.6046139184343726,2.3129757406698204,-1.3045641366350829,-0.6997736456381247,0.339929290204342,0.2527636362003863,1.881998791063015,1.7825769157958562,-2.1630477905273438,-1.393117904663086,-0.8584836538922871,-0.6933442590250039,-1.3045641366350829,-0.6997736456381247,0.339929290204342,0.2527636362003863,1.881998791063015,1.7825769157958562,2.043830483550888,2.043835129972619,1.9151628489583725,0.0,1.9151628489583725,1.9151885964344117,1.9151608300406746,0.0,-0.5981078959725412,-0.5981202168041952,-0.496631701881423,0.0,-0.496631701881423,-0.49664897831848887,-0.49664452013512816,0.0,b_to_a,nan,nan,nan,nan,traffic,1,2.6419383795234292,2.6419553467768147,2.4117945508397955,0.0,2.4117945508397955,2.4118375747529015,2.4118053501758023,0.0,,,,,,,,,0.8331293049195496,0.5542620736632073,0.3072066138726441,True,True,1.7391207084283656e-08,0.0,3.222457709917137e-05,True,0.0,0.0,True,1.6967253385402614e-05,True,4.646421730924999e-06,1.2320831654033526e-05,True,True,4,music,jam-lex-0,nan,False,0.0,False,3,2,nan,nan,nan,nan,True,True,False,0.0,multi_token_candidate,True,True,False,True,False,True,61.29345703125,False,music,1,0.7969189190829283,1.0,1.0,1.0,1.0,1.0,True,True,True,True,True,True,True,True,jam,0
nan,nan,nan,nan,nan,nan,nan,nan,nan,92,0.005615234375,True,True,True,-11.725113856533092,music,0.6651355959346397,0.6651355959346397,53.25286102294922,53.25286102294922,0.8168637957051437,0.8168637957051437,nan,nan,nan,nan,nan,nan,4.487966377020314e-05,-0.08926029104525313,nan,nan,0.0,-0.08924259036895776,6.932882090637804e-06,2.141751766204834,0.6565365791320801,2.6579719898387566,2.294127693470333,-0.5162202236339546,-1.6375911143383206,0.1733629626969651,0.18178696817080858,1.1100719757713406,1.4254192504914045,-1.345123291015625,-2.5345592498779297,-0.8289030673817015,-0.8969681355396761,-0.5162202236339546,-1.6375911143383206,0.1733629626969651,0.18178696817080858,1.1100719757713406,1.4254192504914045,1.5161561716327654,1.5161813976288379,1.2901306424912402,0.0,1.2901306424912402,1.2901276655738947,1.2901263882003882,0.0,-0.7272961446951403,-0.7273157983628371,-0.8640613827914123,0.0,-0.8640613827914123,-0.8640820603850532,-0.8640764048764691,0.0,b_to_a,nan,nan,nan,nan,traffic,1,2.2434523163279056,2.243497195991676,2.1541920252826525,0.0,2.1541920252826525,2.154209725958948,2.1542027930768572,0.0,,,,,,,,,0.7933698723709102,0.6091050165200301,0.3710088920273788,True,True,1.4705889140348504e-08,0.0,6.932882090637804e-06,True,0.0,0.0,True,4.487966377020314e-05,True,2.522599607246434e-05,1.965366769685062e-05,True,True,8,music,jam-lex-0,nan,False,0.0,False,3,2,nan,nan,nan,nan,True,True,False,0.0,multi_token_candidate,True,True,False,True,False,True,65.19184875488281,False,music,1,0.7722771018613941,1.0,1.0,1.0,1.0,1.0,True,True,True,True,True,True,True,True,jam,0
nan,nan,nan,nan,nan,nan,nan,nan,nan,258,0.0157470703125,True,True,True,-11.725113856533092,music,0.7050711647584378,0.7050711647584378,65.38648223876953,65.38648223876953,0.8353824253756003,0.8353824253756003,nan,nan,nan,nan,nan,nan,-1.6542215249160108e-05,0.14981210719889404,nan,nan,0.0,0.14983027873144295,4.061249796905031e-06,1.4039363861083984,1.250162124633789,1.0458836514130851,0.8634638279538933,0.35805273469530974,0.38669829667989575,0.050649261445382135,0.015935353871038532,0.5475747741446986,0.35184642578639275,0.20790672302246094,0.2122631072998047,-0.15014601167285102,-0.17443518938009261,0.35805273469530974,0.38669829667989575,0.050649261445382135,0.015935353871038532,0.5475747741446986,0.35184642578639275,0.22654499212139,0.22653534219880278,0.3571657246710611,0.0,0.3571657246710611,0.3571687941716153,0.3571605609502235,0.0,-0.12119019105644124,-0.1211832987637802,-0.14038156570566462,0.0,-0.14038156570566462,-0.1403966677376589,-0.14040083970925465,0.0,b_to_a,nan,nan,nan,nan,traffic,1,0.34773518317783214,0.347718640962583,0.4975472903767262,0.0,0.4975472903767262,0.4975654619092751,0.4975614006594782,0.0,,,,,,,,,0.8909960808002034,0.4544135048024262,0.20649157862229392,True,True,1.2314703084686033e-08,0.0,4.061249796905031e-06,True,0.0,0.0,True,1.6542215249160108e-05,True,9.649922587229298e-06,6.892292661042632e-06,True,True,12,music,jam-lex-0,nan,False,0.0,False,3,2,nan,nan,nan,nan,True,True,False,0.0,multi_token_candidate,True,True,False,True,False,True,78.27131652832031,False,music,1,0.8718794948654979,1.0,1.0,1.0,1.0,1.0,True,True,True,True,True,True,True,True,jam,0
nan,nan,nan,nan,nan,nan,nan,nan,nan,131,0.00799560546875,True,True,True,0.45841721801851065,music,0.5650321169695608,0.5650321169695608,35.184181213378906,35.184181213378906,0.749691392017687,0.749691392017687,nan,nan,nan,nan,nan,nan,5.243423007783576e-06,-0.07469316978806262,nan,nan,0.0,-0.07469849460813727,-8.100253214848863e-06,-0.3972330093383789,-0.6840333938598633,-0.5689475041617627,-0.6196020039188248,0.1717144948233944,-0.06443138994103847,0.03986137606937787,0.02054997560562831,0.6343613094481579,0.5281613126924116,0.4934244155883789,0.5879192352294922,0.32170992076499516,0.6523506251705307,0.1717144948233944,-0.06443138994103847,0.03986137606937787,0.02054997560562831,0.6343613094481579,0.5281613126924116,-0.6116073114856082,-0.6116115971191736,-0.7983336042912423,0.0,-0.7983336042912423,-0.7983344288191443,-0.7983345212281492,0.0,0.5400793826990586,0.5400698536424855,0.42804625968148713,0.0,0.42804625968148713,0.4280507599736598,0.4280425673114401,0.0,a_to_b,nan,nan,nan,nan,music,1,-1.1516866941846668,-1.151681450761659,-1.2263798639727295,0.0,-1.2263798639727295,-1.2263851887928041,-1.2263770885395893,0.0,,,,,,,,,0.8473557203558705,0.5323596207356426,0.28340688886917303,True,True,1.2690546294188034e-08,0.0,8.100253214848863e-06,True,0.0,0.0,True,5.243423007783576e-06,True,4.285633565359603e-06,9.52905657314318e-06,True,True,4,traffic,jam-lex-1,nan,False,0.0,False,2,3,nan,nan,nan,nan,False,True,False,0.0,multi_token_candidate,True,True,True,True,False,True,46.93155288696289,False,traffic,1,0.8096920942908413,1.0,1.0,1.0,1.0,1.0,True,True,True,True,True,True,True,True,jam,0
nan,nan,nan,nan,nan,nan,nan,nan,nan,102,0.0062255859375,True,True,True,0.45841721801851065,music,0.5048606028640394,0.5048606620790217,32.523704528808594,32.52370071411133,0.7171302992159496,0.7171302151039141,nan,nan,nan,nan,nan,nan,1.6241205097244915e-05,0.19209270393391265,nan,nan,0.0,0.1920823770553408,1.9042343655684135e-05,-0.8192014694213867,-1.046600341796875,-0.5901254031603074,-0.5320296091156536,-0.22907606626106158,-0.5145707326812001,0.14166971011906987,0.01906576503187065,0.6023701786920354,0.5007782287783525,0.06793498992919922,-0.45253753662109375,0.29701105619027857,0.06203319606012769,-0.22907606626106158,-0.5145707326812001,0.14166971011906987,0.01906576503187065,0.6023701786920354,0.5007782287783525,-0.4649231735871613,-0.4649185845686947,-0.14955563696856444,0.0,-0.14955563696856444,-0.1495658924795844,-0.1495650637555901,0.0,0.24264148469783287,0.24262983251120218,0.36591631738251706,0.0,0.36591631738251706,0.36591638875006893,0.36593625981771893,0.0,a_to_b,nan,nan,nan,nan,music,1,-0.7075646582849942,-0.7075484170798969,-0.5154719543510815,0.0,-0.5154719543510815,-0.5154822812296533,-0.515501323573309,0.0,,,,,,,,,0.7995140421681588,0.6008975873511933,0.3610779249387765,True,True,1.074023476086587e-08,0.0,1.9042343655684135e-05,True,0.0,0.0,True,1.6241205097244915e-05,True,4.589018466560901e-06,1.1652186630684014e-05,True,True,8,traffic,jam-lex-1,nan,False,0.0,False,2,3,nan,nan,nan,nan,False,True,False,0.0,multi_token_candidate,True,True,True,True,False,True,45.35257339477539,False,traffic,1,0.7821732252540536,1.0,1.0,1.0,1.0,1.0,True,True,True,True,True,True,True,True,jam,0
nan,nan,nan,nan,nan,nan,nan,nan,nan,241,0.01470947265625,True,True,True,0.45841721801851065,music,0.5926717276218,0.5926717276218,48.6207275390625,48.6207275390625,0.8470106194380926,0.8470106194380926,nan,nan,nan,nan,nan,nan,6.6172246437901094e-06,-0.16976872553334665,nan,nan,0.0,-0.1697696083406619,1.603617519663203e-06,-0.28789615631103516,0.11068153381347656,-0.07866704443069317,-0.2863354848926143,-0.2092291118803402,0.39701701870610506,0.10378891841250627,0.046103472716534116,0.6163623334339359,0.6287216680244946,0.32695579528808594,0.8463830947875977,0.5361849071684279,0.4493660760815068,-0.2092291118803402,0.39701701870610506,0.10378891841250627,0.046103472716534116,0.6163623334339359,0.6287216680244946,-0.3157663521949079,-0.31577150597106574,-0.2614261555672961,0.0,-0.2614261555672961,-0.2614189324011562,-0.26141950217419385,0.0,0.33453430863880484,0.3345225376380032,0.5586432307997633,0.0,0.5586432307997633,0.5586513367732184,0.5586523706177005,0.0,a_to_b,nan,nan,nan,nan,music,1,-0.6503006608337127,-0.650294043609069,-0.8200693863670594,0.0,-0.8200693863670594,-0.8200702691743746,-0.8200718727918943,0.0,,,,,,,,,0.8946344947167415,0.44756923807702886,0.20031829717261718,True,True,9.325404901547636e-09,0.0,1.603617519663203e-06,True,0.0,0.0,True,6.6172246437901094e-06,True,5.153776157840184e-06,1.1771000801630294e-05,True,True,12,traffic,jam-lex-1,nan,False,0.0,False,2,3,nan,nan,nan,nan,False,True,False,0.0,multi_token_candidate,True,True,True,True,False,True,57.40273666381836,False,traffic,1,0.8683886253178716,1.0,1.0,1.0,1.0,1.0,True,True,True,True,True,True,True,True,jam,0
nan,nan,nan,nan,nan,nan,nan,nan,nan,111,0.00677490234375,True,True,True,-5.516900616749111,music,0.5650321169695608,0.56503204304348,35.184181213378906,35.184181213378906,0.749691392017687,0.749691392017687,nan,nan,nan,nan,nan,nan,6.6248514869471364e-06,-0.20302158628214428,nan,nan,0.0,-0.20301433188402918,1.0304717719122891e-06,-0.2176671028137207,-0.45336270332336426,-1.620458989145332,-1.092680329668779,1.4027918863316273,0.6393176263454343,0.047285979174337744,0.06853810993232991,0.5986727818745142,0.33794854025507703,1.1695890426635742,0.9199237823486328,-0.233202843668038,0.28060615600321714,1.4027918863316273,0.6393176263454343,0.047285979174337744,0.06853810993232991,0.5986727818745142,0.33794854025507703,-1.5067132169453252,-1.5066984837653639,-1.190351158466454,0.0,-1.190351158466454,-1.1903441210710461,-1.1903575154989365,0.0,-0.2201614073200311,-0.22015329899155667,0.29922223744098453,0.0,0.29922223744098453,0.29922202043827717,0.2992096564821587,0.0,b_to_a,nan,nan,nan,nan,traffic,1,-1.2865518096252941,-1.2865451847738072,-1.4895733959074384,0.0,-1.4895733959074384,-1.4895661415093233,-1.4895671719810952,0.0,,,,,,,,,0.8309882153812401,0.5586266565558287,0.3120636755738954,True,True,1.179507873979836e-08,0.0,1.0304717719122891e-06,True,0.0,0.0,True,6.6248514869471364e-06,True,1.4733179961368137e-05,8.108328474421e-06,True,True,4,music,jam-lex-1,nan,False,0.0,False,3,2,nan,nan,nan,nan,True,True,False,0.0,multi_token_candidate,True,True,False,True,False,True,46.93155288696289,False,music,1,0.7799488558993264,1.0,1.0,1.0,1.0,1.0,True,True,True,True,True,True,True,True,jam,0
nan,nan,nan,nan,nan,nan,nan,nan,nan,87,0.00531005859375,True,True,True,-5.516900616749111,music,0.5048606028640394,0.5048606620790217,32.523704528808594,32.52370071411133,0.7171302992159496,0.7171302151039141,nan,nan,nan,nan,nan,nan,-1.9545297318401822e-05,0.867699943592033,nan,nan,0.0,0.8676954506741623,2.067703954722333e-06,0.8111720085144043,0.38034725189208984,-1.0116014627337009,-0.5681694441218337,1.822773471248123,0.9485166960139111,0.3678811607754345,0.2400652334774826,0.7311954410640716,0.43702059859766973,1.0885725021362305,0.4475240707397461,-0.7342009691118756,-0.5009926252741783,1.822773471248123,0.9485166960139111,0.3678811607754345,0.2400652334774826,0.7311954410640716,0.43702059859766973,-1.9146564439884113,-1.9146632454486099,-0.8455291661000466,0.0,-0.8455291661000466,-0.8455170818615123,-0.8455161222171323,0.0,-0.7126307917583059,-0.7126180479211861,-0.5112034574619742,0.0,-0.5112034574619742,-0.5111868803055692,-0.5111838529572346,0.0,b_to_a,nan,nan,nan,nan,traffic,1,-1.2020256522301054,-1.2020451975274238,-0.3343257086380724,0.0,-0.3343257086380724,-0.33433020155594306,-0.3343322692598978,0.0,,,,,,,,,0.777416044963783,0.6292714748203941,0.3959825922446947,True,True,9.438257988555183e-09,0.0,2.067703954722333e-06,True,0.0,0.0,True,1.9545297318401822e-05,True,6.801460198602172e-06,1.274383711979965e-05,True,True,8,music,jam-lex-1,nan,False,0.0,False,3,2,nan,nan,nan,nan,True,True,False,0.0,multi_token_candidate,True,True,False,True,False,True,45.35257339477539,False,music,1,0.7584843827127582,1.0,1.0,1.0,1.0,1.0,True,True,True,True,True,True,True,True,jam,0
nan,nan,nan,nan,nan,nan,nan,nan,nan,209,0.01275634765625,True,True,True,-5.516900616749111,music,0.5926717276218,0.5926717741217911,48.6207275390625,48.620723724365234,0.8470106194380926,0.8470105529831206,nan,nan,nan,nan,nan,nan,1.394550679911788e-05,1.1141951281300688,nan,nan,0.0,1.1141633136397529,-1.7504475566809674e-06,-0.09005522727966309,-0.8222174644470215,-1.0383713041075282,-0.4272585359487273,0.9483160768278687,-0.3949589284983013,0.10928289864401725,0.05939092211210888,0.4623313311201396,0.47782371565265946,0.4370250701904297,-0.5565376281738281,-0.5112910066374363,-0.16157869967553484,0.9483160768278687,-0.3949589284983013,0.10928289864401725,0.05939092211210888,0.4623313311201396,0.47782371565265946,-1.9284489362386612,-1.9284453590810777,-0.5700286243622088,0.0,-0.5700286243622088,-0.5700424328165994,-0.5700456646727439,0.0,-0.4210805606268968,-0.42109092897611244,-0.17685537688051323,0.0,-0.17685537688051323,-0.17683737084458784,-0.176842353148289,0.0,b_to_a,nan,nan,nan,nan,traffic,1,-1.5073683756117644,-1.5073544301049653,-0.3931732474816956,0.0,-0.3931732474816956,-0.39320506197201155,-0.39320331152445487,0.0,,,,,,,,,0.8860045243326232,0.46468608089570584,0.21593313954367854,True,True,8.801104232728975e-09,0.0,1.7504475566809674e-06,True,0.0,0.0,True,1.394550679911788e-05,True,3.5771575834786518e-06,1.0368349215639228e-05,True,True,12,music,jam-lex-1,nan,False,0.0,False,3,2,nan,nan,nan,nan,True,True,False,0.0,multi_token_candidate,True,True,False,True,False,True,57.40273666381836,False,music,1,0.8553928568862647,1.0,1.0,1.0,1.0,1.0,True,True,True,True,True,True,True,True,jam,0
nan,nan,nan,nan,nan,nan,nan,nan,nan,121,0.00738525390625,True,True,True,-7.674298418217121,traffic,0.6770813839367001,0.6770813839367001,47.177040100097656,47.177040100097656,0.789205266993482,0.789205266993482,nan,nan,nan,nan,nan,nan,1.2222620121349337e-05,-1.6133752339659129,nan,nan,0.0,-1.613367227305508,1.3474624195097817e-05,0.8278837203979492,0.6654939651489258,0.14709052221960484,-0.3300216117374841,0.6807931981783604,0.9955155768864294,0.17073258017541526,0.21323506897319694,1.0379377856743894,1.129222858771004,-3.537700653076172,-2.5655479431152344,-4.218493851254515,-3.5610635200016434,0.6807931981783604,0.9955155768864294,0.17073258017541526,0.21323506897319694,1.0379377856743894,1.129222858771004,0.8085264003547756,0.8085183807686374,-0.38713582291310367,0.0,-0.38713582291310367,-0.3871255047385347,-0.3871230016482343,0.0,-3.792870528308497,-3.7928907705147568,-3.3751575176104636,0.0,-3.3751575176104636,-3.3751552060962995,-3.375139228381804,0.0,a_to_b,nan,nan,nan,nan,music,1,4.601396928663273,4.601409151283394,2.98802169469736,0.0,2.98802169469736,2.988029701357765,2.9880162267335697,0.0,,,,,,,,,0.8640103377666403,0.5043194372718548,0.25433813932216454,True,True,1.5440762480471607e-08,0.0,1.3474624195097817e-05,True,0.0,0.0,True,1.2222620121349337e-05,True,8.019586138274803e-06,2.024220625962414e-05,True,True,4,traffic,jam-lex-2,nan,False,0.0,False,2,3,nan,nan,nan,nan,False,True,False,0.0,multi_token_candidate,True,True,True,True,False,True,59.77790832519531,False,traffic,1,0.8348264912863621,1.0,1.0,1.0,1.0,1.0,True,True,True,True,True,True,True,True,jam,0
nan,nan,nan,nan,nan,nan,nan,nan,nan,92,0.005615234375,True,True,True,-7.674298418217121,traffic,0.6354327277721226,0.6354327848482326,42.469322204589844,42.46931838989258,0.7511068679346407,0.7511068004684046,nan,nan,nan,nan,nan,nan,-7.231532014095876e-06,-1.6699243180206373,nan,nan,0.0,-1.6699047096511768,1.1207201682239543e-05,0.5917577743530273,-0.011555671691894531,0.32222264570651404,0.704656895171345,0.26953512864648843,-0.7162125668632484,0.07530624238338526,0.21974461643931442,1.1389935092077568,1.2206111865886526,-2.551595687866211,-1.2881889343261719,-2.8211308165127233,-0.5719763674629323,0.26953512864648843,-0.7162125668632484,0.07530624238338526,0.21974461643931442,1.1389935092077568,1.2206111865886526,1.4987304659823604,1.4987256437085144,2.0123498161357016,0.0,2.0123498161357016,2.0123555018698074,2.0123654833404316,0.0,-2.4986100068396198,-2.4986075975814517,-0.31506633866564115,0.0,-0.31506633866564115,-0.315080261300996,-0.3150590726286895,0.0,a_to_b,nan,nan,nan,nan,music,1,3.99734047282198,3.997333241289966,2.327416154801343,0.0,2.327416154801343,2.3274357631708034,2.327424555969121,0.0,,,,,,,,,0.7831573698575834,0.6229131029255285,0.38802061251359976,True,True,1.3036989379623833e-08,0.0,1.1207201682239543e-05,True,0.0,0.0,True,7.231532014095876e-06,True,4.822273846016856e-06,2.4092581680790204e-06,True,True,8,traffic,jam-lex-2,nan,False,0.0,False,2,3,nan,nan,nan,nan,False,True,False,0.0,multi_token_candidate,True,True,True,True,False,True,56.54231643676758,False,traffic,1,0.7463360545614554,1.0,1.0,1.0,1.0,1.0,True,True,True,True,True,True,True,True,jam,0
nan,nan,nan,nan,nan,nan,nan,nan,nan,231,0.01409912109375,True,True,True,-7.674298418217121,traffic,0.6633963395187558,0.6633964078923609,55.60968780517578,55.60968780517578,0.8660627133484464,0.8660627133484464,nan,nan,nan,nan,nan,nan,-1.4242699844402296e-05,-1.6125871060870987,nan,nan,0.0,-1.6125950348807168,-6.380804559391606e-06,0.4559154510498047,-0.21836185455322266,0.6943632393015946,-0.15051107535444785,-0.2384477882518219,-0.0678507791987677,0.07744003960546365,0.07912285609035219,1.1897604119381286,1.15876084806735,-2.9951934814453125,-1.8414268493652344,-2.756745693193521,-1.7735760701664587,-0.2384477882518219,-0.0678507791987677,0.07744003960546365,0.07912285609035219,1.1897604119381286,1.15876084806735,1.393008720014489,1.392992713467951,0.538049515121914,0.0,0.538049515121914,0.5380396550617093,0.5380371812911573,0.0,-2.4324645566658507,-2.4324663205125443,-1.674836655471327,0.0,-1.674836655471327,-1.6748385867379136,-1.674847441313025,0.0,a_to_b,nan,nan,nan,nan,music,1,3.8254732766803397,3.8254590339804952,2.212886170593241,0.0,2.212886170593241,2.212878241799623,2.2128846226041823,0.0,,,,,,,,,0.8912641347806819,0.45453217306391197,0.20659946309706254,True,True,9.476041138158958e-09,0.0,6.380804559391606e-06,True,0.0,0.0,True,1.4242699844402296e-05,True,1.600654653799438e-05,1.763846693592086e-06,True,True,12,traffic,jam-lex-2,nan,False,0.0,False,2,3,nan,nan,nan,nan,False,True,False,0.0,multi_token_candidate,True,True,True,True,False,True,64.20977020263672,False,traffic,1,0.8604210666631888,1.0,1.0,1.0,1.0,1.0,True,True,True,True,True,True,True,True,jam,0
nan,nan,nan,nan,nan,nan,nan,nan,nan,127,0.00775146484375,True,True,True,-9.199406993369593,music,0.6770813839367001,0.6770813839367001,47.177040100097656,47.177040100097656,0.789205266993482,0.789205266993482,nan,nan,nan,nan,nan,nan,4.985362904719182e-06,-0.3906737274547094,nan,nan,0.0,-0.39067606776572106,-1.0731257184204424e-05,2.3304286003112793,0.6164541244506836,0.42931904466801996,0.20726999393281886,1.9011095556432913,0.4091841305178576,0.04934093684408213,0.05681389980533908,0.8558935364361916,0.46601261945081235,2.7173099517822266,1.286386489868164,0.8162003961389672,0.8772023593503002,1.9011095556432913,0.4091841305178576,0.04934093684408213,0.05681389980533908,0.8558935364361916,0.46601261945081235,0.2304227129435965,0.23042221830885978,-0.09957844873226662,0.0,-0.09957844873226662,-0.09958419355340453,-0.09957939783657821,0.0,0.7559556780835006,0.7559501980858601,0.8166282438623478,0.0,0.8166282438623478,0.8166248393522206,0.8166189038118628,0.0,b_to_a,nan,nan,nan,nan,traffic,1,-0.5255329651399041,-0.5255279797769994,-0.9162066925946135,0.0,-0.9162066925946135,-0.9162090329056252,-0.916198301648441,0.0,,,,,,,,,0.8485217434921233,0.5299851366808114,0.2808841919941128,True,True,1.3197022217926185e-08,0.0,1.0731257184204424e-05,True,0.0,0.0,True,4.985362904719182e-06,True,4.946347367251747e-07,5.479997640556178e-06,True,True,4,music,jam-lex-2,nan,False,0.0,False,3,2,nan,nan,nan,nan,True,True,False,0.0,multi_token_candidate,True,True,False,True,False,True,59.77790832519531,False,music,1,0.818973874347811,1.0,1.0,1.0,1.0,1.0,True,True,True,True,True,True,True,True,jam,0
nan,nan,nan,nan,nan,nan,nan,nan,nan,91,0.00555419921875,True,True,True,-9.199406993369593,music,0.6354327277721226,0.6354327277721226,42.469322204589844,42.469322204589844,0.7511068679346407,0.7511068679346407,nan,nan,nan,nan,nan,nan,1.9540549374141847e-06,0.06713215873175038,nan,nan,0.0,0.06714164425387814,8.639413149325037e-07,0.6952371597290039,0.28100109100341797,0.7255561901766718,0.6020054958471857,-0.03031903044767148,-0.3210044048437872,0.014502702332314307,0.010896960791145783,0.3102371048219393,0.39456340761405984,0.17962646484375,-0.2761392593383789,0.20994549529141704,0.044865145505389226,-0.03031903044767148,-0.3210044048437872,0.014502702332314307,0.010896960791145783,0.3102371048219393,0.39456340761405984,0.45756551909116006,0.4575557300895774,0.33815820940482944,0.0,0.33815820940482944,0.3381478307686425,0.33814872730313006,0.0,0.22808375711675044,0.22807201406023125,0.04154428869867033,0.0,0.04154428869867033,0.04152442454035565,0.041526185016158124,0.0,b_to_a,nan,nan,nan,nan,traffic,1,0.22948176197440873,0.22948371602934614,0.2966139207061591,0.0,0.2966139207061591,0.29662340622828687,0.29662254228697194,0.0,,,,,,,,,0.7648662535094802,0.6451465080453413,0.41621398465438847,True,True,1.3170401274633913e-08,0.0,8.639413149325037e-07,True,0.0,0.0,True,1.9540549374141847e-06,True,9.789001582660717e-06,1.1743056519186723e-05,True,True,8,music,jam-lex-2,nan,False,0.0,False,3,2,nan,nan,nan,nan,True,True,False,0.0,multi_token_candidate,True,True,False,True,False,True,56.54231643676758,False,music,1,0.7297313796224862,1.0,1.0,1.0,1.0,1.0,True,True,True,True,True,True,True,True,jam,0
nan,nan,nan,nan,nan,nan,nan,nan,nan,237,0.01446533203125,True,True,True,-9.199406993369593,music,0.6633963395187558,0.6633964078923609,55.60968780517578,55.60968780517578,0.8660627133484464,0.8660627133484464,nan,nan,nan,nan,nan,nan,-7.268702027829477e-06,-0.04242676337503859,nan,nan,0.0,-0.042417759403997835,5.160976552787133e-07,0.7689580917358398,0.8168973922729492,0.5760564690651027,0.4828085953754311,0.1929016226707425,0.33408879689752524,0.011713810408853335,0.01212980809577455,0.26590474818068743,0.32024027495342644,0.3904438018798828,0.49500179290771484,0.19754217920914474,0.16091299601019715,0.1929016226707425,0.33408879689752524,0.011713810408853335,0.01212980809577455,0.26590474818068743,0.32024027495342644,0.4970536419282059,0.49704151726566437,0.4319358894124008,0.0,0.4319358894124008,0.43194255190885755,0.4319458083720722,0.0,0.1980122719090982,0.1980074159485854,0.1753212827683317,0.0,0.1753212827683317,0.1753189412937477,0.1753227138546185,0.0,b_to_a,nan,nan,nan,nan,traffic,1,0.2990413700191077,0.29903410131707986,0.2566146066440691,0.0,0.2566146066440691,0.25662361061510985,0.2566230945174546,0.0,,,,,,,,,0.8966107620730467,0.4436303142372188,0.1968078439658386,True,True,9.71292513480269e-09,0.0,5.160976552787133e-07,True,0.0,0.0,True,7.268702027829477e-06,True,1.212466254152389e-05,4.855960512806234e-06,True,True,12,music,jam-lex-2,nan,False,0.0,False,3,2,nan,nan,nan,nan,True,True,False,0.0,multi_token_candidate,True,True,False,True,False,True,64.20977020263672,False,music,1,0.8698021374916988,1.0,1.0,1.0,1.0,1.0,True,True,True,True,True,True,True,True,jam,0
nan,nan,nan,nan,nan,nan,nan,nan,nan,120,0.00732421875,True,True,True,-2.0374800929020793,traffic,0.5187677882385707,0.5187677882385707,26.955202102661133,26.955202102661133,0.7702433269471083,0.7702433269471083,nan,nan,nan,nan,nan,nan,2.1107964622402164e-05,-0.07499319339301991,nan,nan,1.655992524440819e-05,-0.07500994781591075,-4.580330250192333e-06,0.13962268829345703,-0.21094512939453125,0.4773369469965232,0.29604963418393915,-0.3377142587030697,-0.5069947635784864,0.01579787037392797,0.007331970131377836,0.8809827711522702,0.6502975904112979,-0.5321178436279297,-1.2073087692260742,-0.19440358492486354,-0.7003140056476038,-0.3377142587030697,-0.5069947635784864,0.01579787037392797,0.007331970131377836,0.8809827711522702,0.6502975904112979,0.18723565747075632,0.18724543734026788,-0.06302639585947745,4.634310784012996e-07,-0.06301869597726473,-0.06302205208311484,-0.06301787276981052,-2.6132430498648773e-05,-0.47498896430314375,-0.4750002923982546,-0.6502578242403576,7.41452562991185e-06,-0.6502335644329005,-0.6502367260411042,-0.65023712705805,-1.8656176195008811e-06,a_to_b,nan,nan,nan,nan,music,1,0.6622246217739001,0.6622457297385225,0.5872314283808802,-6.9510945515105504e-06,0.5872148684556358,0.5872146739579893,0.5872192542882395,-2.4266812879147892e-05,,,,,,,,,0.8461150068994606,0.5352756481996672,0.2865200873794352,True,True,9.125071620832127e-09,1.655992524440819e-05,4.580330250192333e-06,True,6.9510945515105504e-06,2.4266812879147892e-05,True,2.1107964622402164e-05,True,9.779869511561401e-06,1.1328095110840763e-05,True,True,4,traffic,jam-lex-3,nan,False,0.0,False,2,3,nan,nan,nan,nan,False,True,False,0.0,multi_token_candidate,True,True,True,True,False,True,34.995697021484375,False,traffic,1,0.7968108389894056,1.0,1.0,1.0,1.0,1.0,True,True,True,True,True,True,True,True,jam,0
nan,nan,nan,nan,nan,nan,nan,nan,nan,88,0.00537109375,True,True,True,-2.0374800929020793,traffic,0.5061212680760401,0.5061212680760401,27.957141876220703,27.957141876220703,0.8673376835939285,0.8673376835939285,nan,nan,nan,nan,nan,nan,1.1341266063169542e-05,0.15935255503705115,nan,nan,2.178469274838335e-05,0.15935428747187252,7.661116240953447e-06,0.030974388122558594,0.5753173828125,0.5460798113144527,0.2757175189172134,-0.5151054231918977,0.29959986389531323,0.012706710273550068,0.015075827589282904,0.8189319720821576,0.6938645219795602,-0.8514528274536133,-0.20441722869873047,-0.33634740426171916,-0.5040170925940171,-0.5151054231918977,0.29959986389531323,0.012706710273550068,0.015075827589282904,0.8189319720821576,0.6938645219795602,0.5259855443573791,0.5259882967481584,0.46314123599670864,-6.159077869938301e-08,0.46313031321006015,0.46311899182500227,0.46313927613722683,-3.77977945831276e-07,-0.5512313350996667,-0.5512399239749506,-0.7734281984973883,1.053440380260895e-05,-0.7734173365912884,-0.7734521751039161,-0.7734242296754505,1.4060872931764834e-05,a_to_b,nan,nan,nan,nan,music,1,1.0772168794570458,1.077228220723109,1.236569434494097,-1.0595994581308332e-05,1.2365476498013486,1.2365711669289183,1.2365635058126774,-1.443885087759611e-05,,,,,,,,,0.7832476567741249,0.6225367662681562,0.38755193257116866,True,True,5.913292344603182e-09,2.178469274838335e-05,7.661116240953447e-06,True,1.0595994581308332e-05,1.443885087759611e-05,True,1.1341266063169542e-05,True,2.7523907792925684e-06,8.588875283876973e-06,True,True,8,traffic,jam-lex-3,nan,False,0.0,False,2,3,nan,nan,nan,nan,False,True,False,0.0,multi_token_candidate,True,True,True,True,False,True,32.23328399658203,False,traffic,1,0.751172775546944,1.0,1.0,1.0,1.0,1.0,True,True,True,True,True,True,True,True,jam,0
nan,nan,nan,nan,nan,nan,nan,nan,nan,234,0.0142822265625,True,True,True,-2.0374800929020793,traffic,0.560340615746063,0.5603405712255458,35.29090881347656,35.29090881347656,0.9084600309697151,0.9084600309697151,nan,nan,nan,nan,nan,nan,1.1424846173113679e-05,-0.6135569815776396,nan,nan,8.984309410209335e-06,-0.6135673167706361,2.145400738839953e-06,-0.6431980133056641,-0.9455547332763672,-0.0164278463422729,-0.6437551479278341,-0.6267701669634427,-0.30179958534854023,0.010372061268019341,0.005926616655949566,0.8328939142556278,0.636453583723932,-0.7288570404052734,0.0431976318359375,-0.10208687344188228,0.34499721718447063,-0.6267701669634427,-0.30179958534854023,0.010372061268019341,0.005926616655949566,0.8328939142556278,0.636453583723932,0.0897517277636215,0.08974888483435883,-0.23535727592319766,7.820395122593027e-07,-0.23537600370590717,-0.23535894581999095,-0.23537321979415715,-5.6842904196940935e-06,-0.11966005771597388,-0.11967432549140966,0.16878792017484656,1.305998032208322e-05,0.16877817670154727,0.1687965854710498,0.16878445689762245,2.898624625480295e-05,a_to_b,nan,nan,nan,nan,music,1,0.20941178547959538,0.2094232103257685,-0.4041451960980442,-1.2277940809823917e-05,-0.40415418040745443,-0.40415553129104076,-0.4041576766917796,-3.467053667449704e-05,,,,,,,,,0.8991136952706015,0.4385860834290407,0.19235776012154085,True,True,4.64117797956584e-09,8.984309410209335e-06,2.145400738839953e-06,True,1.2277940809823917e-05,3.467053667449704e-05,True,1.1424846173113679e-05,True,2.8429292626697134e-06,1.4267775435783392e-05,True,True,12,traffic,jam-lex-3,nan,False,0.0,False,2,3,nan,nan,nan,nan,False,True,False,0.0,multi_token_candidate,True,True,True,True,False,True,38.84695816040039,False,traffic,1,0.871482782130928,1.0,0.0,1.0,0.0,1.0,True,True,True,True,True,True,True,True,jam,0
nan,nan,nan,nan,nan,nan,nan,nan,nan,116,0.007080078125,True,True,True,-5.546819677440318,music,0.5187677882385707,0.5187677882385707,26.955202102661133,26.955202102661133,0.7702433269471083,0.7702433269471083,nan,nan,nan,nan,nan,nan,-1.8427039790047672e-05,-0.2542478059435265,nan,nan,0.0,-0.25423240814156944,1.4240737455928354e-05,0.2127223014831543,0.005997657775878906,-0.10174747907418968,-0.18831105781515056,0.3144697805573422,0.1943087155910277,0.004791164135426356,0.006478652678312317,0.2793178391975077,0.24369909464577463,0.10007572174072266,-0.15657615661621094,-0.21439405881662132,-0.3508848722072404,0.3144697805573422,0.1943087155910277,0.004791164135426356,0.006478652678312317,0.2793178391975077,0.24369909464577463,-0.0938082731886194,-0.09382978828122468,-0.423841630366141,0.0,-0.423841630366141,-0.4238505057358637,-0.4238584235083671,0.0,-0.18123976066624703,-0.18124284871906227,-0.25702531190024214,0.0,-0.25702531190024214,-0.2570495850719219,-0.2570432621069694,0.0,b_to_a,nan,nan,nan,nan,traffic,1,0.08743148747762763,0.08741306043783759,-0.16681631846589884,0.0,-0.16681631846589884,-0.1668009206639418,-0.16681516140139774,0.0,,,,,,,,,0.8419200404534929,0.540942132265984,0.2926183679996403,True,True,7.912411489097884e-09,0.0,1.4240737455928354e-05,True,0.0,0.0,True,1.8427039790047672e-05,True,2.151509260528428e-05,3.0880528152366082e-06,True,True,4,music,jam-lex-3,nan,False,0.0,False,3,2,nan,nan,nan,nan,True,True,False,0.0,multi_token_candidate,True,True,False,True,False,True,34.995697021484375,False,music,1,0.8038715883046919,1.0,0.0,1.0,0.0,1.0,True,True,True,True,True,True,True,True,jam,0
nan,nan,nan,nan,nan,nan,nan,nan,nan,81,0.00494384765625,True,True,True,-5.546819677440318,music,0.5061212680760401,0.5061212680760401,27.957141876220703,27.957141876220703,0.8673376835939285,0.8673376835939285,nan,nan,nan,nan,nan,nan,-4.878262815033452e-06,-0.09712969116294179,nan,nan,0.0,-0.09714085280772,-1.986554879795932e-05,0.6395411491394043,0.5285897254943848,-0.07767429481622834,-0.18716397563009046,0.7172154439556202,0.7157537011244592,0.01441446782942615,0.012277136698197555,0.4078118070126493,0.4253495046405044,0.4657554626464844,0.6331415176391602,-0.2514599813091474,-0.08261218348531507,0.7172154439556202,0.7157537011244592,0.01441446782942615,0.012277136698197555,0.4078118070126493,0.4253495046405044,-0.16467092739135403,-0.1646764175521831,-0.1352906867333612,0.0,-0.1352906867333612,-0.13528831622291726,-0.1352783544141296,0.0,-0.21865525306036382,-0.21865586495837785,-0.0921453212394292,0.0,-0.0921453212394292,-0.09213178908420705,-0.09214169282421736,0.0,b_to_a,nan,nan,nan,nan,traffic,1,0.05398432566900979,0.05397944740619476,-0.043145365493932,0.0,-0.043145365493932,-0.04315652713871021,-0.04313666158991225,0.0,,,,,,,,,0.7651510359007374,0.6445171627621985,0.41540249389160205,True,True,5.836072970964414e-09,0.0,1.986554879795932e-05,True,0.0,0.0,True,4.878262815033452e-06,True,5.490160829069168e-06,6.118980140357166e-07,True,True,8,music,jam-lex-3,nan,False,0.0,False,3,2,nan,nan,nan,nan,True,True,False,0.0,multi_token_candidate,True,True,False,True,False,True,32.23328399658203,False,music,1,0.7358476172951662,1.0,0.0,1.0,0.0,1.0,True,True,True,True,True,True,True,True,jam,0
nan,nan,nan,nan,nan,nan,nan,nan,nan,235,0.01434326171875,True,True,True,-5.546819677440318,music,0.560340615746063,0.560340615746063,35.29090881347656,35.29090881347656,0.9084600309697151,0.9084600309697151,nan,nan,nan,nan,nan,nan,4.6300924214648376e-06,-0.11742897402209707,nan,nan,0.0,-0.11742772900366827,9.561824305670541e-06,0.6328983306884766,0.30265378952026367,0.05984375648478668,-0.11991607194997123,0.5730545742036846,0.42256986147019404,0.017714168594889692,0.0044041322912493465,0.4082415371762753,0.22537285699917,0.3288593292236328,0.3603229522705078,-0.24419524498005618,-0.062246909199727085,0.5730545742036846,0.42256986147019404,0.017714168594889692,0.0044041322912493465,0.4082415371762753,0.22537285699917,-0.13662459700659113,-0.1366143810477709,-0.09281232569264652,0.0,-0.09281232569264652,-0.09281346350310749,-0.09282156271093633,0.0,-0.18686050531934484,-0.18685491945294608,-0.025619259983303166,0.0,-0.025619259983303166,-0.025621642812192924,-0.025620180195716102,0.0,b_to_a,nan,nan,nan,nan,traffic,1,0.05023590831275371,0.05024053840517517,-0.06719306570934336,0.0,-0.06719306570934336,-0.06719182069091456,-0.06720138251522023,0.0,,,,,,,,,0.8923264902446957,0.45195375195241105,0.2042621621318609,True,True,4.476557971883165e-09,0.0,9.561824305670541e-06,True,0.0,0.0,True,4.6300924214648376e-06,True,1.0215958820225524e-05,5.585866398760686e-06,True,True,12,music,jam-lex-3,nan,False,0.0,False,3,2,nan,nan,nan,nan,True,True,False,0.0,multi_token_candidate,True,True,False,True,False,True,38.84695816040039,False,music,1,0.8697730707884832,1.0,0.0,1.0,0.0,1.0,True,True,True,True,True,True,True,True,jam,0
0.00018392674695702808,0.00018044828430207428,0.0001634320134200185,0.01372289520960058,0.016235004358974677,0.017579863085151512,0.9860931780434424,0.9835845473567233,0.9822567049014285,109,0.00665283203125,True,True,True,-4.312283336149522,stamp,0.6376012589898927,0.6376011960114862,38.62046813964844,38.6204719543457,0.7395322479298976,0.7395323209764394,-3.4784626549538e-06,-2.0494733537009587e-05,0.0025121091493740966,0.0038569678755509314,-0.0025086306867191377,-0.003836473142013963,1.1478585888013981e-05,-0.17863156943566683,-0.09904713935904397,0.07958443007662375,0.0,-0.17861859607485364,-3.842437752865635e-06,-1.064172625541687,-0.638883113861084,-0.004721304378994873,-0.11441824098892894,-1.0594513211627277,-0.5244648728721781,0.00803808822412417,0.011556811143939874,0.8143996815884015,0.3623632171584071,-0.9599849581718445,-0.598747730255127,0.09946636299084766,-0.07428285738297191,-1.0594513211627277,-0.5244648728721781,0.00803808822412417,0.011556811143939874,0.8143996815884015,0.3623632171584071,-0.019093340818276516,-0.01908621634734864,-0.11814048017732048,0.0,-0.11814048017732048,-0.11813251317294515,-0.11814049958502437,0.0,0.16810405290337727,0.16809969878841713,0.24768848298000012,0.0,0.24768848298000012,0.24768347662356227,0.24767164777373019,0.0,a_to_b,-0.019093340818276516,-0.11814048017732048,0.16810405290337727,0.247688482980001,animal,1,-0.18719739372165378,-0.18718591513576577,-0.3658289631573206,0.0,-0.3658289631573206,-0.3658159897965074,-0.36581214735875456,0.0,,,,,,,,,0.8945849589640477,0.44712353714452274,0.1999194633555015,True,True,1.4950813105525994e-08,0.0,3.842437752865635e-06,True,0.0,0.0,True,1.1478585888013981e-05,True,7.124470927877269e-06,4.354114960136712e-06,True,True,4,stamp,seal-lex-0,8.881784197001252e-16,True,1.0,True,3,3,-0.18719739372165378,-0.3658289631573215,0.0,8.881784197001252e-16,True,True,True,1.0,ok,True,True,True,True,True,True,52.22283172607422,False,stamp,1,0.8803719750330729,1.0,1.0,1.0,1.0,1.0,True,True,True,True,True,True,True,True,seal,0
0.00018392674695702808,0.00026007240276345174,0.00021059228135529568,0.01372289520960058,0.014395930544006107,0.01247751226750255,0.9860931780434424,0.9853439970532304,0.9873118954511421,94,0.0057373046875,True,True,True,-4.312283336149522,stamp,0.5633891309800996,0.5633891309800996,40.90977478027344,40.90977478027344,0.7483406438578859,0.7483406438578859,7.614565580642366e-05,2.6665534398267598e-05,0.0006730353344055265,-0.0012453829420980313,-0.0007491809902120394,0.001218717407699632,-1.14754268887296e-05,-0.06801855612184582,-0.21103611612283935,-0.1430175600009953,0.0,-0.06802889677991253,-2.2286354299794198e-06,-0.23438382148742676,0.033075571060180664,0.36873032248362314,0.13403909037426587,-0.6031141439710677,-0.10096351931412073,0.01572094583140768,0.0019545619486332723,0.44117664344976665,0.1716445860578534,-0.18769097328186035,-0.03401041030883789,0.41542317068918955,0.06695310900524731,-0.6031141439710677,-0.10096351931412073,0.01572094583140768,0.0019545619486332723,0.44117664344976665,0.1716445860578534,0.3464225004400294,0.34641618164075894,0.1353863843171883,0.0,0.1353863843171883,0.1354185822109475,0.13541182815985664,0.0,0.0478799443882183,0.04788510101583654,-0.095137615612777,0.0,-0.095137615612777,-0.0950950770609511,-0.09510405974747194,0.0,a_to_b,0.34642250044002765,0.1353863843171883,0.0478799443882183,-0.095137615612777,animal,1,0.2985425560518111,0.2985310806249224,0.2305239999299653,0.0,0.2305239999299653,0.2305136592718986,0.23051588790732858,0.0,,,,,,,,,0.7949366478674758,0.6069747784587759,0.3684184856520389,True,True,1.2878245415118134e-08,0.0,2.2286354299794198e-06,True,0.0,0.0,True,1.14754268887296e-05,True,6.3187992704882845e-06,5.156627618241316e-06,True,True,8,stamp,seal-lex-0,8.881784197001252e-16,True,1.0,True,3,3,0.29854255605180935,0.2305239999299653,1.7763568394002505e-15,0.0,True,True,True,1.0,ok,True,True,True,True,True,True,54.66731643676758,False,stamp,1,0.7764170572664608,1.0,1.0,1.0,1.0,1.0,True,True,True,True,True,True,True,True,seal,0
0.00018392674695702808,0.0002243566847480864,0.00036740715167149577,0.01372289520960058,0.016873329376695397,0.019950287253416576,0.9860931780434424,0.9829023139385565,0.979682305594912,240,0.0146484375,True,True,True,-4.312283336149522,stamp,0.6748431036308418,0.6748430901349494,61.070796966552734,61.07079315185547,0.8501278801985249,0.8501278270965407,4.0429937791058325e-05,0.0001834804047144677,0.003150434167094816,0.006227392043815996,-0.0031908641048858932,-0.006410872448530447,3.6975966146712835e-06,0.3257242002303533,0.4932335101718168,0.16750930994146218,0.0,0.3257345928029638,8.834901607635004e-06,0.3279459476470947,0.4992027282714844,0.23836524388722857,0.7684630507802783,0.08958070375983951,-0.2692603225088064,0.015794524858219722,0.036375138298517184,0.2909949982964434,0.2756311258476667,0.6165800094604492,0.3569011688232422,0.5269993057005831,0.6261614913320361,0.08958070375983951,-0.2692603225088064,0.015794524858219722,0.036375138298517184,0.2909949982964434,0.2756311258476667,0.19869956407068123,0.19870560043667318,0.6919330742424972,0.0,0.6919330742424972,0.6919403161052102,0.6919415840301095,0.0,0.20666861081441734,0.20667094958379462,0.37417792075587997,0.0,0.37417792075587997,0.37417477004598254,0.37418487287248947,0.0,a_to_b,0.19869956407068123,0.6919330742424981,0.20666861081441734,0.3741779207558795,animal,1,-0.007969046743736108,-0.007965349147121437,0.3177551534866172,0.0,0.3177551534866172,0.3177655460592277,0.31775671115762005,0.0,,,,,,,,,0.8954888839868826,0.4452172929327479,0.1982184049821167,True,True,1.090972196735455e-08,0.0,8.834901607635004e-06,True,0.0,0.0,True,3.6975966146712835e-06,True,6.036365991946013e-06,2.3387693772747298e-06,True,True,12,stamp,seal-lex-0,8.881784197001252e-16,True,1.0,True,3,3,-0.007969046743736108,0.31775515348661854,0.0,-1.3322676295501878e-15,True,True,True,1.0,ok,True,True,True,True,True,True,71.83718872070312,False,stamp,1,0.8846058799310031,1.0,0.0,1.0,0.0,1.0,True,True,True,True,True,True,True,True,seal,0
0.00016107417105052708,8.824211264642042e-05,8.542729841545544e-05,0.004333492218284466,0.005345928725751723,0.003146149391130173,0.995505433610665,0.9945658291616019,0.9967684233104543,79,0.00482177734375,True,True,True,-3.292264064206999,animal,0.6376012589898927,0.6376012589898927,38.62046813964844,38.62046813964844,0.7395322479298976,0.7395322479298976,-7.283205840410666e-05,-7.564687263507164e-05,0.0010124365074672577,-0.0011873428271542926,-0.0009396044490631583,0.0012629896997893297,-4.6286472089818176e-05,0.49773738239152454,-0.03241861341486363,-0.53015599580639,0.0,0.49774072150518744,-1.3379624174802984e-05,2.7149295806884766,2.0469131469726562,-0.3702178223926147,-0.42849181607738274,3.085147403081141,2.4754049630500425,0.019011154157217672,0.034260825528837136,1.3986895806454658,1.0390093861427887,3.174314498901367,2.382370948791504,0.08916709582027682,-0.0930340142585333,3.085147403081141,2.4754049630500425,0.019011154157217672,0.034260825528837136,1.3986895806454658,1.0390093861427887,-0.6017806319465162,-0.6018019502428231,-0.6341992453613798,0.0,-0.6341992453613798,-0.6341933283330281,-0.6341689119952605,0.0,0.20996155149120366,0.20998651966698656,-0.3201944443151845,0.0,-0.3201944443151845,-0.3201918664004957,-0.32018082968690287,0.0,b_to_a,-0.6017806319465144,-0.6341992453613781,0.20996155149120366,-0.3201944443151863,stamp,1,-0.8117421834377199,-0.8117884699098097,-0.3140048010461953,0.0,-0.3140048010461953,-0.3140014619325324,-0.3139880823083576,0.0,,,,,,,,,0.871799627515609,0.49090625806795785,0.2409889225112267,True,True,1.2576728960112691e-08,0.0,1.3379624174802984e-05,True,0.0,0.0,True,4.6286472089818176e-05,True,2.131829630691584e-05,2.4968175782902335e-05,True,True,4,animal,seal-lex-0,1.7763568394002505e-15,True,1.0,True,3,3,-0.8117421834377181,-0.3140048010461918,-1.7763568394002505e-15,-3.552713678800501e-15,True,True,True,1.0,ok,True,True,True,True,True,True,52.22283172607422,False,animal,1,0.8398110200646909,1.0,1.0,1.0,1.0,1.0,True,True,True,True,True,True,True,True,seal,0
0.00016107417105052708,0.00010237866501124964,0.00014996545851064924,0.004333492218284466,0.005491523718765743,0.005425466728290181,0.995505433610665,0.994406097616223,0.9944245678131992,94,0.0057373046875,True,True,True,-3.292264064206999,animal,0.5633891309800996,0.5633891309800996,40.90977478027344,40.90977478027344,0.7483406438578859,0.7483406438578859,-5.8695506039277437e-05,-1.1108712539877839e-05,0.0011580315004812774,0.0010919745100057155,-0.0010993359944420078,-0.001080865797465802,3.707799280938673e-06,0.3938284824091731,0.38172664958473845,-0.012101832824433778,0.0,0.3938504258381732,1.4611890435389796e-05,0.45150327682495117,-0.3134622573852539,-0.06970113762180752,0.06794777234444105,0.5212044144467605,-0.3814100297296861,0.02013855847692549,0.012243103920318773,0.41244658561390957,0.2418173740325105,1.252328872680664,0.3618612289428711,0.7311244582339071,0.7432712586725669,0.5212044144467605,-0.3814100297296861,0.02013855847692549,0.012243103920318773,0.41244658561390957,0.2418173740325105,-0.4531866072562263,-0.45318719348050784,-0.07145995767148605,0.0,-0.07145995767148605,-0.07143319075850485,-0.0714468317912349,0.0,0.23683202753568366,0.23682773351212116,0.22473019471125077,0.0,0.22473019471125077,0.2247350181952319,0.22473598905293724,0.0,b_to_a,-0.4531866072562245,-0.07145995767148605,0.23683202753568366,0.2247301947112499,stamp,1,-0.69001863479191,-0.690014926992629,-0.2961901523827368,0.0,-0.2961901523827368,-0.29616820895373674,-0.29618282084417213,0.0,,,,,,,,,0.8133522442306137,0.5821617879397102,0.33891246074221915,True,True,1.3706090187973965e-08,0.0,1.4611890435389796e-05,True,0.0,0.0,True,3.707799280938673e-06,True,5.862242815624086e-07,4.294023562501081e-06,True,True,8,animal,seal-lex-0,1.7763568394002505e-15,True,1.0,True,3,3,-0.6900186347919082,-0.29619015238273594,-1.7763568394002505e-15,-8.881784197001252e-16,True,True,True,1.0,ok,True,True,True,True,True,True,54.66731643676758,False,animal,1,0.7920350021134906,1.0,1.0,1.0,1.0,1.0,True,True,True,True,True,True,True,True,seal,0
0.00016107417105052708,8.728139448654726e-05,0.00010458062380586653,0.004333492218284466,0.005851820024280572,0.004099722627796534,0.995505433610665,0.9940608985812329,0.9957956967483975,226,0.0137939453125,True,True,True,-3.292264064206999,animal,0.6748431036308418,0.674843047981871,61.070796966552734,61.070796966552734,0.8501278801985249,0.8501278801985249,-7.379277656397982e-05,-5.6493547244660546e-05,0.0015183278059961065,-0.00023376959048793198,-0.0014445350294320924,0.0002902631377325049,-1.3560439363402566e-05,0.5366543835067272,0.1808209750524803,-0.3558334084542478,0.0,0.5366657055509814,3.294349975746513e-05,1.3934030532836914,0.4233884811401367,-0.5142074098603597,-0.40525646114481617,1.9076104631440742,0.8286449422849707,0.011919587425370802,0.0055383250050741835,0.6856964276457739,0.3280842158076415,2.2334794998168945,0.6931638717651367,0.3258690366728434,-0.13548107051981617,1.9076104631440742,0.8286449422849707,0.011919587425370802,0.0055383250050741835,0.6856964276457739,0.3280842158076415,-0.612727630096904,-0.6127541975172992,-0.4319066550444255,0.0,-0.4319066550444255,-0.4318937427045686,-0.43190601583082255,0.0,0.30037899423987646,0.30036598725884467,-0.05545441421437225,0.0,-0.05545441421437225,-0.05545282391876949,-0.05543215354526598,0.0,b_to_a,-0.6127276300969058,-0.4319066550444255,0.3003789942398756,-0.05545441421437225,stamp,1,-0.9131066243367805,-0.9131201847761439,-0.37645224083005324,0.0,-0.37645224083005324,-0.3764409187857991,-0.37647386228555657,0.0,,,,,,,,,0.9087997402138845,0.41746130228960354,0.17427398316688766,True,True,1.1334935100888132e-08,0.0,3.294349975746513e-05,True,0.0,0.0,True,1.3560439363402566e-05,True,2.6567420395195995e-05,1.300698103179343e-05,True,True,12,animal,seal-lex-0,1.7763568394002505e-15,True,1.0,True,3,3,-0.9131066243367814,-0.37645224083005324,8.881784197001252e-16,0.0,True,True,True,1.0,ok,True,True,True,True,True,True,71.83718872070312,False,animal,1,0.8949834083687345,1.0,1.0,1.0,1.0,1.0,True,True,True,True,True,True,True,True,seal,0
2.311578265684583e-05,1.623907478498197e-05,2.0223529736481087e-05,0.055992525107014614,0.048279774503470665,0.05660263077508091,0.9439843591103286,0.9517039864217444,0.9433771456951826,93,0.00567626953125,True,True,True,-7.792457864446944,stamp,0.539822761627614,0.539822761627614,28.401416778564453,28.401416778564453,0.6996445328948735,0.6996445328948735,-6.876707871863861e-06,-2.892252920364745e-06,-0.007712750603543948,0.0006101056680662964,0.007719627311415733,-0.000607213415146024,3.0894702396366824e-06,0.06038366457155142,0.21942640320640194,0.15904273863485008,0.0,0.06037206312034016,-1.0585166685395109e-05,0.7308416366577148,0.6701545715332031,-0.4153109967024573,-0.1580612886706696,1.1461526333601633,0.8282158602038621,0.09213008414605145,0.030574256347445643,0.3993171941396063,0.34888768992994623,1.1021184921264648,0.9193391799926758,-0.0440341412337073,0.09112331978880306,1.1461526333601633,0.8282158602038621,0.09213008414605145,0.030574256347445643,0.3993171941396063,0.34888768992994623,-0.3530952543866839,-0.353090508327071,-0.13366885118028193,0.0,-0.13366885118028193,-0.13368080072928912,-0.13366431370950949,0.0,-0.1482054759747644,-0.14820381938539118,0.010837262660086111,0.0,0.010837262660086111,0.01083691456229019,0.010842816415384426,0.0,a_to_b,-0.3530952543866839,-0.13366885118028193,-0.14820547597476397,0.010837262660086111,animal,1,-0.20488977841191947,-0.20488668894167983,-0.14450611384036804,0.0,-0.14450611384036804,-0.1445177152915793,-0.1445071301248939,0.0,,,,,,,,,0.8854487031574104,0.4651565913427859,0.21637076147355086,True,True,9.987782956321658e-09,0.0,1.0585166685395109e-05,True,0.0,0.0,True,3.0894702396366824e-06,True,4.746059612870113e-06,1.6565893732334303e-06,True,True,4,stamp,seal-lex-1,8.881784197001252e-16,True,1.0,True,3,3,-0.2048897784119199,-0.14450611384036804,4.440892098500626e-16,0.0,True,True,True,1.0,ok,True,True,True,True,True,True,40.59406661987305,False,stamp,1,0.8657036032846521,1.0,1.0,1.0,1.0,1.0,True,True,True,True,True,True,True,True,seal,0
2.311578265684583e-05,2.1974886793024013e-05,2.736241793689809e-05,0.055992525107014614,0.049766924539843535,0.05834780104738615,0.9439843591103286,0.9502111005733634,0.941624836534677,86,0.0052490234375,True,True,True,-7.792457864446944,stamp,0.4559321798018332,0.4559322087197692,30.072052001953125,30.072050094604492,0.6833780541308173,0.6833780107869112,-1.1408958638218188e-06,4.246635280052257e-06,-0.006225600567171079,0.0023552759403715345,0.006226741463034813,-0.0023595225756516403,-2.982700735465471e-05,0.060199096852859846,0.21927017180392916,0.1590710749510711,0.0,0.06022247051109275,9.509734424817395e-06,0.2607736587524414,0.0061016082763671875,0.05981047219933622,0.27891373029958544,0.20096318655311407,-0.27281212202320404,0.029250199370523436,0.005322762790844447,0.17504233304346437,0.12746895534855365,0.13520526885986328,-0.15299701690673828,-0.06575791769324191,0.11981510511647997,0.20096318655311407,-0.27281212202320404,0.029250199370523436,0.005322762790844447,0.17504233304346437,0.12746895534855365,-0.05061532419696668,-0.050623542564856905,0.16865484760696425,0.0,0.16865484760696425,0.16866337556997557,0.1686564638940613,0.0,-0.11786760408583241,-0.11784599544636798,0.04120347086523868,0.0,0.04120347086523868,0.04118862517001709,0.04119122322852764,0.0,a_to_b,-0.050615324196964906,0.16865484760696425,-0.11786760408583241,0.04120347086523868,animal,1,0.06725227988886573,0.06722245288151107,0.12745137674172557,0.0,0.12745137674172557,0.12747475039995848,0.12746524066553366,0.0,,,,,,,,,0.8075267731841855,0.5933910199781901,0.35211294042742325,True,True,9.422024203464326e-09,0.0,9.509734424817395e-06,True,0.0,0.0,True,2.982700735465471e-05,True,8.218367890222567e-06,2.1608639464432144e-05,True,True,8,stamp,seal-lex-1,8.881784197001252e-16,True,1.0,True,3,3,0.0672522798888675,0.12745137674172557,-1.7763568394002505e-15,0.0,True,True,True,1.0,ok,True,True,True,True,True,True,44.005001068115234,False,stamp,1,0.7426251226029686,1.0,1.0,1.0,1.0,1.0,True,True,True,True,True,True,True,True,seal,0
2.311578265684583e-05,2.4330979231519194e-05,1.9998066617955402e-05,0.055992525107014614,0.05579994359204731,0.054519919671057786,0.9439843591103286,0.9441757254287212,0.9454600822623243,184,0.01123046875,True,True,True,-7.792457864446944,stamp,0.5279500942890234,0.5279500942890234,36.58925247192383,36.58925247192383,0.7189856867798545,0.7189856867798545,1.2151965746733627e-06,-3.1177160388904296e-06,-0.00019258151496730214,-0.001472605435956828,0.00019136631839256069,0.0014757231519956227,1.7787526278567611e-06,-0.1729080790619637,-0.19611480411111515,-0.02320672504915189,0.0,-0.1729295130850268,4.751496520682963e-06,0.3445444107055664,-0.02528858184814453,0.2429901885466048,-0.010257348585431814,0.10155422215894916,-0.015031233262710941,0.013469406153168523,0.011127639825824182,0.20074539048515253,0.17324562553466044,0.19415664672851562,-0.03845024108886719,0.09260242456955403,-0.02341900782615447,0.10155422215894916,-0.015031233262710941,0.013469406153168523,0.011127639825824182,0.20074539048515253,0.17324562553466044,0.051234787760936484,0.051242210426719836,-0.14488001635017866,0.0,-0.14488001635017866,-0.14488731165307733,-0.14488154916286433,0.0,-0.0034453431024434877,-0.0034396991892879925,-0.026652068151594932,0.0,-0.026652068151594932,-0.026637929431430507,-0.026627415444696823,0.0,a_to_b,0.051234787760936484,-0.14488001635017866,-0.0034453431024434877,-0.026652068151595376,animal,1,0.05468013086337997,0.05468190961600783,-0.11822794819858373,0.0,-0.11822794819858373,-0.11824938222164683,-0.11825413371816751,0.0,,,,,,,,,0.8820281912111673,0.4720231837279364,0.22280594280949606,True,True,8.893643638488015e-09,0.0,4.751496520682963e-06,True,0.0,0.0,True,1.7787526278567611e-06,True,7.422665783352045e-06,5.643913155495284e-06,True,True,12,stamp,seal-lex-1,8.881784197001252e-16,True,1.0,True,3,3,0.05468013086337997,-0.11822794819858329,0.0,-4.440892098500626e-16,True,True,True,1.0,ok,True,True,True,True,True,True,50.890098571777344,False,stamp,1,0.8541049992176325,1.0,0.0,1.0,0.0,1.0,True,True,True,True,True,True,True,True,seal,0
0.00010149938005618013,0.0001691022088806574,0.00014933372885025714,0.005410799395436843,0.004661569514356252,0.005016461843482871,0.9944877012245069,0.9951693282767631,0.9948342044276668,102,0.0062255859375,True,True,True,-3.9760994328400523,animal,0.539822761627614,0.539822761627614,28.401416778564453,28.401416778564453,0.6996445328948735,0.6996445328948735,6.760282882447727e-05,4.783434879407701e-05,-0.000749229881080591,-0.0003943375519539719,0.0006816270522561618,0.0003465032031598758,-2.2794995244268534e-05,-0.1976924021599764,-0.12431972609543962,0.07337267606453768,0.0,-0.19768700488662816,2.085207882807083e-05,0.28902244567871094,0.3350238800048828,0.5561552479934591,0.5295897680800348,-0.26713280231472325,-0.19456588807512887,0.023889172852581804,0.011330543932883755,0.37956895260377665,0.24687964454423086,-0.16998577117919922,-0.24115467071533203,0.0971470311355489,-0.04658878264017918,-0.26713280231472325,-0.19456588807512887,0.023889172852581804,0.011330543932883755,0.37956895260377665,0.24687964454423086,0.510450627747332,0.5104318163717743,0.38613090165189234,0.0,0.38613090165189234,0.3861217764566014,0.3861139222881622,0.0,-0.14904464741311063,-0.14904066379342407,-0.07567197134857384,0.0,-0.07567197134857384,-0.07568649381721304,-0.07567349590682415,0.0,b_to_a,0.510450627747332,0.38613090165189234,-0.14904464741311152,-0.07567197134857384,stamp,1,0.6594952751604426,0.6594724801651983,0.4618028730004662,0.0,0.4618028730004662,0.46180827027381444,0.46178741819498637,0.0,,,,,,,,,0.8958110270836706,0.44456410870856583,0.1976371920815111,True,True,1.0910662666732947e-08,0.0,2.085207882807083e-05,True,0.0,0.0,True,2.2794995244268534e-05,True,1.8811375557703514e-05,3.983619686565021e-06,True,True,4,animal,seal-lex-1,1.7763568394002505e-15,True,1.0,True,3,3,0.6594952751604435,0.4618028730004662,-8.881784197001252e-16,0.0,True,True,True,1.0,ok,True,True,True,True,True,True,40.59406661987305,False,animal,1,0.885114135194233,1.0,1.0,1.0,1.0,1.0,True,True,True,True,True,True,True,True,seal,0
0.00010149938005618013,0.00017490016890450602,0.00013200124116693253,0.005410799395436843,0.004567687400040261,0.005153635446892359,0.9944877012245069,0.9952574124310553,0.9947143633119406,92,0.005615234375,True,True,True,-3.9760994328400523,animal,0.4559321798018332,0.4559322087197692,30.072052001953125,30.072050094604492,0.6833780541308173,0.6833780107869112,7.340078884832589e-05,3.0501861110752404e-05,-0.0008431119953965817,-0.00025716394854448377,0.0007697112065483402,0.00022666208743371552,2.6564460411826474e-05,-0.40209936263098545,-0.28140402242257956,0.120695340208405,0.0,-0.40207770678805854,4.622433446677121e-06,0.36962127685546875,0.0931253433227539,0.707618459156512,0.04289794346324349,-0.33799718230101305,0.050227399859533506,0.01009053669936798,0.008985205665595068,0.27333563532605465,0.20037678434510187,-0.17708873748779297,0.059967041015625,0.16090844481325117,0.009739641156115475,-0.33799718230101305,0.050227399859533506,0.01009053669936798,0.008985205665595068,0.27333563532605465,0.20037678434510187,0.5441626571022322,0.5441902067906899,0.26275863467965266,0.0,0.26275863467965266,0.262790920035588,0.2627850281572659,0.0,-0.16938980705374274,-0.16938882182569692,-0.04869446684533685,0.0,-0.04869446684533685,-0.048683837332328395,-0.048685106777203835,0.0,b_to_a,0.5441626571022322,0.26275863467965266,-0.16938980705374362,-0.048694466845338624,stamp,1,0.713552464155975,0.7135790286163868,0.3114531015249895,0.0,0.3114531015249895,0.3114747573679164,0.31147013493446973,0.0,,,,,,,,,0.8061352226118306,0.59416272592674,0.35302919662421667,True,True,8.330854882119342e-09,0.0,4.622433446677121e-06,True,0.0,0.0,True,2.6564460411826474e-05,True,2.754968845763983e-05,9.852280458133578e-07,True,True,8,animal,seal-lex-1,1.7763568394002505e-15,True,1.0,True,3,3,0.7135524641559758,0.3114531015249913,-8.881784197001252e-16,-1.7763568394002505e-15,True,True,True,1.0,ok,True,True,True,True,True,True,44.005001068115234,False,animal,1,0.752440034210167,1.0,1.0,1.0,1.0,1.0,True,True,True,True,True,True,True,True,seal,0
0.00010149938005618013,0.00011298472588733731,0.0001077596911946122,0.005410799395436843,0.004265493369970118,0.005088183108663489,0.9944877012245069,0.9956215219041425,0.994804057200142,154,0.0093994140625,True,True,True,-3.9760994328400523,animal,0.5279500942890234,0.5279500942890234,36.58925247192383,36.58925247192383,0.7189856867798545,0.7189856867798545,1.1485345831157185e-05,6.260311138432074e-06,-0.0011453060254667247,-0.0003226162867733537,0.0011338206796356332,0.0003163559756350631,-1.8306275080703927e-05,-0.22371193471794992,-0.04734897401687732,0.17636296070106994,0.0,-0.22371666282201375,-1.9609951926291558e-05,0.010524749755859375,0.22301292419433594,0.4206044884396114,0.23687367362404288,-0.4100797386837236,-0.013860749429685626,0.004836163514036065,0.0022609717641380715,0.22570385282401295,0.13114308785843642,-0.44003772735595703,0.06531429290771484,-0.029957988672205005,0.07917504233742356,-0.4100797386837236,-0.013860749429685626,0.004836163514036065,0.0022609717641380715,0.22570385282401295,0.13114308785843642,0.10719994979525893,0.10717810043395559,0.059850975778379834,0.0,0.059850975778379834,0.05984670278057003,0.059858703764847476,0.0,-0.23783899147308407,-0.2378425345593067,-0.061476030772013246,0.0,-0.061476030772013246,-0.06147557566575923,-0.06148318463340807,0.0,b_to_a,0.10719994979525715,0.059850975778379834,-0.23783899147308496,-0.06147603077201502,stamp,1,0.345038941268343,0.3450206349932623,0.12132700655039308,0.0,0.12132700655039308,0.12132227844632926,0.12134188839825555,0.0,,,,,,,,,0.885475283761354,0.4667457268498752,0.21785166699404082,True,True,8.722348643853181e-09,0.0,1.9609951926291558e-05,True,0.0,0.0,True,1.8306275080703927e-05,True,2.184936130333881e-05,3.5430862226348836e-06,True,True,12,animal,seal-lex-1,1.7763568394002505e-15,True,1.0,True,3,3,0.3450389412683421,0.12132700655039486,8.881784197001252e-16,-1.7763568394002505e-15,True,True,True,1.0,ok,True,True,True,True,True,True,50.890098571777344,False,animal,1,0.8416743903282596,1.0,1.0,1.0,1.0,1.0,True,True,True,True,True,True,True,True,seal,0
2.041248257867537e-05,1.0792373989569905e-05,1.902117959231323e-05,0.018662980410495494,0.01794957110292739,0.013112348471300304,0.9813166071069258,0.982039636523083,0.9868686303491074,79,0.00482177734375,True,True,True,-6.818150578705982,stamp,0.6051058513809393,0.6051058513809393,30.963623046875,30.963623046875,0.7140920547338776,0.7140920547338776,-9.620108589105467e-06,-1.3913029863621423e-06,-0.0007134093075681046,-0.005550631939195191,0.000723029416157206,0.005552023242181625,-3.7356842437219484e-06,0.8807251041341093,0.5667133010787158,-0.31401180305539356,0.0,0.8807017389225225,-1.0146561102430951e-05,-0.11666584014892578,0.42551326751708984,-0.4759946454139339,0.1083811232949472,0.359328805265001,0.31713214422213554,0.03295989083494402,0.019442358444392766,0.47880344390789076,0.38925933721136147,0.7497854232788086,0.6433382034301758,0.3904566180138005,0.32620605920803314,0.359328805265001,0.31713214422213554,0.03295989083494402,0.019442358444392766,0.47880344390789076,0.38925933721136147,-0.6373068321939108,-0.6372964037610309,-0.07059353111519506,0.0,-0.07059353111519506,-0.0706099942840357,-0.07059561342443388,0.0,-0.038975683895030144,-0.03896151977790652,-0.3529874869504237,0.0,-0.3529874869504237,-0.3529805849076775,-0.3529763506091781,0.0,a_to_b,-0.6373068321939108,-0.07059353111519506,-0.038975683895030144,-0.3529874869504237,animal,1,-0.5983311482988807,-0.5983348839831244,0.28239395583522864,0.0,0.28239395583522864,0.2823705906236418,0.2823807371847442,0.0,,,,,,,,,0.8810613328321952,0.47589286469577025,0.22647396045760057,True,True,1.0421417046882334e-08,0.0,1.0146561102430951e-05,True,0.0,0.0,True,3.7356842437219484e-06,True,1.0428432879905358e-05,1.4164117123627307e-05,True,True,4,stamp,seal-lex-2,8.881784197001252e-16,True,1.0,True,3,3,-0.5983311482988807,0.28239395583522864,0.0,0.0,True,True,True,1.0,ok,True,True,True,True,True,True,43.3608283996582,False,stamp,1,0.8286901890735535,1.0,0.0,1.0,0.0,1.0,True,True,True,True,True,True,True,True,seal,0
2.041248257867537e-05,1.0786857450748595e-05,3.3649432937471256e-05,0.018662980410495494,0.019901174750127038,0.015436309403340434,0.9813166071069258,0.9800880383924222,0.9845300411637221,84,0.005126953125,True,True,True,-6.818150578705982,stamp,0.46561539257213985,0.46561539257213985,30.22347068786621,30.22347068786621,0.6417767514190263,0.6417767514190263,-9.625625127926776e-06,1.3236950358795884e-05,0.0012381943396315431,-0.00322667100715506,-0.0012285687145036084,0.003213434056796305,2.495715259343001e-05,1.3917239886844808,1.137667713770453,-0.2540562749140296,0.0,1.3917155799596728,6.190364473468435e-06,-0.3012199401855469,0.36560535430908203,-0.6835946082841744,0.3328427108090892,0.3823746680986204,0.03276264349998215,0.02772375997981536,0.015493184353549521,0.36689821897937974,0.29994452920122605,0.6359796524047852,0.03600597381591797,0.25360498430615763,0.0032433303159251636,0.3823746680986204,0.03276264349998215,0.02772375997981536,0.015493184353549521,0.36689821897937974,0.29994452920122605,-0.6378181144382964,-0.6378140313508993,0.4998495993321548,0.0,0.4998495993321548,0.4998397716397527,0.49983151240779655,0.0,0.06423685810126756,0.0642159840360712,-0.18981941681276204,0.0,-0.18981941681276204,-0.18982083578035613,-0.1898229046478388,0.0,a_to_b,-0.6378181144382982,0.4998495993321548,0.06423685810126756,-0.18981941681276204,animal,1,-0.702054972539564,-0.7020300153869705,0.6896690161449168,0.0,0.6896690161449168,0.6896606074201088,0.6896544170556353,0.0,,,,,,,,,0.8107943447604978,0.5871545358393704,0.3447507180121558,True,True,1.2152302442243893e-08,0.0,6.190364473468435e-06,True,0.0,0.0,True,2.495715259343001e-05,True,4.083087397077634e-06,2.0874065196352376e-05,True,True,8,stamp,seal-lex-2,8.881784197001252e-16,True,1.0,True,3,3,-0.7020549725395657,0.6896690161449168,1.7763568394002505e-15,0.0,True,True,True,1.0,ok,True,True,True,True,True,True,47.09343338012695,False,stamp,1,0.7645504637674759,1.0,0.0,1.0,0.0,1.0,True,True,True,True,True,True,True,True,seal,0
2.041248257867537e-05,1.2515818118882774e-05,1.3298228658763033e-05,0.018662980410495494,0.02012435075863108,0.020914044514201757,0.9813166071069258,0.97986313342325,0.9790726572571394,209,0.01275634765625,True,True,True,-6.818150578705982,stamp,0.5850789278310883,0.5850789278310883,46.262760162353516,46.262760162353516,0.8165305300487824,0.8165305300487824,-7.896664459792598e-06,-7.114253919912338e-06,0.0014613703481355864,0.002251064103706263,-0.0014534736836757656,-0.0022439498497863752,4.545064300032209e-06,0.022147191722916126,0.060637548993852874,0.03849035727093897,0.0,0.022137560543050938,2.906499028920706e-05,-0.4959135055541992,-0.1706991195678711,-0.5353193673873857,-0.22859221281856712,0.03940586183318473,0.057893093250687144,0.00896717818539077,0.021435032660315535,0.2640360147161562,0.33977834249826966,0.18326759338378906,-0.17989635467529297,0.14386173155060256,-0.237789447925989,0.03940586183318473,0.057893093250687144,0.00896717818539077,0.021435032660315535,0.2640360147161562,0.33977834249826966,-0.4891533110201891,-0.48915616684103824,-0.42851576202633446,0.0,-0.42851576202633446,-0.42850778639093967,-0.42851697259522936,0.0,0.07538865778703663,0.07538125690188746,0.11387901505797515,0.0,0.11387901505797515,0.11389662187323513,0.11391650065923464,0.0,a_to_b,-0.48915331102018733,-0.42851576202633446,0.07538865778703618,0.11387901505797515,animal,1,-0.5645419688072257,-0.5645374237429257,-0.5423947770843096,0.0,-0.5423947770843096,-0.5424044082641748,-0.542433473254464,0.0,,,,,,,,,0.8823941353117186,0.4713552265102216,0.22217585613676016,True,True,1.1037410089226715e-08,0.0,2.906499028920706e-05,True,0.0,0.0,True,4.545064300032209e-06,True,2.855820849134716e-06,7.400885149166925e-06,True,True,12,stamp,seal-lex-2,8.881784197001252e-16,True,1.0,True,3,3,-0.5645419688072235,-0.5423947770843096,-2.220446049250313e-15,0.0,True,True,True,1.0,ok,True,True,True,True,True,True,56.65772247314453,False,stamp,1,0.8541931192415262,1.0,1.0,1.0,1.0,1.0,True,True,True,True,True,True,True,True,seal,0
1.3212820548561056e-05,7.5051423419258524e-06,1.560679611155924e-05,0.004862434420216333,0.007446681835977507,0.004832027887682477,0.995124352759235,0.9925458130216805,0.995152365316206,98,0.0059814453125,True,True,True,-5.908106889081262,animal,0.6051058513809393,0.6051058513809393,30.963623046875,30.963623046875,0.7140920547338776,0.7140920547338776,-5.707678206635203e-06,2.3939755629981846e-06,0.002584247415761174,-3.0406532533855737e-05,-0.0025785397375545083,2.801255697093552e-05,2.006323271963595e-06,1.16462034633851,0.732118036380422,-0.43250230995808714,0.0,1.1645802105102305,-2.3499430105822228e-05,-0.031115055084228516,0.33062076568603516,-1.3345332116493225,-0.2960375875504244,1.3034181565651082,0.6266583532364542,0.11242522010739638,0.015789993054613417,0.870245633342918,0.4301951392251509,1.5915002822875977,0.5245561599731445,0.2880821257225019,-0.10210219326331593,1.3034181565651082,0.6266583532364542,0.11242522010739638,0.015789993054613417,0.870245633342918,0.4301951392251509,-0.5655991807246927,-0.5656035162783848,0.16651885565572933,0.0,0.16651885565572933,0.16650043455678443,0.16651567745310558,0.0,0.4262293200227658,0.4262229781458018,-0.006272989935322215,0.0,-0.006272989935322215,-0.006251275205987561,-0.006259531739772228,0.0,b_to_a,-0.5655991807246945,0.16651885565572755,0.4262293200227658,-0.006272989935321327,stamp,1,-0.9918285007474585,-0.9918264944241866,0.17279184559105154,0.0,0.17279184559105154,0.172751709762772,0.1727752091928778,0.0,,,,,,,,,0.8872114312549622,0.461884238847398,0.21333707020577752,True,True,1.0678934756939805e-08,0.0,2.3499430105822228e-05,True,0.0,0.0,True,2.006323271963595e-06,True,4.335553692058625e-06,6.3418769640222195e-06,True,True,4,animal,seal-lex-2,-8.881784197001252e-16,True,1.0,True,3,3,-0.9918285007474603,0.17279184559104888,1.7763568394002505e-15,2.6645352591003757e-15,True,True,True,1.0,ok,True,True,True,True,True,True,43.3608283996582,False,animal,1,0.8652809365126036,1.0,0.0,1.0,0.0,1.0,True,True,True,True,True,True,True,True,seal,0
1.3212820548561056e-05,8.947779646477858e-06,9.761233415306184e-06,0.004862434420216333,0.005807522147335704,0.004474107221172435,0.995124352759235,0.9941835300730179,0.9955161315454122,88,0.00537109375,True,True,True,-5.908106889081262,animal,0.46561539257213985,0.46561539257213985,30.22347068786621,30.22347068786621,0.6417767514190263,0.6417767514190263,-4.2650409020831974e-06,-3.4515871332548713e-06,0.0009450877271193715,-0.0003883271990438976,-0.000940822686217202,0.0003917787861771327,7.028439911849205e-06,0.347860520698382,0.08701334964311869,-0.26084717105526334,0.0,0.3478534156126809,8.996553368945115e-07,0.4847903251647949,-0.14905166625976562,-0.2048555221357482,-0.4689114996758299,0.6896458473005538,0.31985983341606783,0.023401529765316696,0.006807263175755314,0.42426452663570563,0.24227129776598047,0.8968839645385742,0.04251670837402344,0.2072381172380302,-0.2773431250420417,0.6896458473005538,0.31985983341606783,0.023401529765316696,0.006807263175755314,0.42426452663570563,0.24227129776598047,-0.389782194593149,-0.38979223876935265,-0.3027688449500303,0.0,-0.3027688449500303,-0.3027705726130261,-0.3027865324137977,0.0,0.1776147772213177,0.1775977046052022,-0.08323239383394565,0.0,-0.08323239383394565,-0.0832270164112403,-0.08324207655667504,0.0,b_to_a,-0.3897821945931508,-0.3027688449500321,0.1776147772213177,-0.08323239383394565,stamp,1,-0.5673969718144667,-0.5673899433745548,-0.21953645111608466,0.0,-0.21953645111608466,-0.21954355620178578,-0.21954445585712268,0.0,,,,,,,,,0.8011722797215607,0.6005665649820771,0.36068024279807387,True,True,1.3376098962698325e-08,0.0,8.996553368945115e-07,True,0.0,0.0,True,7.028439911849205e-06,True,1.0044176203649613e-05,1.7072616115498818e-05,True,True,8,animal,seal-lex-2,-8.881784197001252e-16,True,1.0,True,3,3,-0.5673969718144685,-0.21953645111608644,1.7763568394002505e-15,1.7763568394002505e-15,True,True,True,1.0,ok,True,True,True,True,True,True,47.09343338012695,False,animal,1,0.7506020971629285,1.0,1.0,1.0,1.0,1.0,True,True,True,True,True,True,True,True,seal,0
1.3212820548561056e-05,1.3464359385297817e-05,1.604580904104963e-05,0.004862434420216333,0.005066844395408693,0.005002453536630955,0.995124352759235,0.994919691245206,0.994981500654328,182,0.0111083984375,True,True,True,-5.908106889081262,animal,0.5850789278310883,0.5850789278310883,46.262760162353516,46.262760162353516,0.8165305300487824,0.8165305300487824,2.5153883673676186e-07,2.832988492488573e-06,0.00020440997519236004,0.00014001911641462264,-0.00020466151402909194,-0.00014285210490705413,-1.3459980368502045e-05,0.18819126490314453,0.1754015476958788,-0.012789717207266627,0.0,0.18818030813736186,-3.211173948081125e-05,0.34263086318969727,0.018318653106689453,0.18910439057451,0.08843987792618968,0.15352647261519792,-0.07012122481948779,0.009812295801542104,0.009352039240036799,0.2548158206299019,0.1950434938759528,0.3436126708984375,-0.1824636459350586,0.19008619828325024,-0.11234242111555925,0.15352647261519792,-0.07012122481948779,0.009812295801542104,0.009352039240036799,0.2548158206299019,0.1950434938759528,0.018858536935422165,0.018859414287462073,0.19426008463130096,0.0,0.19426008463130096,0.19425844857573793,0.19427744114495837,0.0,0.041178994601443364,0.04119333193385177,0.028389277394177626,0.0,0.028389277394177626,0.028398598104397266,0.0283854789341369,0.0,b_to_a,0.01885853693542039,0.19426008463129918,0.041178994601443364,0.028389277394176737,stamp,1,-0.0223204576660212,-0.0223339176463897,0.16587080723712333,0.0,0.16587080723712333,0.16585985047134066,0.16589196221082148,0.0,,,,,,,,,0.863927600400924,0.5043779143334851,0.2543970492747425,True,True,1.275797416402844e-08,0.0,3.211173948081125e-05,True,0.0,0.0,True,1.3459980368502045e-05,True,8.773520399074641e-07,1.4337332408409509e-05,True,True,12,animal,seal-lex-2,-8.881784197001252e-16,True,1.0,True,3,3,-0.022320457666022975,0.16587080723712244,1.7763568394002505e-15,8.881784197001252e-16,True,True,True,1.0,ok,True,True,True,True,True,True,56.65772247314453,False,animal,1,0.8362204888123375,1.0,0.0,1.0,0.0,1.0,True,True,True,True,True,True,True,True,seal,0
0.0003552350294526053,0.00028353528705656067,0.00021072044481472915,0.017492334060094636,0.01079896572529521,0.008490734205271236,0.9821524309104528,0.9889174989876481,0.991298545349914,77,0.00469970703125,True,True,True,-3.8967383850192796,stamp,0.5998220589875638,0.5998220954664493,31.36252212524414,31.362520217895508,0.757036882069513,0.7570368360294255,-7.169974239604464e-05,-0.00014451458463787616,-0.006693368334799426,-0.0090015998548234,0.006765068077195346,0.009146114439461228,-6.151183416847061e-06,-0.05632934788357957,-0.2968042358368006,-0.24047488795322014,0.0,-0.05633764897860427,1.945808751102618e-05,-0.4729466438293457,-2.371119499206543,-0.17027076229453542,-0.45209726901060776,-0.30267588153481206,-1.919022230195944,0.1478843659401814,0.2824279343532223,0.34906873572198227,1.7100568306715258,-0.3567180633544922,-2.029263973236084,-0.0540421818196819,-0.11024174304014878,-0.30267588153481206,-1.919022230195944,0.1478843659401814,0.2824279343532223,0.34906873572198227,1.7100568306715258,-0.2254430404524399,-0.22543268582306908,-0.5222472762892387,0.0,-0.5222472762892387,-0.5222521613222391,-0.5222735753453218,0.0,-0.48231236787910525,-0.4822958620663176,-0.7227872558323245,0.0,-0.7227872558323245,-0.7227838397703001,-0.7227857957058719,0.0,a_to_b,-0.2254430404524399,-0.5222472762892405,-0.48231236787910436,-0.7227872558323245,animal,1,0.25686932742666535,0.2568631762432485,0.20053997954308578,0.0,0.20053997954308578,0.20053167844806108,0.20051222036055005,0.0,,,,,,,,,0.8808061939342615,0.47652090300565736,0.2270720591579874,True,True,1.4713548118766715e-08,0.0,1.945808751102618e-05,True,0.0,0.0,True,6.151183416847061e-06,True,1.0354629370823432e-05,1.6505812787670493e-05,True,True,4,stamp,seal-lex-3,8.881784197001252e-16,True,1.0,True,3,3,0.25686932742666446,0.200539979543084,8.881784197001252e-16,1.7763568394002505e-15,True,True,True,1.0,ok,True,True,True,True,True,True,41.42799758911133,False,stamp,1,0.8270304377729413,1.0,1.0,1.0,1.0,1.0,True,True,True,True,True,True,True,True,seal,0
0.0003552350294526053,0.0004205967304158567,0.00037750604577803577,0.017492334060094636,0.016476865273464487,0.019580990803177607,0.9821524309104528,0.9831025379961197,0.9800415031510443,93,0.00567626953125,True,True,True,-3.8967383850192796,stamp,0.5487022197198566,0.5487022197198566,35.499874114990234,35.499874114990234,0.7098355553962223,0.7098355553962223,6.536170096325136e-05,2.227101632543046e-05,-0.0010154687866301484,0.0020886567430829714,0.0009501070856668958,-0.0021109277594084652,1.199030484766439e-05,-0.280689851993114,-0.10808790575251326,0.172601946240599,0.0,-0.28066804587139327,-3.24293978426482e-06,1.0312347412109375,1.0698575973510742,0.24648879084690556,0.15267805806025514,0.7847459503640177,0.9171795392908351,0.009899594003385411,0.007230410899004383,0.5298462613131831,0.6667073602212354,0.6774187088012695,1.087867259979248,-0.10732724156276241,0.17068772068842897,0.7847459503640177,0.9171795392908351,0.009899594003385411,0.007230410899004383,0.5298462613131831,0.6667073602212354,0.16889486440951096,0.16890007049056166,0.06080695865699681,0.0,0.06080695865699681,0.060813047518271546,0.060816552007997515,0.0,-0.059805438847491565,-0.05981222307128853,0.11279650739310831,0.0,0.11279650739310831,0.11278079013266229,0.112781051682604,0.0,a_to_b,0.16889486440951096,0.0608069586569977,-0.05980543884749068,0.11279650739310831,animal,1,0.22870030325700252,0.2287122935618502,-0.0519895487361115,0.0,-0.0519895487361115,-0.051967742614390744,-0.05196449967460648,0.0,,,,,,,,,0.8182394992398663,0.5751270231278691,0.3307711620729248,True,True,1.148013882510232e-08,0.0,3.24293978426482e-06,True,0.0,0.0,True,1.199030484766439e-05,True,5.206081050701528e-06,6.784223796962863e-06,True,True,8,stamp,seal-lex-3,8.881784197001252e-16,True,1.0,True,3,3,0.22870030325700164,-0.05198954873611061,8.881784197001252e-16,-8.881784197001252e-16,True,True,True,1.0,ok,True,True,True,True,True,True,50.01140594482422,False,stamp,1,0.8013005941091447,1.0,0.0,1.0,0.0,1.0,True,True,True,True,True,True,True,True,seal,0
0.0003552350294526053,0.00035754502512143506,0.00027937543266552125,0.017492334060094636,0.01616464166509691,0.016024124279623148,0.9821524309104528,0.9834778133097817,0.9836965002877113,210,0.0128173828125,True,True,True,-3.8967383850192796,stamp,0.6599222575666253,0.6599222575666253,53.50108337402344,53.50108337402344,0.8057566868957251,0.8057566868957251,2.309995668829754e-06,-7.585959678708406e-05,-0.0013276923949977273,-0.0014682097804714876,0.0013253823993288893,0.0015440693772584835,2.0118190454887497e-05,-0.23797389511708733,-0.24670478454181755,-0.008730889424730215,0.0,-0.23798539463595159,-3.494595603115158e-06,0.2432727813720703,-0.0034766197204589844,0.05443092183011089,-0.17435262750130853,0.18884185954198074,0.17087600778081224,0.00570534685330354,0.009716820807954621,0.19930059978055537,0.1439754887370465,0.16117620468139648,-0.060774803161621094,-0.027665654860562938,-0.23165081094247064,0.18884185954198074,0.17087600778081224,0.00570534685330354,0.009716820807954621,0.19930059978055537,0.1439754887370465,0.006481673389462372,0.006490316480286751,-0.24022311115235517,0.0,-0.24022311115235517,-0.24022750476251353,-0.24023048802953184,0.0,-0.07893648764618266,-0.07894796274581317,-0.08766737707091288,0.0,-0.08766737707091288,-0.08766027116220698,-0.0876667490248284,0.0,a_to_b,0.006481673389462372,-0.24022311115235517,-0.07893648764618266,-0.08766737707091288,animal,1,0.08541816103564503,0.08543827922609992,-0.1525557340814423,0.0,-0.1525557340814423,-0.15256723360030655,-0.15256373900470344,0.0,,,,,,,,,0.8842580543862277,0.4678414463409738,0.21887573678802008,True,True,1.1475463467321618e-08,0.0,3.494595603115158e-06,True,0.0,0.0,True,2.0118190454887497e-05,True,8.643090824378419e-06,1.1475099630509078e-05,True,True,12,stamp,seal-lex-3,8.881784197001252e-16,True,1.0,True,3,3,0.08541816103564503,-0.1525557340814423,0.0,0.0,True,True,True,1.0,ok,True,True,True,True,True,True,66.3985595703125,False,stamp,1,0.8561829947890548,1.0,0.0,1.0,0.0,1.0,True,True,True,True,True,True,True,True,seal,0
1.703532217358733e-05,1.3535026920769282e-05,1.6755899048453877e-05,0.01442192522374414,0.010958260801371912,0.01231111953834205,0.9855610394540822,0.9890282041717072,0.9876721245626094,87,0.00531005859375,True,True,True,-6.741215949204869,animal,0.5998220589875638,0.5998220589875638,31.36252212524414,31.36252212524414,0.757036882069513,0.757036882069513,-3.500295252818048e-06,-2.794231251334536e-07,-0.0034636644223722274,-0.0021108056854020896,0.003467164717624982,0.0021110851085271998,3.369808508679739e-05,0.09706016765065595,0.21346946622805518,0.11640929857739835,0.0,0.09706135644873726,2.6179867456121997e-06,-0.6593677997589111,0.28199100494384766,-0.38992376344531365,-0.08310188491304871,-0.26944403631362057,0.36509288985687327,0.014232770661464368,0.005161879139457367,0.4976648124592491,0.21134617731641583,-0.651585578918457,0.1315746307373047,-0.38214154260485955,-0.2335182591195908,-0.26944403631362057,0.36509288985687327,0.014232770661464368,0.005161879139457367,0.4976648124592491,0.21134617731641583,-0.23000805134543967,-0.22997907310789145,-0.016538585117386262,0.0,-0.016538585117386262,-0.01653200666107857,-0.016549387683973293,0.0,-0.27465605068521537,-0.27466077053275395,-0.1582467521078179,0.0,-0.1582467521078179,-0.15824136244959153,-0.15825612548574064,0.0,b_to_a,-0.23000805134543967,-0.016538585117384486,-0.27465605068521537,-0.15824675210781702,stamp,1,0.0446479993397757,0.0446816974248625,0.14170816699043165,0.0,0.14170816699043165,0.14170935578851296,0.14170673780176735,0.0,,,,,,,,,0.8983830290160524,0.43971646554620647,0.19335053149604958,True,True,1.1726011149467565e-08,0.0,2.6179867456121997e-06,True,0.0,0.0,True,3.369808508679739e-05,True,2.8978237548216157e-05,4.719847538581234e-06,True,True,4,animal,seal-lex-3,0.0,True,1.0,True,3,3,0.0446479993397757,0.14170816699043254,0.0,-8.881784197001252e-16,True,True,True,1.0,ok,True,True,True,True,True,True,41.42799758911133,False,animal,1,0.877350316475825,1.0,1.0,1.0,1.0,1.0,True,True,True,True,True,True,True,True,seal,0
1.703532217358733e-05,2.046308146906387e-05,1.5453968610267147e-05,0.01442192522374414,0.011338380938784018,0.01226430302675268,0.9855610394540822,0.9886411559797469,0.9877202430046371,94,0.0057373046875,True,True,True,-6.741215949204869,animal,0.5487022197198566,0.5487022197198566,35.499874114990234,35.499874114990234,0.7098355553962223,0.7098355553962223,3.4277592954765398e-06,-1.5813535633201827e-06,-0.003083544284960122,-0.0021576221969914593,0.0030801165256646446,0.002159203550554878,1.1028949074010086e-05,-0.3592558564367776,-0.28075652028189957,0.07849933615487714,0.0,-0.3592646250152365,5.056110717660545e-06,2.5154844522476196,-0.2754099369049072,-0.47865756092983425,-0.2989357777743127,2.9941420131774077,0.023525840869353942,0.013980297619951773,0.01734422589795779,1.8945702172407115,0.3032553025588534,2.6957640647888184,-0.22510433197021484,-0.29837794838863463,-0.2486301728396203,2.9941420131774077,0.023525840869353942,0.013980297619951773,0.01734422589795779,1.8945702172407115,0.3032553025588534,0.18333339523499603,0.18333673373047965,-0.09742312504690354,0.0,-0.09742312504690354,-0.09742710383019038,-0.09742701142800492,0.0,-0.24055611985820935,-0.24056381031179974,-0.16205678370333132,0.0,-0.16205678370333132,-0.16205199390815928,-0.16204684539525616,0.0,b_to_a,0.18333339523499603,-0.09742312504690354,-0.24055611985820846,-0.16205678370333132,stamp,1,0.4238895150932054,0.4239005440422794,0.06463365865642778,0.0,0.06463365865642778,0.0646248900779689,0.06461983396725124,0.0,,,,,,,,,0.8203881755074781,0.5720411560551553,0.3272312109675522,True,True,1.1840903848355825e-08,0.0,5.056110717660545e-06,True,0.0,0.0,True,1.1028949074010086e-05,True,3.338495483617976e-06,7.69045359039211e-06,True,True,8,animal,seal-lex-3,0.0,True,1.0,True,3,3,0.4238895150932045,0.06463365865642778,8.881784197001252e-16,0.0,True,True,True,1.0,ok,True,True,True,True,True,True,50.01140594482422,False,animal,1,0.8040099511655677,1.0,1.0,1.0,1.0,1.0,True,True,True,True,True,True,True,True,seal,0
1.703532217358733e-05,2.0530444653689582e-05,2.2798539062875217e-05,0.01442192522374414,0.011648453878606767,0.015060831904242785,0.9855610394540822,0.9883310156767395,0.9849163695566944,189,0.01153564453125,True,True,True,-6.741215949204869,animal,0.6599222575666253,0.6599222575666253,53.50108337402344,53.50108337402344,0.8057566868957251,0.8057566868957251,3.495122480102252e-06,5.763216889287887e-06,-0.002773471345137373,0.0006389066804986451,0.002769976222657289,-0.0006446698973878728,3.3725779298166003e-06,-0.1521364350566854,0.10478756819326662,0.2569240032499529,0.0,-0.15214577137108432,-3.0800038945955066e-06,0.7902094125747681,1.0731614828109741,-0.30909950754838533,0.09770829355739608,1.0993089201231196,0.9754531892535727,0.006344035434561669,0.002143246051998525,0.7329838729145594,0.7414088479298254,0.8720912933349609,1.0101819038391113,-0.22721762678819246,0.03472871458553328,1.0993089201231196,0.9754531892535727,0.006344035434561669,0.002143246051998525,0.7329838729145594,0.7414088479298254,0.18661992614029366,0.18661150602513388,0.29140749433356206,0.0,0.29140749433356206,0.2913920161485688,0.29140219947181123,0.0,-0.21357617668520756,-0.21358796937829716,0.04334782656474623,0.0,0.04334782656474623,0.043341684694151894,0.04334878801349973,0.0,b_to_a,0.18661992614029366,0.2914074943335603,-0.21357617668520668,0.04334782656474623,stamp,1,0.4001961028255012,0.40019947540343104,0.24805966776881583,0.0,0.24805966776881583,0.2480503314544169,0.2480534114583115,0.0,,,,,,,,,0.887033266997818,0.46197853343899803,0.21342417100694197,True,True,1.2104133869492949e-08,0.0,3.0800038945955066e-06,True,0.0,0.0,True,3.3725779298166003e-06,True,8.420115159779584e-06,1.1792693089596185e-05,True,True,12,animal,seal-lex-3,0.0,True,1.0,True,3,3,0.40019610282550033,0.24805966776881405,8.881784197001252e-16,1.7763568394002505e-15,True,True,True,1.0,ok,True,True,True,True,True,True,66.3985595703125,False,animal,1,0.8711496933021146,1.0,1.0,1.0,1.0,1.0,True,True,True,True,True,True,True,True,seal,0
0.00027802054585200566,0.002101072612379451,0.0008336791070685958,0.0009300770512340334,0.0008799062429584247,0.0006237477024931216,0.9987919024029139,0.9970190211446621,0.9985425731904384,195,0.01190185546875,True,True,True,-1.2075724166024546,dog,0.6620247937871728,0.6620247937871728,59.94712829589844,59.94712829589844,0.812255234584043,0.812255234584043,0.0018230520665274451,0.0005556585612165901,-5.017080827560865e-05,-0.00030632934874091173,-0.0017728812582518128,-0.0002493292124755575,-2.866336055706853e-05,-0.5802853004799431,-0.9243546965023013,-0.3440693960223573,0.0,-0.5802997104747973,-5.95707128070444e-06,3.095137596130371,2.7754526138305664,0.8058750249956219,0.5586588257141436,2.2892625711347563,2.2167937881164193,0.46666895299989336,0.33638685876718677,1.4625473249558343,1.4492134283838347,2.2654190063476562,1.8532037734985352,-0.023843564787094707,-0.36359001461788854,2.2892625711347563,2.2167937881164193,0.46666895299989336,0.33638685876718677,1.4625473249558343,1.4492134283838347,2.0225082442115863,2.0224944442958774,1.0981535477092859,0.0,1.0981535477092859,1.0981478908440234,1.098167889836871,0.0,-0.055452073801106394,-0.05543721035625815,-0.3995214698234637,0.0,-0.3995214698234637,-0.3995127166938719,-0.39949867477230505,0.0,a_to_b,2.022508244211587,1.0981535477092859,-0.055452073801106394,-0.3995214698234637,tree,1,2.0779603180126927,2.0779316546521356,1.4976750175327496,0.0,1.4976750175327496,1.4976606075378953,1.497666564609176,0.0,,,,,,,,,0.7954268936171301,0.6083029777150084,0.3700325975125805,True,True,1.9290603073272317e-08,0.0,5.95707128070444e-06,True,0.0,0.0,True,2.866336055706853e-05,True,1.3799915708823107e-05,1.4863444848245422e-05,True,True,4,dog,bark-lex-0,0.0,True,1.0,True,3,3,2.0779603180126935,1.4976750175327496,-8.881784197001252e-16,0.0,True,True,True,1.0,ok,True,True,True,True,True,True,73.80331420898438,False,dog,1,0.7431138408621263,1.0,1.0,1.0,1.0,1.0,True,True,True,True,True,True,True,True,bark,0
0.00027802054585200566,0.001374680645479018,0.0008710759347903617,0.0009300770512340334,0.0009745263543857736,0.0006979049775101823,0.9987919024029139,0.9976507930001353,0.9984310190876994,124,0.007568359375,True,True,True,-1.2075724166024546,dog,0.5559720335627453,0.5559720335627453,43.58669662475586,43.58669662475586,0.6845131679325518,0.6845131679325518,0.0010966600996270123,0.000593055388938356,4.4449303151740263e-05,-0.00023217207372385102,-0.0011411094027786728,-0.0003608833152145552,2.3054121411902884e-05,-0.12237896661172343,-0.45624757107875435,-0.33386860446703004,0.0,-0.12238265685955518,-4.357307251012799e-06,2.67962646484375,0.6634225845336914,1.521988064244276,-0.07844771901933534,1.1576384005994562,0.741870303553025,0.2593525279649463,0.09222196768907431,0.7972343571883802,0.5595672190834284,1.2225027084350586,0.4634056091308594,0.06486430783558372,-0.27846469442216826,1.1576384005994562,0.741870303553025,0.2593525279649463,0.09222196768907431,0.7972343571883802,0.5595672190834284,1.598281708389008,1.5982828188609748,1.1420341373102545,0.0,1.1420341373102545,1.1420171045327248,1.1420374617348816,0.0,0.04668412908526065,0.04666218543581557,-0.2871844753817694,0.0,-0.2871844753817694,-0.28719781791146737,-0.2871818180165615,0.0,a_to_b,1.5982817083890097,1.1420341373102554,0.04668412908526243,-0.2871844753817676,tree,1,1.5515975793037473,1.5516206334251592,1.4292186126920239,0.0,1.4292186126920239,1.4292149224441921,1.4292192797514431,0.0,,,,,,,,,0.7779030511116417,0.6303034878562688,0.3972824154570155,True,True,1.7091041570049488e-08,0.0,4.357307251012799e-06,True,0.0,0.0,True,2.3054121411902884e-05,True,1.1104719668253438e-06,2.194364944507754e-05,True,True,8,dog,bark-lex-0,0.0,True,1.0,True,3,3,1.5515975793037473,1.429218612692023,0.0,8.881784197001252e-16,True,True,True,1.0,ok,True,True,True,True,True,True,63.67546844482422,False,dog,1,0.7287548982451335,1.0,1.0,1.0,1.0,1.0,True,True,True,True,True,True,True,True,bark,0
0.00027802054585200566,0.0016779990445106498,0.0007067595229965425,0.0009300770512340334,0.0007628842999931013,0.002449484898195751,0.9987919024029139,0.9975591166554963,0.9968437555788077,247,0.01507568359375,True,True,True,-1.2075724166024546,dog,0.6611427136159052,0.6611427136159052,56.23039245605469,56.23039245605469,0.8330838116068577,0.8330838116068577,0.0013999784986586442,0.00042873897714453685,-0.00016719275124093202,0.0015194078469617175,-0.0012327857474175863,-0.0019481468241062672,-3.326733800435022e-06,-2.0311935010654665,-0.8646668467729768,1.1665266542924915,0.0,-2.0311888901461526,-6.4260737770993615e-06,2.521883010864258,2.3646936416625977,1.776497343012446,1.4330065714787352,0.7453856678517994,0.9316870701838553,0.14542874215919707,0.09948611539247479,0.6065422995535407,0.7321499939305051,0.5521707534790039,1.9175691604614258,-0.1932149143728088,0.9858820902775625,0.7453856678517994,0.9316870701838553,0.14542874215919707,0.09948611539247479,0.6065422995535407,0.7321499939305051,1.7976623007032515,1.7976753024472636,0.9329954539302747,0.0,0.9329954539302747,0.9330004500623197,0.9330069009757427,0.0,-0.1981610519974648,-0.1981447235196523,0.9683656022950249,0.0,0.9683656022950249,0.9683659875077559,0.9683660123474018,0.0,a_to_b,1.7976623007032524,0.9329954539302756,-0.1981610519974657,0.9683656022950258,tree,1,1.9958233527007163,1.9958200259669159,-0.035370148364750165,0.0,-0.035370148364750165,-0.035365537445436246,-0.035359111371659147,0.0,,,,,,,,,0.9012427642286371,0.4333895268132575,0.18782651912261403,True,True,1.1883043780940816e-08,0.0,6.4260737770993615e-06,True,0.0,0.0,True,3.326733800435022e-06,True,1.3001744012086647e-05,1.632847781252167e-05,True,True,12,dog,bark-lex-0,0.0,True,1.0,True,3,3,1.995823352700718,-0.035370148364750165,-1.7763568394002505e-15,0.0,True,True,True,1.0,ok,True,True,True,True,True,True,67.4966812133789,False,dog,1,0.893173457322721,1.0,0.0,1.0,0.0,1.0,True,True,True,True,True,True,True,True,bark,0
0.00015197107951646808,0.00033149303988756654,0.00043804861109353777,0.00673125546129366,0.0032134577720528113,0.004178149031904583,0.9931167734591899,0.9964550491880596,0.9953838023570019,142,0.0086669921875,True,True,True,-3.790826715834301,tree,0.6620247937871728,0.6620247937871728,59.94712829589844,59.94712829589844,0.812255234584043,0.812255234584043,0.00017952196037109846,0.0002860775315770697,-0.0035177976892408484,-0.0025531064293890767,0.0033382757288696885,0.00226702889781194,-2.0752145541536038e-05,0.016202286674677602,0.2787230748587497,0.2625207881840721,0.0,0.016206518961144667,1.6578732644489946e-06,-2.446841239929199,-1.4631109237670898,0.7763454088957236,1.0492845775771897,-3.223186648824946,-2.5123955013442725,0.11574903816607954,0.06789590413510349,1.2931591993963083,1.1415965712566607,-3.931962013244629,-3.2489805221557617,-0.7087753644197061,-0.7365850208114813,-3.223186648824946,-2.5123955013442725,0.11574903816607954,0.06789590413510349,1.2931591993963083,1.1415965712566607,0.7799165771869081,0.7799003700748823,1.0586396520456578,0.0,1.0586396520456578,1.058629455702695,1.058647004038706,0.0,-0.7394141283093827,-0.7394095832758669,-0.4768933401253106,0.0,-0.4768933401253106,-0.4769077687547405,-0.4768885625454651,0.0,b_to_a,0.7799165771869099,1.0586396520456596,-0.7394141283093818,-0.4768933401253097,dog,1,1.5193307054962908,1.5193099533507493,1.5355329921709684,0.0,1.5355329921709684,1.5355372244574355,1.535535566584171,0.0,,,,,,,,,0.8587686826007217,0.5147377208578858,0.26495499021081165,True,True,1.7903341977737927e-08,0.0,1.6578732644489946e-06,True,0.0,0.0,True,2.0752145541536038e-05,True,1.6207112025767856e-05,4.545033515768182e-06,True,True,4,tree,bark-lex-0,2.6645352591003757e-15,True,1.0,True,3,3,1.5193307054962917,1.5355329921709693,-8.881784197001252e-16,-8.881784197001252e-16,True,True,True,1.0,ok,True,True,True,True,True,True,73.80331420898438,False,tree,1,0.8093868185857498,1.0,1.0,1.0,1.0,1.0,True,True,True,True,True,True,True,True,bark,0
0.00015197107951646808,0.0003211296485365894,0.0003550378298568429,0.00673125546129366,0.0037951875554162033,0.004445012328537896,0.9931167734591899,0.9958836827960472,0.9951999498416053,95,0.00579833984375,True,True,True,-3.790826715834301,tree,0.5559720335627453,0.5559720335627453,43.58669662475586,43.58669662475586,0.6845131679325518,0.6845131679325518,0.00016915856902012134,0.00020306675034037483,-0.0029360679058774565,-0.002286243132755764,0.002766909336857304,0.002083176382415397,-2.2620700681486028e-06,-0.057669395528598955,0.10037941566432362,0.1580488111929208,0.0,-0.05767013518214359,-7.266136663908185e-06,-0.049701690673828125,0.22327518463134766,0.7482994779407122,0.8502160065757707,-0.7980011686145332,-0.6269408219443839,0.053039406339705095,0.035191890803665735,0.7701072581271056,0.8040305568391763,-1.2816238403320312,-0.4437236785888672,-0.48362267171749007,0.18321714335555672,-0.7980011686145332,-0.6269408219443839,0.053039406339705095,0.035191890803665735,0.7701072581271056,0.8040305568391763,0.7481546947063684,0.7481615348386903,0.8485341103706912,0.0,0.8485341103706912,0.84852819099196,0.848532552650946,0.0,-0.5730278419130501,-0.5730187397106601,-0.41497903072012843,0.0,-0.41497903072012843,-0.41498421044531497,-0.4149871149229929,0.0,b_to_a,0.7481546947063702,0.8485341103706938,-0.5730278419130501,-0.4149790307201293,dog,1,1.3211825366194185,1.3211802745493504,1.2635131410908196,0.0,1.2635131410908196,1.263512401437275,1.2635196675739389,0.0,,,,,,,,,0.7665811077803623,0.6421559354368739,0.4123641990741042,True,True,1.5252348009014778e-08,0.0,7.266136663908185e-06,True,0.0,0.0,True,2.2620700681486028e-06,True,6.84013232188363e-06,9.102202390032232e-06,True,True,8,tree,bark-lex-0,2.6645352591003757e-15,True,1.0,True,3,3,1.3211825366194203,1.2635131410908231,-1.7763568394002505e-15,-3.552713678800501e-15,True,True,True,1.0,ok,True,True,True,True,True,True,63.67546844482422,False,tree,1,0.7698665043236519,1.0,1.0,1.0,1.0,1.0,True,True,True,True,True,True,True,True,bark,0
0.00015197107951646808,0.00019756687599227932,6.92348033022673e-05,0.00673125546129366,0.0030155750014918686,0.004568469912091852,0.9931167734591899,0.9967868581225159,0.995362295284606,222,0.0135498046875,True,True,True,-3.790826715834301,tree,0.6611427136159052,0.6611427136159052,56.23039245605469,56.23039245605469,0.8330838116068577,0.8330838116068577,4.559579647581125e-05,-8.273627621420078e-05,-0.003715680459801791,-0.0021627855492018077,0.0036700846633259676,0.0022455218254160414,2.1655031371636824e-05,-1.463961277451431,-1.0485734655572099,0.41538781189422114,0.0,-1.4639780021602613,1.2814701953800522e-05,0.013234138488769531,-1.2386646270751953,0.26375497033018824,-0.785791905613511,-0.2505208318414063,-0.4528727214616701,0.04734376235984471,0.04933407547755757,0.7193380760868592,0.6816735419914053,-0.8423280715942383,-0.9018745422363281,-0.5918072397528178,-0.4490018207746429,-0.2505208318414063,-0.4528727214616701,0.04734376235984471,0.04933407547755757,0.7193380760868592,0.6816735419914053,0.2623869032396815,0.26238040686863684,-0.7861865623175284,0.0,-0.7861865623175284,-0.7861952850643643,-0.7861998499875948,0.0,-0.8029711476648815,-0.8029992990672978,-0.3875833357706604,0.0,-0.3875833357706604,-0.38757533380866604,-0.3875670840299428,0.0,b_to_a,0.2623869032396833,-0.7861865623175266,-0.8029711476648815,-0.3875833357706604,dog,1,1.065358050904563,1.0653797059359347,-0.398603226546868,0.0,-0.398603226546868,-0.39861995125569827,-0.39863276595765207,0.0,,,,,,,,,0.8988681153872864,0.43874079372521674,0.19249347267012643,True,True,1.0544801854764253e-08,0.0,1.2814701953800522e-05,True,0.0,0.0,True,2.1655031371636824e-05,True,6.496371044661942e-06,2.8151402416298765e-05,True,True,12,tree,bark-lex-0,2.6645352591003757e-15,True,1.0,True,3,3,1.0653580509045648,-0.3986032265468662,-1.7763568394002505e-15,-1.7763568394002505e-15,True,True,True,1.0,ok,True,True,True,True,True,True,67.4966812133789,False,tree,1,0.8774824418346548,1.0,0.0,1.0,0.0,1.0,True,True,True,True,True,True,True,True,bark,0
0.011268578288357624,0.0155662140061078,0.011456443114121476,0.006160644086328896,0.0006869559797822482,0.0007708426668621966,0.9825707776253135,0.9837468300141099,0.9877727142190162,208,0.0126953125,True,True,True,0.6038368384442823,tree,0.6748653406122715,0.6748652223186664,54.168312072753906,54.16831588745117,0.8505202855636381,0.8505203454598631,0.004297635717750176,0.00018786482576385252,-0.005473688106546648,-0.0053898014194667,0.001176052388796367,0.005201936593702716,-1.5210803705478781e-05,-0.42176458246838777,-0.30655050762247615,0.11521407484591162,0.0,-0.42176216744688144,1.1976412459091534e-05,-0.5540876388549805,-1.528900146484375,-0.8364045444587145,-1.0798631965812717,0.2823169056037056,-0.44903694990312815,0.23627529559551091,0.3085534333594004,0.5197256571730992,0.6866076913667284,-1.9189491271972656,-2.532172679901123,-2.2012660328009996,-2.0831357299980207,0.2823169056037056,-0.44903694990312815,0.23627529559551091,0.3085534333594004,0.5197256571730992,0.6866076913667284,0.3230846267544596,0.3230710932942804,0.01653411913198255,0.0,0.01653411913198255,0.01654962109371194,0.01653002494166511,0.0,-2.193666396369559,-2.1936647190260326,-2.078452321523648,0.0,-2.078452321523648,-2.078439234583425,-2.078446854323013,0.0,a_to_b,0.3230846267544587,0.01653411913198255,-2.1936663963695597,-2.078452321523648,tree,1,2.5167510231240184,2.516735812320313,2.0949864406556307,0.0,2.0949864406556307,2.094988855677137,2.094976879264678,0.0,,,,,,,,,0.8242784126748062,0.5673122610412218,0.3218430504161192,True,True,1.663925297171681e-08,0.0,1.1976412459091534e-05,True,0.0,0.0,True,1.5210803705478781e-05,True,1.3533460179182555e-05,1.6773435262962266e-06,True,True,4,dog,bark-lex-1,0.0,True,1.0,True,3,3,2.5167510231240184,2.0949864406556307,0.0,0.0,True,True,True,1.0,ok,True,True,True,True,True,True,63.68844223022461,False,dog,1,0.7885330279126824,1.0,1.0,1.0,1.0,1.0,True,True,True,True,True,True,True,True,bark,0
0.011268578288357624,0.025624711295978805,0.024377606284979973,0.006160644086328896,0.0019552431364721606,0.003029966994166281,0.9825707776253135,0.9724200455675491,0.9725924267208538,140,0.008544921875,True,True,True,0.6038368384442823,tree,0.5666530077629193,0.5666530568720828,44.01642608642578,44.016422271728516,0.6887741844750771,0.688774124782248,0.014356133007621182,0.01310902799662235,-0.0042054009498567356,-0.0031306770921626153,-0.0101507320577644,-0.009978350904459754,-1.847048114456129e-07,-0.48792940947796204,-0.049892235216824954,0.43803717426113664,0.0,-0.4879283578201514,4.794740974034539e-06,1.6513876914978027,-0.6592617034912109,-0.030988612510528313,0.10886371887157331,1.6823763040083435,-0.7681254223627949,0.05733882358585533,0.031474533123620294,0.9503907402540532,0.5147021009046797,0.5337553024291992,-1.4798765182495117,-1.1486210015791327,-0.7117510958867275,1.6823763040083435,-0.7681254223627949,0.05733882358585533,0.031474533123620294,0.9503907402540532,0.5147021009046797,0.8215390009039902,0.8215421147919493,0.7716467656871648,0.0,0.7716467656871648,0.771657568872226,0.7716598166875892,0.0,-1.147666779362062,-1.1476634807692916,-0.7096296051009254,0.0,-0.7096296051009254,-0.7096198535736749,-0.7096128110173376,0.0,a_to_b,0.8215390009039893,0.7716467656871644,-1.147666779362062,-0.7096296051009254,tree,1,1.9692057802660523,1.9692055955612409,1.4812763707880903,0.0,1.4812763707880903,1.4812774224459009,1.4812726277049268,0.0,,,,,,,,,0.7789343420989534,0.6301406324558894,0.39707694813503275,True,True,1.5581578053212424e-08,0.0,4.794740974034539e-06,True,0.0,0.0,True,1.847048114456129e-07,True,3.1138879590386637e-06,3.2985927704842766e-06,True,True,8,dog,bark-lex-1,0.0,True,1.0,True,3,3,1.9692057802660514,1.4812763707880898,8.881784197001252e-16,4.440892098500626e-16,True,True,True,1.0,ok,True,True,True,True,True,True,63.905452728271484,False,dog,1,0.7171677028282127,1.0,1.0,1.0,1.0,1.0,True,True,True,True,True,True,True,True,bark,0
0.011268578288357624,0.01647464870520228,0.012528261671946511,0.006160644086328896,0.001366463966241449,0.001157504019959114,0.9825707776253135,0.9821588873285563,0.9863142343080944,262,0.0159912109375,True,True,True,0.6038368384442823,tree,0.6905868846283406,0.6905868846283406,66.0392837524414,66.0392837524414,0.8374730316764059,0.8374730316764059,0.005206070416844656,0.0012596833835888874,-0.004794180120087447,-0.005003140066369783,-0.00041189029675725575,0.0037434566827808657,-1.9174561201040774e-06,-0.1078753545421014,-0.2738357312607791,-0.1659603767186777,0.0,-0.10789619124356165,-2.8470113040413025e-06,0.47284412384033203,0.9918875694274902,-0.7696370822789262,-0.801214475065473,1.2424812061192725,1.7931020444929473,0.2482828586391335,0.2873475603012495,1.1651381659107367,1.3967190326239105,-0.26729583740234375,0.12184810638427734,-1.5097770435216038,-1.6712539381086877,1.2424812061192725,1.7931020444929473,0.2482828586391335,0.2873475603012495,1.1651381659107367,1.3967190326239105,0.37980458726728017,0.37978987212633886,0.10596885600650019,0.0,0.10596885600650019,0.10597129147748241,0.10596313533165169,0.0,-1.5059549748907086,-1.5059677725755298,-1.6719153516093872,0.0,-1.6719153516093872,-1.6718920794369447,-1.6719030825940795,0.0,a_to_b,0.37980458726728017,0.10596885600650108,-1.5059549748907086,-1.6719153516093863,tree,1,1.8857595621579888,1.8857576447018687,1.7778842076158874,0.0,1.7778842076158874,1.7778633709144271,1.7778662179257312,0.0,,,,,,,,,0.881143147274585,0.4736352489810548,0.2243303511784824,True,True,1.4259974766842639e-08,0.0,2.8470113040413025e-06,True,0.0,0.0,True,1.9174561201040774e-06,True,1.4715140941312654e-05,1.2797684821208577e-05,True,True,12,dog,bark-lex-1,0.0,True,1.0,True,3,3,1.8857595621579888,1.7778842076158874,0.0,0.0,True,True,True,1.0,ok,True,True,True,True,True,True,78.85541534423828,False,dog,1,0.8538725726704084,1.0,1.0,1.0,1.0,1.0,True,True,True,True,True,True,True,True,bark,0
0.0006611972258169795,0.0006309172613336204,0.0005888790661677791,0.01919350521467273,0.011675174906398219,0.014520389975692657,0.9801452975595102,0.9876939078322682,0.9848907309581396,151,0.00921630859375,True,True,True,-3.368275060461551,tree,0.6748653406122715,0.6748652930862052,54.168312072753906,54.16831588745117,0.8505202855636381,0.8505203454598631,-3.027996448335909e-05,-7.231815964920036e-05,-0.007518330308274512,-0.004673115238980074,0.007548610272757994,0.004745433398629428,-6.010772145792487e-06,-0.2870429710340403,-0.06895388888680554,0.21808908214723655,0.0,-0.287051175033449,4.266175091416358e-06,0.4616870880126953,0.7003498077392578,-0.04713662319028966,-0.11720865089355392,0.508823711202993,0.8175584586328419,0.08092317955715152,0.0883115015505879,0.7721758190984794,0.9481596411851342,0.497161865234375,0.9400501251220703,-0.011661845968609974,0.12249166648925858,0.508823711202993,0.8175584586328419,0.08092317955715152,0.0883115015505879,0.7721758190984794,0.9481596411851342,-0.04687743939973288,-0.04686780746651742,-0.11583132828653753,0.0,-0.11583132828653753,-0.11585767062014263,-0.11583639602212337,0.0,-0.4971071670195597,-0.49709152431419845,-0.27901808487232405,0.0,-0.27901808487232405,-0.27903622320652044,-0.27901068243340976,0.0,b_to_a,-0.04687743939973377,-0.1158313282865393,-0.49710716701956015,-0.2790180848723236,dog,1,0.4502297276198268,0.45022371684768103,0.16318675658578652,0.0,0.16318675658578652,0.1631785525863778,0.1631742864112864,0.0,,,,,,,,,0.8566069567882428,0.5184116815425468,0.26875074849445285,True,True,1.5169494925180022e-08,0.0,4.266175091416358e-06,True,0.0,0.0,True,6.010772145792487e-06,True,9.631933215459298e-06,1.5642705361251785e-05,True,True,4,tree,bark-lex-1,-4.440892098500626e-16,True,1.0,True,3,3,0.4502297276198264,0.1631867565857843,4.440892098500626e-16,2.220446049250313e-15,True,True,True,1.0,ok,True,True,True,True,True,True,63.68844223022461,False,tree,1,0.8063442961289023,1.0,1.0,1.0,1.0,1.0,True,True,True,True,True,True,True,True,bark,0
0.0006611972258169795,0.0005320411377744487,0.0006885756663238279,0.01919350521467273,0.008850917575797871,0.014489793881514017,0.9801452975595102,0.9906170412864276,0.9848216304521621,113,0.00689697265625,True,True,True,-3.368275060461551,tree,0.5666530077629193,0.5666530077629193,44.01642608642578,44.01642608642578,0.6887741844750771,0.6887741844750771,-0.0001291560880425308,2.737844050684844e-05,-0.01034258763887486,-0.0047037113331587135,0.010471743726917393,0.004676332892651902,2.613991280320249e-06,-0.2350189974398944,0.2579043993867991,0.4929233968266944,0.0,-0.2350126938496908,1.0128461386038623e-05,-0.016851425170898438,0.4395637512207031,-0.21748223142666845,0.04079190473632632,0.20063080625578067,0.39877184648438657,0.11683299632394227,0.07915264194103278,0.6712001292749217,0.5187210717017209,-0.31654930114746094,0.6498374938964844,-0.517180107403231,0.2510656474121076,0.20063080625578067,0.39877184648438657,0.11683299632394227,0.07915264194103278,0.6712001292749217,0.5187210717017209,-0.21733135726317343,-0.21733153381638282,0.04057304212362567,0.0,0.04057304212362567,0.04056801872775928,0.040563015413844994,0.0,-0.7740508172119185,-0.7740536077564082,-0.281127420385225,0.0,-0.281127420385225,-0.28113874737129496,-0.2811336222238232,0.0,b_to_a,-0.21733135726317432,0.04057304212362478,-0.7740508172119189,-0.28112742038522454,dog,1,0.556719459948745,0.5567220739400254,0.32170046250885065,0.0,0.32170046250885065,0.32170676609905424,0.3216966376376682,0.0,,,,,,,,,0.7815374763799946,0.6247852001210724,0.3903565605418982,True,True,1.2514285095567776e-08,0.0,1.0128461386038623e-05,True,0.0,0.0,True,2.613991280320249e-06,True,1.7655320938558816e-07,2.7905444897058373e-06,True,True,8,tree,bark-lex-1,-4.440892098500626e-16,True,1.0,True,3,3,0.5567194599487446,0.3217004625088493,4.440892098500626e-16,1.3322676295501878e-15,True,True,True,1.0,ok,True,True,True,True,True,True,63.905452728271484,False,tree,1,0.7475111797284737,1.0,1.0,1.0,1.0,1.0,True,True,True,True,True,True,True,True,bark,0
0.0006611972258169795,0.000369178321109832,0.00032593920738140835,0.01919350521467273,0.004384012772759333,0.006057261054407522,0.9801452975595102,0.9952468089061308,0.993616799738211,237,0.01446533203125,True,True,True,-3.368275060461551,tree,0.6905868846283406,0.6905868846283406,66.0392837524414,66.0392837524414,0.8374730316764059,0.8374730316764059,-0.0002920189047071475,-0.0003352580184355711,-0.014809492441913399,-0.01313624416026521,0.015101511346620633,0.013471502178700856,1.6434620600414007e-05,-0.4478621623543857,-0.12456889879866662,0.32329326355571997,0.0,-0.4478534319592784,3.5190532390316775e-06,-1.1124486923217773,-0.7995376586914062,-0.58317201434701,-0.7095197530680473,-0.5292766779747602,-0.09001790562332346,0.21997261581516186,0.16920607868409115,1.3541715762754003,1.2171191971182835,-1.7003154754638672,-0.7974319458007812,-1.1710387974891,-0.7074140401774223,-0.5292766779747602,-0.09001790562332346,0.21997261581516186,0.16920607868409115,1.3541715762754003,1.2171191971182835,-0.5827723879083564,-0.5827606228852336,-0.7073412867070221,0.0,-0.7073412867070221,-0.7073373456934071,-0.7073479075010223,0.0,-1.4766074886025375,-1.4766121582000151,-1.1533142250468176,0.0,-1.1533142250468176,-1.1533190144283099,-1.153326057182686,0.0,b_to_a,-0.5827723879083573,-0.7073412867070239,-1.476607488602538,-1.153314225046818,dog,1,0.8938351006941812,0.8938515353147816,0.44597293833979545,0.0,0.44597293833979545,0.44598166873490275,0.4459781496816637,0.0,,,,,,,,,0.8919822940492389,0.4526089889215543,0.2048549783015431,True,True,1.3687197448065949e-08,0.0,3.5190532390316775e-06,True,0.0,0.0,True,1.6434620600414007e-05,True,1.1765023122833895e-05,4.669597477580112e-06,True,True,12,tree,bark-lex-1,-4.440892098500626e-16,True,1.0,True,3,3,0.8938351006941807,0.4459729383397941,4.440892098500626e-16,1.3322676295501878e-15,True,True,True,1.0,ok,True,True,True,True,True,True,78.85541534423828,False,tree,1,0.8699046315543945,1.0,1.0,1.0,1.0,1.0,True,True,True,True,True,True,True,True,bark,0
0.0007669409472282733,0.0016377116551651353,0.0011206965402150411,0.0007130935492451389,0.0003860447659788373,0.0004283977705528401,0.9985199655035266,0.9979762435788561,0.9984509056892321,204,0.012451171875,True,True,True,0.07279718960347914,tree,0.658269923670813,0.658269923670813,56.62417984008789,56.62417984008789,0.7579499607740933,0.7579499607740933,0.000870770707936862,0.00035375559298676785,-0.00032704878326630157,-0.0002846957786922988,-0.0005437219246705594,-6.905981429450314e-05,7.209131871022123e-06,-0.4834483299866159,-0.37934953233038815,0.10409879765622776,0.0,-0.4834514141999433,-1.5003478753605748e-05,2.8655338287353516,2.398411750793457,0.8216841105721908,0.47918025075204973,2.0438497181631554,1.9192315000414162,0.08508247413824638,0.09300208447776988,1.1865523243831628,1.0227238380869133,1.4373559951782227,1.437591552734375,-0.6064937229849381,-0.4816399473070323,2.0438497181631554,1.9192315000414162,0.08508247413824638,0.09300208447776988,1.1865523243831628,1.0227238380869133,0.758645407695834,0.7586500680184951,0.3792958753654476,0.0,0.3792958753654476,0.379290666515149,0.37930091524550313,0.0,-0.6136592801412544,-0.6136618289504643,-0.5095604824850248,0.0,-0.5095604824850248,-0.5095626071219961,-0.5095673618703955,0.0,a_to_b,0.7586454076958358,0.3792958753654476,-0.6136592801412535,-0.5095604824850257,tree,1,1.3723046878370884,1.3723118969689594,0.8888563578504725,0.0,0.8888563578504725,0.8888532736371451,0.8888682771158987,0.0,,,,,,,,,0.8009212016642098,0.6017307054194501,0.362079978958651,True,True,2.0563476220074694e-08,0.0,1.5003478753605748e-05,True,0.0,0.0,True,7.209131871022123e-06,True,4.660322661109717e-06,2.548809209912406e-06,True,True,4,dog,bark-lex-2,0.0,True,1.0,True,3,3,1.3723046878370893,0.8888563578504733,-8.881784197001252e-16,-8.881784197001252e-16,True,True,True,1.0,ok,True,True,True,True,True,True,74.70701599121094,False,dog,1,0.7412996660564953,1.0,1.0,1.0,1.0,1.0,True,True,True,True,True,True,True,True,bark,0
0.0007669409472282733,0.0010745250301261403,0.001090103567519982,0.0007130935492451389,0.0003285938648712655,0.0004398441755166877,0.9985199655035266,0.9985968811050026,0.9984700522569634,133,0.00811767578125,True,True,True,0.07279718960347914,tree,0.5779375252775589,0.5779375655414851,46.68537139892578,46.68537139892578,0.7188987047676693,0.7188987047676693,0.000307584082897867,0.0003231626202917087,-0.0003844996843738734,-0.00027324937372845117,7.691560147593535e-05,-4.991324656322682e-05,-2.1132744070229137e-06,-0.2772040064145864,0.014393976298576305,0.29159798271316184,0.0,-0.2772080602233684,1.0625818436693635e-05,1.3606071472167969,0.6905040740966797,0.22381290033495738,0.2186805443040436,1.1367942468818484,0.4718235297926441,0.2166244087676518,0.07720266539272082,0.6904884545062943,0.6686817404258113,0.38510704040527344,-0.011096954345703125,-0.7516872064765661,-0.4829204841383392,1.1367942468818484,0.4718235297926441,0.2166244087676518,0.07720266539272082,0.6904884545062943,0.6686817404258113,0.33722420396071584,0.337215265358223,0.35161818025929126,0.0,0.35161818025929126,0.35160892948554956,0.3516061118885192,0.0,-0.7747900819985922,-0.774796907326678,-0.4831920992854304,0.0,-0.4831920992854304,-0.4831972962503901,-0.48318948802898376,0.0,a_to_b,0.33722420396071673,0.35161818025929303,-0.7747900819985922,-0.4831920992854304,tree,1,1.112014285959308,1.112012172684901,0.8348102795447216,0.0,0.8348102795447216,0.8348062257359397,0.834795599917503,0.0,,,,,,,,,0.7949872390229149,0.609845851496674,0.37191203486890834,True,True,1.80153674754982e-08,0.0,1.0625818436693635e-05,True,0.0,0.0,True,2.1132744070229137e-06,True,8.93860249284728e-06,6.825328085824367e-06,True,True,8,dog,bark-lex-2,0.0,True,1.0,True,3,3,1.112014285959309,0.8348102795447234,-8.881784197001252e-16,-1.7763568394002505e-15,True,True,True,1.0,ok,True,True,True,True,True,True,64.94012451171875,False,dog,1,0.7324018895137092,1.0,1.0,1.0,1.0,1.0,True,True,True,True,True,True,True,True,bark,0
0.0007669409472282733,0.0013794230798179962,0.0014042712823446044,0.0007130935492451389,0.0003770317070338376,0.0007888530677688261,0.9985199655035266,0.9982435452131482,0.9978068756498866,258,0.0157470703125,True,True,True,0.07279718960347914,tree,0.678455378297518,0.6784554554211086,67.11570739746094,67.1156997680664,0.8515355680819288,0.8515354712834138,0.000612482132589723,0.0006373303351163311,-0.00033606184221130126,7.575951852368721e-05,-0.00027642029037844296,-0.0007130898536400476,5.147632187174622e-06,-0.7203976358326747,0.017853154326442855,0.7382507901591175,0.0,-0.7203942279179687,-9.58400388739733e-06,1.6833076477050781,0.012721061706542969,0.7297894049507763,0.7227087934806935,0.953518242754317,-0.7099877317741523,0.3353200928624722,0.32739402224697217,0.6545277327181178,0.8323417150906238,0.32720279693603516,-0.5868406295776367,-0.6263154458182667,0.12314710219651381,0.953518242754317,-0.7099877317741523,0.3353200928624722,0.32739402224697217,0.6545277327181178,0.8323417150906238,0.5870108261141631,0.5870009384843993,0.604863980440606,0.0,0.604863980440606,0.604857808152409,0.6048654202927954,0.0,-0.6372833294705167,-0.6372983647324677,0.10096746068860085,0.0,0.10096746068860085,0.10095788048569787,0.10095590862219694,0.0,a_to_b,0.587010826114164,0.6048639804406069,-0.6372833294705167,0.10096746068860085,tree,1,1.2242941555846798,1.224299303216867,0.5038965197520051,0.0,0.5038965197520051,0.5038999276667111,0.5039095116705985,0.0,,,,,,,,,0.8955085493430485,0.4454410516867704,0.19841770417706678,True,True,1.3998644813433692e-08,0.0,9.58400388739733e-06,True,0.0,0.0,True,5.147632187174622e-06,True,9.88762976383839e-06,1.5035261951013013e-05,True,True,12,dog,bark-lex-2,0.0,True,1.0,True,3,3,1.2242941555846807,0.503896519752006,-8.881784197001252e-16,-8.881784197001252e-16,True,True,True,1.0,ok,True,True,True,True,True,True,78.81726837158203,False,dog,1,0.8767076191391024,1.0,1.0,1.0,1.0,1.0,True,True,True,True,True,True,True,True,bark,0
7.653383445640233e-05,0.00019194314629831778,0.0004403797255594115,0.0009476943418607706,0.0015389605408763496,0.002311968493161798,0.9989757718236828,0.9982690963128253,0.9972476517812787,168,0.01025390625,True,True,True,-2.516299102536509,tree,0.658269923670813,0.658269923670813,56.62417984008789,56.62417984008789,0.7579499607740933,0.7579499607740933,0.00011540931184191546,0.0003638458911030092,0.000591266199015579,0.0013642741513010274,-0.0007066755108574574,-0.00172812004240408,7.706811763874555e-06,0.423446044097358,0.8304381522179778,0.4069921081206189,0.0,0.42344567626249585,5.146908028663688e-07,-1.2812910079956055,0.24661922454833984,0.9055745003172557,1.7289303556795614,-2.1868655083128594,-1.4823111311312083,0.04919336032220818,0.027370431816563554,0.8908354321839392,0.7906541318946044,-1.7606067657470703,-0.839900016784668,0.42625874256579,0.6424111143465527,-2.1868655083128594,-1.4823111311312083,0.04919336032220818,0.027370431816563554,0.8908354321839392,0.7906541318946044,0.9194662916169101,0.9194632396398408,1.7499044438348879,0.0,1.7499044438348879,1.7499153607349012,1.7499150000645098,0.0,0.48483046798595275,0.4848197091971196,0.8918225761065726,0.0,0.8918225761065726,0.891833860841448,0.8918340148618595,0.0,b_to_a,0.9194662916169101,1.7499044438348879,0.4848304679859545,0.8918225761065735,dog,1,0.4346358236309573,0.4346435304427212,0.8580818677283153,0.0,0.8580818677283153,0.8580814998934532,0.8580809852026503,0.0,,,,,,,,,0.8362042912435118,0.5508283971756065,0.3034119966586996,True,True,1.863059969710688e-08,0.0,5.146908028663688e-07,True,0.0,0.0,True,7.706811763874555e-06,True,3.0519770692905013e-06,1.0758788833165056e-05,True,True,4,tree,bark-lex-2,-8.881784197001252e-16,True,1.0,True,3,3,0.43463582363095554,0.8580818677283144,1.7763568394002505e-15,8.881784197001252e-16,True,True,True,1.0,ok,True,True,True,True,True,True,74.70701599121094,False,tree,1,0.7847304922948839,1.0,1.0,1.0,1.0,1.0,True,True,True,True,True,True,True,True,bark,0
7.653383445640233e-05,0.0002188322087558972,0.00013126917999357998,0.0009476943418607706,0.0008478100545802669,0.000527749202786347,0.9989757718236828,0.9989333577366639,0.9993409816172201,101,0.00616455078125,True,True,True,-2.516299102536509,tree,0.5779375252775589,0.5779375252775589,46.68537139892578,46.68537139892578,0.7188987047676693,0.7188987047676693,0.00014229837429949487,5.473534553717766e-05,-9.98842872805037e-05,-0.00041994513907442365,-4.241408701888272e-05,0.0003652097935372689,6.811283332908147e-06,-0.03701979969015312,-0.511055242014093,-0.474035442323939,0.0,-0.03703752802121585,1.2219671674529309e-06,0.4726524353027344,-0.3971529006958008,1.0460420397326207,0.5376882204714573,-0.5733896044298525,-0.9348411211672314,0.008307267902055588,0.0077769828671742395,0.783920210381731,0.8998173083925132,-0.4899444580078125,-1.6864471435546875,0.08344514642207201,-0.7516060223874304,-0.5733896044298525,-0.9348411211672314,0.008307267902055588,0.0077769828671742395,0.783920210381731,0.8998173083925132,1.0505723425626599,1.0505787389479746,0.5395171005485668,0.0,0.5395171005485668,0.5395007021271123,0.5395054356352986,0.0,-0.11137540760602249,-0.11137582250404066,-0.5854108499299624,0.0,-0.5854108499299624,-0.5854095200203542,-0.5854035645450004,0.0,b_to_a,1.0505723425626599,0.5395171005485668,-0.1113754076060216,-0.5854108499299606,dog,1,1.1619477501686823,1.1619545614520153,1.1249279504785292,0.0,1.1249279504785292,1.1249102221474665,1.124909000180299,0.0,,,,,,,,,0.7856460608331469,0.618699090089702,0.38278853315165445,True,True,1.5230879104905802e-08,0.0,1.2219671674529309e-06,True,0.0,0.0,True,6.811283332908147e-06,True,6.39638531474418e-06,4.148980181639672e-07,True,True,8,tree,bark-lex-2,-8.881784197001252e-16,True,1.0,True,3,3,1.1619477501686815,1.1249279504785274,8.881784197001252e-16,1.7763568394002505e-15,True,True,True,1.0,ok,True,True,True,True,True,True,64.94012451171875,False,tree,1,0.7803410221622811,1.0,1.0,1.0,1.0,1.0,True,True,True,True,True,True,True,True,bark,0
7.653383445640233e-05,0.00018222358064795525,9.86082093351612e-05,0.0009476943418607706,0.0007069863790427973,0.0005265918704540784,0.9989757718236828,0.9991107900403093,0.9993747999202107,249,0.01519775390625,True,True,True,-2.516299102536509,tree,0.678455378297518,0.6784554554211086,67.11570739746094,67.1156997680664,0.8515355680819288,0.8515354712834138,0.00010568974619155292,2.2074374878758873e-05,-0.0002407079628179733,-0.00042110247140669224,0.0001350182166265368,0.00039902809652792026,-4.029187083531838e-06,-0.31949429039254795,-0.6140798811095536,-0.29458559071700563,0.0,-0.31950913898469224,-1.4554146876122331e-05,0.24386882781982422,0.8786964416503906,0.8639677488200803,0.23997303406582482,-0.6200989210002383,0.6387234075846102,0.009287652067777624,0.006038487985986249,0.8186414021659469,0.8214091567322904,-0.7726879119873047,0.29246997833251953,-0.1525889909870486,-0.34625342925204716,-0.6200989210002383,0.6387234075846102,0.009287652067777624,0.006038487985986249,0.8186414021659469,0.8214091567322904,0.8675014746984449,0.8674837205351036,0.25342159358889127,0.0,0.25342159358889127,0.2534040906800126,0.25342281034247094,0.0,-0.29302062620845426,-0.293034351184712,-0.5876062169254599,0.0,-0.5876062169254599,-0.5876088712421943,-0.587604705726612,0.0,b_to_a,0.8675014746984449,0.25342159358889127,-0.29302062620845337,-0.587606216925459,dog,1,1.1605221009068991,1.1605180717198156,0.8410278105143512,0.0,0.8410278105143512,0.8410129619222069,0.841027516069083,0.0,,,,,,,,,0.8934953440592486,0.44914502766752157,0.20173119298064426,True,True,1.5025217334770963e-08,0.0,1.4554146876122331e-05,True,0.0,0.0,True,4.029187083531838e-06,True,1.7754163341265894e-05,1.3724976257734056e-05,True,True,12,tree,bark-lex-2,-8.881784197001252e-16,True,1.0,True,3,3,1.1605221009068982,0.8410278105143503,8.881784197001252e-16,8.881784197001252e-16,True,True,True,1.0,ok,True,True,True,True,True,True,78.81726837158203,False,tree,1,0.8854574527998219,1.0,1.0,1.0,1.0,1.0,True,True,True,True,True,True,True,True,bark,0
0.0004027066741978594,0.0005031499295643316,0.00032588838178139494,0.0007146733150145734,0.00011882739018531425,0.00014168455849452696,0.9988826200107875,0.9993780226802503,0.9995324270597241,199,0.01214599609375,True,True,True,-0.5736170948621666,dog,0.5602366950666056,0.5602366950666056,42.50474548339844,42.50474548339844,0.7637776406224852,0.7637776406224852,0.00010044325536647219,-7.681829241646445e-05,-0.0005958459248292592,-0.0005729887565200464,0.0004954026694627967,0.0006498070489365793,-1.0490712980981698e-05,-0.6102644908921668,-0.4343332608247277,0.17593123006744094,0.0,-0.610289070817748,-1.7330473255583456e-05,0.8895292282104492,0.21082687377929688,-0.4895514204194509,-0.8141274202666384,1.3790806486298877,1.0249542940459193,0.033336918529357884,0.017918002243736356,0.7972678880882627,0.5893739197364312,-0.4434385299682617,-0.6035614013671875,-1.8225191785981618,-1.6285156954131228,1.3790806486298877,1.0249542940459193,0.033336918529357884,0.017918002243736356,0.7972678880882627,0.5893739197364312,0.2226797550471673,0.2226735473428434,-0.2116535057775586,0.0,-0.2116535057775586,-0.21165973029149399,-0.211646911028172,0.0,-1.7941535987351518,-1.7941493157264947,-1.6182223686677109,0.0,-1.6182223686677109,-1.618204013256065,-1.6182085244659987,0.0,a_to_b,0.22267975504716642,-0.21165350577756126,-1.7941535987351518,-1.6182223686677109,tree,1,2.016833353782319,2.016822863069338,1.4065688628901523,0.0,1.4065688628901523,1.4065442829645711,1.4065616134378267,0.0,,,,,,,,,0.8205105358267943,0.5728937406288066,0.3282070949645991,True,True,1.5023675433234054e-08,0.0,1.7330473255583456e-05,True,0.0,0.0,True,1.0490712980981698e-05,True,6.2077043239128216e-06,4.283008657068876e-06,True,True,4,dog,bark-lex-3,-8.881784197001252e-16,True,1.0,True,3,3,2.016833353782318,1.4065688628901496,8.881784197001252e-16,2.6645352591003757e-15,True,True,True,1.0,ok,True,True,True,True,True,True,55.65068054199219,False,dog,1,0.7825043120189719,1.0,1.0,1.0,1.0,1.0,True,True,True,True,True,True,True,True,bark,0
0.0004027066741978594,0.0005501449674317294,0.0004224852451545917,0.0007146733150145734,0.00017239475040937285,0.00012747815412669615,0.9988826200107875,0.9992774602821588,0.9994500366007186,211,0.01287841796875,True,True,True,-0.5736170948621666,dog,0.5533003846974264,0.5533003459694918,54.500022888183594,54.50002670288086,0.8518546586467769,0.8518547182718461,0.00014743829323386997,1.9778570956732278e-05,-0.0005422785646052006,-0.0005871951608878772,0.0003948402713712662,0.0005674165899310912,-2.5415301246667354e-05,0.037814600800668785,-0.26402729716837037,-0.3018418979690374,0.0,0.037813858408517476,-2.1020934218185516e-05,-0.3712005615234375,-0.9455165863037109,-0.282550461131688,-1.074845006190877,-0.0886501003917779,0.12932841988707366,0.00798120953003443,0.013339848976278108,0.5207487322272399,0.38949736447237737,-1.5216712951660156,-1.6096687316894531,-1.4330211947742661,-1.7389971515766192,-0.0886501003917779,0.12932841988707366,0.00798120953003443,0.013339848976278108,0.5207487322272399,0.38949736447237737,0.31197337930199964,0.3119449383891997,0.047946082133629275,0.0,0.047946082133629275,0.04792268102942998,0.04794476914712931,0.0,-1.4220386285005908,-1.4220416541121441,-1.72388052646963,0.0,-1.72388052646963,-1.723903185181678,-1.7239021179981968,0.0,a_to_b,0.31197337930199875,0.04794608213362839,-1.4220386285005908,-1.7238805264696282,tree,1,1.7340120078025905,1.7339865925013438,1.7718266086032592,0.0,1.7718266086032592,1.771825866211108,1.7718468871453261,0.0,,,,,,,,,0.7804399494519724,0.6252329041662786,0.3909159943076275,True,True,1.3790959638344314e-08,0.0,2.1020934218185516e-05,True,0.0,0.0,True,2.5415301246667354e-05,True,2.844091279996519e-05,3.0256115532978356e-06,True,True,8,dog,bark-lex-3,-8.881784197001252e-16,True,1.0,True,3,3,1.7340120078025896,1.7718266086032566,8.881784197001252e-16,2.6645352591003757e-15,True,True,True,1.0,ok,True,True,True,True,True,True,63.97807693481445,False,dog,1,0.7788589265611512,1.0,1.0,1.0,1.0,1.0,True,True,True,True,True,True,True,True,bark,0
0.0004027066741978594,0.0007738756692888056,0.000573288489296513,0.0007146733150145734,0.00031581262418273225,0.0004905015906754836,0.9988826200107875,0.9989103117065284,0.9989362099200281,347,0.02117919921875,True,True,True,-0.5736170948621666,dog,0.6502846258987628,0.6502846258987628,66.4039535522461,66.4039535522461,0.9241867745827955,0.9241867745827955,0.00037116899509094623,0.00017058181509865356,-0.0003988606908318412,-0.0002241717243390898,2.7691695740905686e-05,5.358990924053675e-05,2.1056382010442576e-05,-0.7403016106546829,-0.3000221649558741,0.4402794456988097,0.0,-0.7403381386139163,-4.3761644162643165e-05,-0.20743942260742188,-0.12075424194335938,0.4085116514634439,0.23938052980157742,-0.615951074070896,-0.36013477174497055,0.005626684030476838,0.006936087891650916,0.5314815976310884,0.49490564011072896,-1.437586784362793,-0.7307462692260742,-0.8216357102919272,-0.37061149748113653,-0.615951074070896,-0.36013477174497055,0.005626684030476838,0.006936087891650916,0.5314815976310884,0.49490564011072896,0.6532027853501514,0.6532324728652235,0.3531806203942782,0.0,0.3531806203942782,0.35317138398684556,0.3531917974228538,0.0,-0.8166764599362324,-0.8166678288031708,-0.37639701423742267,0.0,-0.37639701423742267,-0.37636972268562197,-0.3763930708937764,0.0,a_to_b,0.6532027853501514,0.35318062039427733,-0.8166764599362324,-0.37639701423742267,tree,1,1.4698792452863838,1.4699003016683942,0.7295776346317009,0.0,0.7295776346317009,0.7295411066724675,0.7295848683166302,0.0,,,,,,,,,0.876391334443076,0.48185881619757476,0.23218799834068424,True,True,1.1599807946154663e-08,0.0,4.3761644162643165e-05,True,0.0,0.0,True,2.1056382010442576e-05,True,2.9687515072041037e-05,8.631133061598462e-06,True,True,12,dog,bark-lex-3,-8.881784197001252e-16,True,1.0,True,3,3,1.4698792452863838,0.7295776346317,0.0,8.881784197001252e-16,True,True,True,1.0,ok,True,True,True,True,True,True,71.85122680664062,False,dog,1,0.8922020472019221,1.0,1.0,1.0,1.0,1.0,True,True,True,True,True,True,True,True,bark,0
3.2340664227226205e-05,0.00011872072805674159,8.246795045807132e-05,0.01663952220889945,0.017407915432860768,0.015497891633985834,0.9833281371268734,0.9824733638390825,0.9844196404155561,152,0.00927734375,True,True,True,-6.243210607742166,tree,0.5602366950666056,0.5602366434603728,42.50474548339844,42.50474548339844,0.7637776406224852,0.7637776406224852,8.638006382951539e-05,5.012728623084511e-05,0.0007683932239613174,-0.001141630574913616,-0.0008547732877909331,0.0010915032886826825,1.890419859673642e-05,-0.24814315173126023,-0.3643641733867824,-0.11622102165552217,0.0,-0.2481460990718949,-1.864477732382852e-05,0.8450736999511719,0.9959325790405273,1.3019047357809619,0.9373043892718087,-0.4568310358298149,0.058628189768722194,0.03727560641070232,0.07029698435092613,0.9152480777445339,0.9790226297811593,-0.25925254821777344,0.19202041625976562,0.19757848761201569,0.13339222649104698,-0.4568310358298149,0.058628189768722194,0.03727560641070232,0.07029698435092613,0.9152480777445339,0.9790226297811593,1.3004485191403727,1.300465894362203,0.9360843457535903,0.0,0.9360843457535903,0.9360871185539708,0.9360853299971321,0.0,0.04514429114151497,0.04514276216474844,-0.0710767305140072,0.0,-0.0710767305140072,-0.07107101037299213,-0.07109144370715459,0.0,b_to_a,1.3004485191403727,0.9360843457535903,0.04514429114151586,-0.07107673051400631,dog,1,1.2553042279988578,1.2553231321974545,1.0071610762675975,0.0,1.0071610762675975,1.0071581289269629,1.0071767737042867,0.0,,,,,,,,,0.8409012874882525,0.5451870433790037,0.2972287801318008,True,True,1.4067712170197263e-08,0.0,1.864477732382852e-05,True,0.0,0.0,True,1.890419859673642e-05,True,1.737522183020701e-05,1.5289767665294107e-06,True,True,4,tree,bark-lex-3,0.0,True,1.0,True,3,3,1.2553042279988569,1.0071610762675967,8.881784197001252e-16,8.881784197001252e-16,True,True,True,1.0,ok,True,True,True,True,True,True,55.65068054199219,False,tree,1,0.7749959690618909,1.0,1.0,1.0,1.0,1.0,True,True,True,True,True,True,True,True,bark,0
3.2340664227226205e-05,7.826280360897355e-05,9.247998301021432e-05,0.01663952220889945,0.017009570089289626,0.028370740221882546,0.9833281371268734,0.9829121671071014,0.9715367797951072,124,0.007568359375,True,True,True,-6.243210607742166,tree,0.5533003846974264,0.5533003846974264,54.500022888183594,54.500022888183594,0.8518546586467769,0.8518546586467769,4.592213938174734e-05,6.013931878298811e-05,0.0003700478803901758,0.011731218012983095,-0.0004159700197720051,-0.011791357331766172,3.200723165619479e-06,-0.34466242732282826,0.16691978077989056,0.5115822081027201,0.0,-0.34467336613082544,-9.102258335502711e-06,1.3771123886108398,1.1525869369506836,0.8844809167405874,1.0505307657460747,0.49263147187028267,0.10205617120460886,0.02665867224573736,0.04188056631481526,0.8315706966794554,0.7161841921216928,0.711181640625,0.8686542510986328,0.21855016875474842,0.7665980798940235,0.49263147187028267,0.10205617120460886,0.02665867224573736,0.04188056631481526,0.8315706966794554,0.7161841921216928,0.8837470476177671,0.8837707944581865,1.0506668283976595,0.0,1.0506668283976595,1.0506820132892347,1.050683587782249,0.0,0.021995410516778335,0.022015956634032108,0.5335776186194989,0.0,0.5335776186194989,0.5336037423190714,0.5335962145537501,0.0,b_to_a,0.8837470476177689,1.0506668283976595,0.021995410516779224,0.5335776186194994,dog,1,0.8617516371009888,0.8617548378241544,0.5170892097781605,0.0,0.5170892097781605,0.5170782709701633,0.5170873732284988,0.0,,,,,,,,,0.7475829499522555,0.6653684823145696,0.4427152074798678,True,True,1.259841240183147e-08,0.0,9.102258335502711e-06,True,0.0,0.0,True,3.200723165619479e-06,True,2.37468404193919e-05,2.0546117253772422e-05,True,True,8,tree,bark-lex-3,0.0,True,1.0,True,3,3,0.8617516371009897,0.5170892097781601,-8.881784197001252e-16,4.440892098500626e-16,True,True,True,1.0,ok,True,True,True,True,True,True,63.97807693481445,False,tree,1,0.7076409440022438,1.0,1.0,1.0,1.0,1.0,True,True,True,True,True,True,True,True,bark,0
3.2340664227226205e-05,5.748446610988333e-05,0.00014136497168120677,0.01663952220889945,0.01583857928669266,0.019874708324646273,0.9833281371268734,0.9841039362471975,0.9799839267036725,271,0.01654052734375,True,True,True,-6.243210607742166,tree,0.6502846258987628,0.6502846258987628,66.4039535522461,66.4039535522461,0.9241867745827955,0.9241867745827955,2.5143801882657124e-05,0.00010902430745398056,-0.000800942922206789,0.003235186115746823,0.0007757991203241055,-0.0033442104232008774,2.6272809168226274e-05,0.6728309469763518,0.8998302410524825,0.2269992940761325,0.0,0.672826749437542,-9.55854091255759e-06,0.6697683334350586,1.2135295867919922,0.5750418868173615,1.4743031513123803,0.09472644661773799,-0.26077356452040235,0.01591867287205989,0.043896147203996934,0.7238352094731965,0.8683060895805687,0.19753265380859375,0.025346755981445312,0.10280620719089661,0.28612032050183256,0.09472644661773799,-0.26077356452040235,0.01591867287205989,0.043896147203996934,0.7238352094731965,0.8683060895805687,0.5751893638809396,0.5752116339581388,1.4750196049334239,0.0,1.4750196049334239,1.4750134982401946,1.4750176221844935,0.0,-0.04933203070625858,-0.04933603343822757,0.17766726336987393,0.0,0.17766726336987393,0.17766535421545449,0.17765991961884087,0.0,b_to_a,0.5751893638809396,1.475019604933422,-0.04933203070625858,0.17766726336987393,dog,1,0.6245213945871981,0.6245476673963664,1.29735234156355,0.0,1.29735234156355,1.29734814402474,1.2973577025656526,0.0,,,,,,,,,0.8774743133358305,0.4799723895512713,0.23037358765548102,True,True,1.126511266587054e-08,0.0,9.55854091255759e-06,True,0.0,0.0,True,2.6272809168226274e-05,True,2.2270077199237903e-05,4.002731968988371e-06,True,True,12,tree,bark-lex-3,0.0,True,1.0,True,3,3,0.6245213945871981,1.2973523415635482,0.0,1.7763568394002505e-15,True,True,True,1.0,ok,True,True,True,True,True,True,71.85122680664062,False,tree,1,0.8591941962614946,1.0,1.0,1.0,1.0,1.0,True,True,True,True,True,True,True,True,bark,0
0.0006101878802096884,0.0005086653163195766,0.0006516265330769995,0.0004184371494285597,0.00031251277680829437,0.00035319071579950536,0.9989713749703617,0.9991788219068721,0.9989951827511234,167,0.01019287109375,True,True,True,0.3772402120143603,bird,0.5080625340995525,0.5080625933231975,32.725189208984375,32.72518539428711,0.7173875012669059,0.7173874176427556,-0.00010152256389011185,4.143865286731108e-05,-0.00010592437262026534,-6.524643362905435e-05,0.00020744693651042478,2.3807780761719854e-05,-5.677215204613617e-06,0.12531849899195713,0.247681327290719,0.1223628282987601,0.0,0.12530512161673002,-1.550874259415025e-05,-0.20582008361816406,0.2715301513671875,-0.18454381610453474,0.0686043083508956,-0.021276267513613334,0.20292584301631322,0.0574709649088111,0.04721425424925621,0.3170238144108588,0.3263793916493331,-0.19130802154541016,0.13747501373291016,-0.17003175403178084,-0.06545082928338175,-0.021276267513613334,0.20292584301631322,0.0574709649088111,0.04721425424925621,0.3170238144108588,0.3263793916493331,-0.1819766415957016,-0.18197491578036207,0.06570468569501564,0.0,0.06570468569501564,0.06568691455568221,0.06570010972463969,0.0,-0.2918813439471819,-0.29187394091663776,-0.1695185156484218,0.0,-0.1695185156484218,-0.16952290941252812,-0.1695252229861648,0.0,a_to_b,-0.18197664159570248,0.06570468569501653,-0.2918813439471819,-0.1695185156484218,bird,1,0.10990470235148031,0.1098990251362757,0.23522320134343744,0.0,0.23522320134343744,0.23520982396821033,0.23522533271080448,0.0,,,,,,,,,0.8698012882037991,0.4955392881426451,0.2455592295678442,True,True,9.710823869046187e-09,0.0,1.550874259415025e-05,True,0.0,0.0,True,5.677215204613617e-06,True,1.7258153395260933e-06,7.40303054413971e-06,True,True,4,machine,crane-lex-0,0.0,True,1.0,True,3,3,0.10990470235147942,0.23522320134343833,8.881784197001252e-16,-8.881784197001252e-16,True,True,True,1.0,ok,True,True,True,True,True,True,45.61717224121094,False,machine,1,0.8238276488103465,1.0,1.0,1.0,1.0,1.0,True,True,True,True,True,True,True,True,crane,0
0.0006101878802096884,0.000753146063945597,0.0007319261213504578,0.0004184371494285597,0.00030701239720201044,0.000438795473292939,0.9989713749703617,0.9989398415388524,0.9988292784053566,114,0.0069580078125,True,True,True,0.3772402120143603,bird,0.5039975977028304,0.5039975977028304,33.34305953979492,33.34305953979492,0.7546800971958918,0.7546800971958918,0.00014295818373590854,0.00012173824114076939,-0.00011142475222654927,2.0358323864379268e-05,-3.153343150930077e-05,-0.00014209656500507872,1.2670727731034503e-05,-0.38572488696643425,-0.028579603261380093,0.35714528370505505,0.0,-0.3857281994703783,-3.0869964469104616e-06,0.11614322662353516,0.5189943313598633,0.2116223904255996,0.1790997717746743,-0.09547916380204668,0.33989455958520054,0.027377712513497666,0.019698550420074804,0.43378297353604045,0.3948590806913077,-0.3308229446411133,0.05736064910888672,-0.23534378083904883,-0.2825339104763014,-0.09547916380204668,0.33989455958520054,0.027377712513497666,0.019698550420074804,0.43378297353604045,0.3948590806913077,0.210492274923606,0.21051198664651238,0.1819126716622268,0.0,0.1819126716622268,0.18192883474100974,0.18192117250994677,0.0,-0.30963856953699676,-0.3096315285418214,0.047506714168058295,0.0,0.047506714168058295,0.047526189750785264,0.04751544052327539,0.0,a_to_b,0.2104922749236069,0.1819126716622268,-0.30963856953699676,0.047506714168058295,bird,1,0.5201308444606028,0.5201435151883338,0.1344059574941685,0.0,0.1344059574941685,0.13440264499022447,0.13440573198667138,0.0,,,,,,,,,0.8312028768770202,0.5564791494928124,0.3096691751554542,True,True,1.0133831010200749e-08,0.0,3.0869964469104616e-06,True,0.0,0.0,True,1.2670727731034503e-05,True,1.9711722906379237e-05,7.040995175344733e-06,True,True,8,machine,crane-lex-0,0.0,True,1.0,True,3,3,0.5201308444606036,0.1344059574941685,-8.881784197001252e-16,0.0,True,True,True,1.0,ok,True,True,True,True,True,True,44.18171310424805,False,machine,1,0.8073819070259906,1.0,1.0,1.0,1.0,1.0,True,True,True,True,True,True,True,True,crane,0
0.0006101878802096884,0.0007255096851341427,0.0009418024848661462,0.0004184371494285597,0.00033691771631966043,0.00043725259595676306,0.9989713749703617,0.9989375725985462,0.9986209449191771,234,0.0142822265625,True,True,True,0.3772402120143603,bird,0.6053035983348831,0.6053035983348831,48.440982818603516,48.440982818603516,0.8550298780402817,0.8550298780402817,0.00011532180492445428,0.00033161460465645776,-8.151943310889928e-05,1.8815446528203344e-05,-3.38023718154945e-05,-0.0003504300511846248,5.436120037671799e-06,0.0002488388205694747,0.26092115439406793,0.2606723155735011,0.0,0.0002570635207295169,7.050216119353081e-06,0.30983448028564453,0.4836006164550781,0.17609067891472474,0.43944797122598,0.13374380137094377,0.04415264522911144,0.070763291796808,0.033883428047687264,0.3990991645533014,0.346335479457617,0.12336254119873047,0.17332744598388672,-0.010381260172188433,0.1291748007547877,0.13374380137094377,0.04415264522911144,0.070763291796808,0.033883428047687264,0.3990991645533014,0.346335479457617,0.17310751174549033,0.17310896630761263,0.43402866613955915,0.0,0.43402866613955915,0.4340163860974755,0.4340163494042759,0.0,-0.21668796275875835,-0.2166919443166737,0.043984352814741,0.0,0.043984352814741,0.043963848072497314,0.04397086159541708,0.0,a_to_b,0.17310751174549122,0.43402866613955915,-0.21668796275875835,0.04398435281474278,bird,1,0.3897954745042487,0.38980091062428635,0.39004431332481815,0.0,0.39004431332481815,0.3900525380249782,0.39004548780885884,0.0,,,,,,,,,0.9019961921162636,0.43175752175914783,0.18641455390858844,True,True,8.955696583767466e-09,0.0,7.050216119353081e-06,True,0.0,0.0,True,5.436120037671799e-06,True,1.454562122304992e-06,3.981557915366807e-06,True,True,12,machine,crane-lex-0,0.0,True,1.0,True,3,3,0.38979547450424956,0.39004431332481637,-8.881784197001252e-16,1.7763568394002505e-15,True,True,True,1.0,ok,True,True,True,True,True,True,56.65414047241211,False,machine,1,0.898578203453596,1.0,1.0,1.0,1.0,1.0,True,True,True,True,True,True,True,True,crane,0
7.71502168761585e-06,7.989964804769159e-06,9.640061821543333e-06,0.0018344448747424414,0.0015258825015386026,0.0018559919374361432,0.9981578401035699,0.9984661275336566,0.9981343680007423,187,0.01141357421875,True,True,True,-5.471327897235266,bird,0.5080625340995525,0.5080625933231975,32.725189208984375,32.72518539428711,0.7173875012669059,0.7173874176427556,2.7494311715330886e-07,1.9250401339274833e-06,-0.0003085623732038388,2.154706269370181e-05,0.00030828743008670667,-2.3472102827604147e-05,-6.115650054816513e-06,-0.008105191317536509,0.18774116676656938,0.195846358084105,0.0,-0.008100178520321855,1.1893028045051324e-05,0.1458568572998047,0.012903213500976562,0.06773241166228772,0.26232052975171527,0.07812444563752763,-0.24941731625068186,0.001479482302047936,0.0006680621135302927,0.16906732240619687,0.19309300617080724,-0.10614776611328125,-0.2377471923828125,-0.18427221175079822,0.011670123867926208,0.07812444563752763,-0.24941731625068186,0.001479482302047936,0.0006680621135302927,0.16906732240619687,0.19309300617080724,0.0350170579499931,0.035020346167630834,0.2227582247165607,0.0,0.2227582247165607,0.22278282477611988,0.22276734405747156,0.0,-0.18416898294496065,-0.1841595790772681,0.011677375139143464,0.0,0.011677375139143464,0.011696962401487987,0.011693374710884719,0.0,b_to_a,0.035017057949991326,0.2227582247165607,-0.18416898294496065,0.011677375139144353,machine,1,0.21918604089495375,0.21917992524489893,0.21108084957741724,0.0,0.21108084957741724,0.2110858623746319,0.21107396934658684,0.0,,,,,,,,,0.8683303210582435,0.4977013865690755,0.24770672736208987,True,True,1.0973457912413978e-08,0.0,1.1893028045051324e-05,True,0.0,0.0,True,6.115650054816513e-06,True,3.28821763773135e-06,9.403867692547863e-06,True,True,4,bird,crane-lex-0,8.881784197001252e-16,True,1.0,True,3,3,0.21918604089495197,0.21108084957741635,1.7763568394002505e-15,8.881784197001252e-16,True,True,True,1.0,ok,True,True,True,True,True,True,45.61717224121094,False,bird,1,0.82704810315909,1.0,1.0,1.0,1.0,1.0,True,True,True,True,True,True,True,True,crane,0
7.71502168761585e-06,1.0168196082120686e-05,1.1108612640637847e-05,0.0018344448747424414,0.0020657437207450445,0.0023247283326450355,0.9981578401035699,0.9979240880831728,0.9976641630547143,113,0.00689697265625,True,True,True,-5.471327897235266,bird,0.5039975977028304,0.5039975977028304,33.34305953979492,33.34305953979492,0.7546800971958918,0.7546800971958918,2.4531743945048356e-06,3.393590953021997e-06,0.00023129884600260305,0.0004902834579025941,-0.0002337520203971044,-0.0004936770488556119,4.402375157752658e-07,-0.02965696605513557,0.08845590308584761,0.11811286914098318,0.0,-0.029675453979104205,-1.0552888492831869e-05,0.38623619079589844,0.21636009216308594,0.3154224207142846,0.39972995850080295,0.07081377008163514,-0.1833698663376886,0.0019484956682803865,0.0041389718095901605,0.27713299492369114,0.26709289776724365,0.18936634063720703,0.05364036560058594,0.11855257055559232,0.23701023193830295,0.07081377008163514,-0.1833698663376886,0.0019484956682803865,0.0041389718095901605,0.27713299492369114,0.26709289776724365,0.27609552102960677,0.2760911960540451,0.3645514241154544,0.0,0.3645514241154544,0.3645338764538,0.36452771387962457,0.0,0.11874840173548495,0.11874363652240749,0.23686127087646813,0.0,0.23686127087646813,0.23686221113878236,0.23684549567611413,0.0,b_to_a,0.27609552102960677,0.3645514241154544,0.11874840173548495,0.23686127087646813,machine,1,0.15734711929412182,0.1573475595316376,0.12769015323898625,0.0,0.12769015323898625,0.1276716653150176,0.12768221820351044,0.0,,,,,,,,,0.809654006837806,0.5869219939832768,0.3444774984258512,True,True,9.829557891318479e-09,0.0,1.0552888492831869e-05,True,0.0,0.0,True,4.402375157752658e-07,True,4.324975561686983e-06,4.765213077462249e-06,True,True,8,bird,crane-lex-0,8.881784197001252e-16,True,1.0,True,3,3,0.15734711929412182,0.12769015323898625,0.0,0.0,True,True,True,1.0,ok,True,True,True,True,True,True,44.18171310424805,False,bird,1,0.8137900341542323,1.0,1.0,1.0,1.0,1.0,True,True,True,True,True,True,True,True,crane,0
7.71502168761585e-06,9.674047535503709e-06,7.5825230556844375e-06,0.0018344448747424414,0.0019573113224101548,0.0017848006835628747,0.9981578401035699,0.9980330146300543,0.9982076167933814,260,0.015869140625,True,True,True,-5.471327897235266,bird,0.6053035983348831,0.6053035983348831,48.440982818603516,48.440982818603516,0.8550298780402817,0.8550298780402817,1.9590258478878587e-06,-1.3249863193141248e-07,0.00012286644766771335,-4.96441911795667e-05,-0.00012482547351555517,4.9776689811542596e-05,3.1565433378233365e-06,-0.15133577681600663,-0.2436007869068071,-0.09226501009080224,0.0,-0.15132039801851516,-6.205406943848857e-07,0.23447322845458984,0.032340049743652344,0.2583507465463626,0.018908327753964116,-0.023877518091723005,0.013431721989690004,0.0016664703374712965,0.0017091035974198636,0.2844702896919793,0.20151831307110166,0.04059410095214844,-0.014019012451171875,0.06447161904392207,-0.027450734440859215,-0.023877518091723005,0.013431721989690004,0.0016664703374712965,0.0017091035974198636,0.2844702896919793,0.20151831307110166,0.2262774912184593,0.2262788834357199,-0.01732329568834956,0.0,-0.01732329568834956,-0.017317221598872834,-0.01732714055658313,0.0,0.06482984205658937,0.06482807773051213,-0.027435168034212865,0.0,-0.027435168034212865,-0.02744447274222761,-0.027455012240632293,0.0,b_to_a,0.2262774912184593,-0.017323295688347784,0.06482984205658848,-0.027435168034213753,machine,1,0.16144764916186993,0.16145080570520776,0.010111872345863304,0.0,0.010111872345863304,0.010127251143354776,0.010127871684049161,0.0,,,,,,,,,0.8953287899143284,0.44552014063278805,0.19848819016541,True,True,1.0009526040649228e-08,0.0,6.205406943848857e-07,True,0.0,0.0,True,3.1565433378233365e-06,True,1.3922172605873584e-06,1.7643260772359781e-06,True,True,12,bird,crane-lex-0,8.881784197001252e-16,True,1.0,True,3,3,0.16144764916187082,0.010111872345865969,-8.881784197001252e-16,-2.6645352591003757e-15,True,True,True,1.0,ok,True,True,True,True,True,True,56.65414047241211,False,bird,1,0.9054247851240392,1.0,1.0,1.0,1.0,1.0,True,True,True,True,True,True,True,True,crane,0
2.4162783325941055e-05,3.151035438204677e-05,2.1928478476258154e-05,4.63482085358365e-06,3.909053615785737e-06,2.9301341149869297e-06,0.9999712023958205,0.9999645805920021,0.9999751413874087,168,0.01025390625,True,True,True,1.651216022839602,bird,0.47707717361817653,0.477077116763022,27.83026695251465,27.83026695251465,0.7214803844974733,0.7214803844974733,7.347571056105712e-06,-2.234304849682901e-06,-7.25767237797913e-07,-1.7046867385967202e-06,-6.621803818385175e-06,3.938991588237073e-06,6.302409545355658e-06,-0.07428291557668665,-0.36253002326403205,-0.28824710768734363,0.0,-0.07424316894654304,2.7943162701049573e-05,0.2829256057739258,0.2783021926879883,0.26781565122225004,-0.09615023906797404,0.015109954551643767,0.37445243175596943,0.019353653906671205,0.00922745904762742,0.29644037906901055,0.22191067748364135,-0.1749277114868164,-0.16422653198242188,-0.19003766603849215,-0.5386789637383842,0.015109954551643767,0.37445243175596943,0.019353653906671205,0.00922745904762742,0.29644037906901055,0.22191067748364135,0.26550263203983704,0.26550416303295066,-0.09702739122419679,0.0,-0.09702739122419679,-0.09698723917694352,-0.09701644674930598,0.0,-0.17030224477799294,-0.17030701619442468,-0.4585493524653401,0.0,-0.4585493524653401,-0.45854894704823046,-0.4585502114578919,0.0,a_to_b,0.26550263203983704,-0.09702739122419501,-0.17030224477799472,-0.45854935246533834,bird,1,0.43580487681783,0.43581117922737533,0.36152196124114333,0.0,0.36152196124114333,0.36156170787128694,0.3615337647085859,0.0,,,,,,,,,0.8517435364442338,0.5289021587920901,0.27973743839324283,True,True,8.99277704080612e-09,0.0,2.7943162701049573e-05,True,0.0,0.0,True,6.302409545355658e-06,True,1.530993113618706e-06,4.771416431736952e-06,True,True,4,machine,crane-lex-1,1.7763568394002505e-15,True,1.0,True,3,3,0.43580487681783175,0.36152196124114333,-1.7763568394002505e-15,0.0,True,True,True,1.0,ok,True,True,True,True,True,True,38.57383728027344,False,machine,1,0.7796034363532479,1.0,1.0,1.0,1.0,1.0,True,True,True,True,True,True,True,True,crane,0
2.4162783325941055e-05,2.8249006675501908e-05,2.904194198362989e-05,4.63482085358365e-06,4.805985974506707e-06,3.480420811379839e-06,0.9999712023958205,0.99996694500735,0.9999674776372051,121,0.00738525390625,True,True,True,1.651216022839602,bird,0.41091576254981005,0.41091573563069894,30.64746856689453,30.64746856689453,0.8285140290147232,0.8285140290147232,4.0862233495608525e-06,4.879158657688836e-06,1.7116512092305738e-07,-1.1544000422038108e-06,-4.257388470541024e-06,-3.7247586154309786e-06,-2.326076822711798e-06,0.3503917750841783,0.02768276539012504,-0.32270900969405325,0.0,0.3503944281351181,1.0581813940646612e-05,0.04453086853027344,0.3533964157104492,0.1566769416116962,0.18433826302736023,-0.1121460730814583,0.16905815268305702,0.005680361530759626,0.01151379887775971,0.21154079410345314,0.2209930360754017,-0.17337703704833984,-0.17237567901611328,-0.061230963966917074,-0.3414338316992023,-0.1121460730814583,0.16905815268305702,0.005680361530759626,0.01151379887775971,0.21154079410345314,0.2209930360754017,0.1562447247256742,0.1562422084994548,0.18392749011579745,0.0,0.18392749011579745,0.18395127884049245,0.18391189836278166,0.0,0.03626467150031942,0.03626448135092275,-0.2864443381937356,0.0,-0.2864443381937356,-0.28642320251998044,-0.2864520011837506,0.0,a_to_b,0.1562447247256742,0.18392749011579923,0.03626467150031765,-0.2864443381937356,bird,1,0.11998005322535477,0.11997772714853205,0.47037182830953306,0.0,0.47037182830953306,0.4703744813604729,0.47036389954653224,0.0,,,,,,,,,0.7793197888804378,0.6267352638870375,0.3927969463627821,True,True,7.346363173273697e-09,0.0,1.0581813940646612e-05,True,0.0,0.0,True,2.326076822711798e-06,True,2.516226219384521e-06,1.9014939667272301e-07,True,True,8,machine,crane-lex-1,1.7763568394002505e-15,True,1.0,True,3,3,0.11998005322535654,0.47037182830953483,-1.7763568394002505e-15,-1.7763568394002505e-15,True,True,True,1.0,ok,True,True,True,True,True,True,36.99088668823242,False,machine,1,0.7676544043239895,1.0,1.0,1.0,1.0,1.0,True,True,True,True,True,True,True,True,crane,0
2.4162783325941055e-05,2.8774342862470636e-05,3.152178805401956e-05,4.63482085358365e-06,4.021719276667472e-06,4.763032631568949e-06,0.9999712023958205,0.9999672039378608,0.9999637151793145,313,0.01910400390625,True,True,True,1.651216022839602,bird,0.604242786421769,0.604242786421769,48.62376022338867,48.62376022338867,0.9142681738603519,0.9142681738603519,4.611559536529581e-06,7.359004728078506e-06,-6.131015769161778e-07,1.2821177798529895e-07,-3.99845795973075e-06,-7.487216506008032e-06,-6.531481632876535e-06,-0.07798020714946574,0.09119487373489399,0.16917508088435973,0.0,-0.07799283326384376,-2.5277990250316407e-05,0.17480850219726562,0.3592243194580078,0.17691405095671264,0.2660104330909956,-0.002105548759452347,0.09321388636696781,0.005993025588065548,0.004966846396633364,0.2148545420804514,0.24850665495269986,-0.2556133270263672,-0.05013322830200195,-0.25350777826692017,-0.14334711466901418,-0.002105548759452347,0.09321388636696781,0.005993025588065548,0.004966846396633364,0.2148545420804514,0.24850665495269986,0.17467054692853523,0.17467764054466706,0.26586542066342744,0.0,0.26586542066342744,0.2658532466435677,0.2658744992448252,0.0,-0.14188805551521,-0.1418744304174453,0.027287025369147955,0.0,0.027287025369147955,0.02728747746366622,0.02728345207467342,0.0,a_to_b,0.17467054692853523,0.2658654206634292,-0.14188805551521178,0.027287025369147955,bird,1,0.31655860244374523,0.31655207096211235,0.2385783952942795,0.0,0.2385783952942795,0.23856576917990147,0.23859104717015178,0.0,,,,,,,,,0.8920256764116917,0.45259590728058996,0.2048430541096565,True,True,8.812489258883922e-09,0.0,2.5277990250316407e-05,True,0.0,0.0,True,6.531481632876535e-06,True,7.093616131825797e-06,1.3625097764702332e-05,True,True,12,machine,crane-lex-1,1.7763568394002505e-15,True,1.0,True,3,3,0.316558602443747,0.23857839529428126,-1.7763568394002505e-15,-1.7763568394002505e-15,True,True,True,1.0,ok,True,True,True,True,True,True,53.183258056640625,False,machine,1,0.9155423794701586,1.0,1.0,1.0,1.0,1.0,True,True,True,True,True,True,True,True,crane,0
2.3314051539210088e-06,3.725018005835343e-06,3.9098935439254e-06,0.0010942007813412276,0.0014315284062161667,0.0012393002206789877,0.9989034678135048,0.998564746575778,0.9987567898857771,177,0.01080322265625,True,True,True,-6.151308339548674,bird,0.47707717361817653,0.47707717361817653,27.83026695251465,27.83026695251465,0.7214803844974733,0.7214803844974733,1.3936128519143342e-06,1.5784883900043913e-06,0.000337327624874939,0.00014509943933776006,-0.0003387212377268245,-0.00014667792772771193,1.5059818817775295e-05,0.19263426828275332,0.048438461407938505,-0.1441958068748166,0.0,0.19264070792616028,3.8499420161208775e-05,0.7675619125366211,0.8893527984619141,0.46546076513397594,0.5233151491159074,0.30210114740270555,0.3660376493460369,0.002570450007697846,0.0012012391185961388,0.4172776936787186,0.32432279106550027,0.5718250274658203,0.4912395477294922,0.26972388006317427,0.1252018983834864,0.30210114740270555,0.3660376493460369,0.002570450007697846,0.0012012391185961388,0.4172776936787186,0.32432279106550027,0.4686005294450126,0.46862934288822444,0.5170389908529494,0.0,0.5170389908529494,0.5170451967173495,0.5169980564928078,0.0,0.26871847230827406,0.2687322259326681,0.12452266543345747,0.0,0.12452266543345747,0.12452243165445065,0.1245137908500702,0.0,b_to_a,0.4686005294450144,0.5170389908529529,0.26871847230827495,0.12452266543345836,machine,1,0.19988205713673857,0.19989711695555634,0.3925163254194919,0.0,0.3925163254194919,0.39252276506289885,0.39248426564273764,0.0,,,,,,,,,0.8742283741054819,0.48775467658190924,0.2379046630426767,True,True,9.884664968092199e-09,0.0,3.8499420161208775e-05,True,0.0,0.0,True,1.5059818817775295e-05,True,2.8813443211817003e-05,1.3753624394041708e-05,True,True,4,bird,crane-lex-1,1.7763568394002505e-15,True,1.0,True,3,3,0.19988205713673945,0.39251632541949455,-8.881784197001252e-16,-2.6645352591003757e-15,True,True,True,1.0,ok,True,True,True,True,True,True,38.57383728027344,False,bird,1,0.8275371418018308,1.0,1.0,1.0,1.0,1.0,True,True,True,True,True,True,True,True,crane,0
2.3314051539210088e-06,3.0299266467792007e-06,3.4987552121765365e-06,0.0010942007813412276,0.0016136703636380973,0.0012686583176234828,0.9989034678135048,0.9983832997097151,0.9987278429271643,123,0.00750732421875,True,True,True,-6.151308339548674,bird,0.41091576254981005,0.4109157867774788,30.64746856689453,30.647464752197266,0.8285140290147232,0.8285139258893967,6.98521492858192e-07,1.1673500582555277e-06,0.0005194695822968696,0.0001744575362822552,-0.0005201681037897421,-0.00017562488634048634,5.553335394203884e-06,0.38442025542667135,0.1438688413272846,-0.24055141409938674,0.0,0.38444049681357395,9.722609959794681e-06,0.4920673370361328,0.5235528945922852,0.257853706052412,0.4092563080013427,0.2342136309837386,0.11429658659098152,0.0023052417660046395,0.0006623968610028159,0.2791447548422197,0.20341764051784592,0.6235599517822266,0.2629547119140625,0.3893463207985066,0.14865812532311917,0.2342136309837386,0.11429658659098152,0.0023052417660046395,0.0006623968610028159,0.2791447548422197,0.20341764051784592,0.2620672540883451,0.2620743268760961,0.4059360954156297,0.0,0.4059360954156297,0.40593920647359916,0.4059319799565646,0.0,0.3884870966020202,0.388488616054377,0.14793568250263345,0.0,0.14793568250263345,0.1479185521737003,0.14792104826662555,0.0,b_to_a,0.26206725408834686,0.40593609541563147,0.3884870966020211,0.14793568250263434,machine,1,-0.1264198425136751,-0.1264142891782809,0.25800041291299625,0.0,0.25800041291299625,0.25802065429989884,0.25801093168993905,0.0,,,,,,,,,0.8014761078535297,0.5980325779877027,0.3576430190682132,True,True,7.398488140561013e-09,0.0,9.722609959794681e-06,True,0.0,0.0,True,5.553335394203884e-06,True,7.072787751027931e-06,1.519452356824047e-06,True,True,8,bird,crane-lex-1,1.7763568394002505e-15,True,1.0,True,3,3,-0.12641984251367422,0.25800041291299713,-8.881784197001252e-16,-8.881784197001252e-16,True,True,True,1.0,ok,True,True,True,True,True,True,36.99088668823242,False,bird,1,0.7988053094277008,1.0,0.0,1.0,0.0,1.0,True,True,True,True,True,True,True,True,crane,0
2.3314051539210088e-06,3.011569527078637e-06,3.297645449300178e-06,0.0010942007813412276,0.001228327886488312,0.0015166161836644787,0.9989034678135048,0.9987686605439846,0.9984800861708862,285,0.01739501953125,True,True,True,-6.151308339548674,bird,0.604242786421769,0.604242786421769,48.62376022338867,48.62376022338867,0.9142681738603519,0.9142681738603519,6.801643731576283e-07,9.662402953791691e-07,0.00013412710514708434,0.0004224154023232511,-0.0001348072695201985,-0.0004233816426185699,-1.2888087939089132e-05,-0.12008052244850109,0.09074733317083883,0.2108278556193417,0.0,-0.12005141993211499,4.526500738677441e-06,0.2247467041015625,0.17024707794189453,0.25650698287869034,0.34730263613915824,-0.031760278777110074,-0.1770555581972566,0.0008966670193889311,0.0023560044070415793,0.19324374784848578,0.1852198163925046,0.08435249328613281,0.1501178741455078,0.11611277206326154,0.3271734323427724,-0.031760278777110074,-0.1770555581972566,0.0008966670193889311,0.0023560044070415793,0.19324374784848578,0.1852198163925046,0.25599022427098106,0.25597738229210343,0.34673755744182166,0.0,0.34673755744182166,0.3467533839399888,0.3467483702716194,0.0,0.1156295859028198,0.11562963201188126,0.3264574415221615,0.0,0.3264574415221615,0.3264441655039425,0.3264436783363118,0.0,b_to_a,0.2559902242709846,0.34673755744182344,0.11562958590282069,0.3264574415221624,machine,1,0.14036063836816126,0.14034775028022217,0.02028011591966017,0.0,0.02028011591966017,0.020309218436046272,0.020304691935307595,0.0,,,,,,,,,0.8933638121830852,0.4493954569840394,0.20195620974726367,True,True,7.80049769807085e-09,0.0,4.526500738677441e-06,True,0.0,0.0,True,1.2888087939089132e-05,True,1.2841978877631277e-05,4.6109061457855205e-08,True,True,12,bird,crane-lex-1,1.7763568394002505e-15,True,1.0,True,3,3,0.14036063836816393,0.020280115919661057,-2.6645352591003757e-15,-8.881784197001252e-16,True,True,True,1.0,ok,True,True,True,True,True,True,53.183258056640625,False,bird,1,0.9007972045776517,1.0,1.0,1.0,1.0,1.0,True,True,True,True,True,True,True,True,crane,0
0.000925226122026634,0.0014788565080806827,0.0011341141478715473,6.676440679749581e-05,0.00012195243634363515,7.647269003937762e-05,0.9990080094711759,0.9983991910555757,0.998789413162089,174,0.0106201171875,True,True,True,2.628868057718707,bird,0.5313041333629573,0.5313040762399485,35.48069763183594,35.4807014465332,0.7405300895096112,0.7405301691274963,0.0005536303860540487,0.0002088880258449133,5.518802954613934e-05,9.708283241881808e-06,-0.0006088184156001208,-0.00021859630908682703,-1.5199954903621915e-05,0.201280118803715,-0.26541729973021866,-0.46669741853393276,0.0,0.2012803363498321,7.801243784300027e-07,0.4503040313720703,-0.10654163360595703,0.4677337855054713,0.20284891217597067,-0.01742975413336012,-0.3093905457819126,0.04489844078938789,0.03211188511225241,0.3472770683020993,0.24219120676291508,0.4175386428833008,-0.22394704818725586,0.43496839701670176,0.08544349759467096,-0.01742975413336012,-0.3093905457819126,0.04489844078938789,0.03211188511225241,0.3472770683020993,0.24219120676291508,0.4689862745679303,0.4689693604308083,0.20356897483771252,0.0,0.20356897483771252,0.20357486299073813,0.20357352343116997,0.0,0.6024609965157879,0.6024592823335695,0.13576357798185512,0.0,0.13576357798185512,0.1357692485887636,0.13576868915357387,0.0,a_to_b,0.46898627456793207,0.2035689748377134,0.6024609965157897,0.1357635779818569,bird,1,-0.1334747219478576,-0.1334899219027612,0.0678053968558574,0.0,0.0678053968558574,0.06780561440197452,0.0678048342775961,0.0,,,,,,,,,0.8402815659963672,0.5439121497629908,0.2958403083427377,True,True,1.0512311873064642e-08,0.0,7.801243784300027e-07,True,0.0,0.0,True,1.5199954903621915e-05,True,1.691413712201495e-05,1.7141822183930344e-06,True,True,4,machine,crane-lex-2,0.0,True,1.0,True,3,3,-0.1334747219478576,0.06780539685585651,0.0,8.881784197001252e-16,True,True,True,1.0,ok,True,True,True,True,True,True,47.912567138671875,False,machine,1,0.796536775483641,1.0,0.0,1.0,0.0,1.0,True,True,True,True,True,True,True,True,crane,0
0.000925226122026634,0.001302581118963093,0.002465912904033821,6.676440679749581e-05,9.568525254953471e-05,0.0002279482635178022,0.9990080094711759,0.9986017336284874,0.9973061388324483,111,0.00677490234375,True,True,True,2.628868057718707,bird,0.5629841650619096,0.5629841650619096,36.02260971069336,36.02260971069336,0.7947541122129455,0.7947541122129455,0.00037735499693645894,0.0015406867820071872,2.8920845752038906e-05,0.0001611838567203064,-0.00040627584268848604,-0.0017018706387275095,2.1116376425212025e-05,-0.22984018980950793,0.6382143132570164,0.8680545030665225,0.0,-0.2298258874196799,-1.2171773546398867e-05,0.719395637512207,1.4438467025756836,0.34194003012270624,0.9788797150388744,0.37745560738951767,0.464966987536819,0.031065126609524513,0.0827890369236355,0.4833899027695883,0.6082183310661625,0.402646541595459,1.2446722984313965,0.02519093420595908,0.7797053108945882,0.37745560738951767,0.464966987536819,0.031065126609524513,0.0827890369236355,0.4833899027695883,0.6082183310661625,0.34206488723959794,0.3420717725797946,0.9802792004966143,0.0,0.9802792004966143,0.9802808147714908,0.9802845439441237,0.0,0.35989407957917763,0.3598798485429491,1.227948582645702,0.0,1.227948582645702,1.2279358945307504,1.2279274519298369,0.0,a_to_b,0.3420648872395988,0.9802792004966152,0.35989407957917763,1.2279485826457002,bird,1,-0.01782919233957969,-0.01780807596315448,-0.24766938214908762,0.0,-0.24766938214908762,-0.2476550797592596,-0.2476429079857132,0.0,,,,,,,,,0.8022801893817335,0.5979591016585684,0.3575552471158775,True,True,1.2125059787884742e-08,0.0,1.2171773546398867e-05,True,0.0,0.0,True,2.1116376425212025e-05,True,6.88534019666065e-06,1.4231036228551375e-05,True,True,8,machine,crane-lex-2,0.0,True,1.0,True,3,3,-0.017829192339578803,-0.24766938214908496,-8.881784197001252e-16,-2.6645352591003757e-15,True,True,True,1.0,ok,True,True,True,True,True,True,45.325477600097656,False,machine,1,0.7675091135906719,1.0,1.0,1.0,1.0,1.0,True,True,True,True,True,True,True,True,crane,0
0.000925226122026634,0.0013350160403588882,0.001477643526136243,6.676440679749581e-05,0.0001054367794180297,0.00015086088868514614,0.9990080094711759,0.9985595471802231,0.9983714955851787,230,0.0140380859375,True,True,True,2.628868057718707,bird,0.5850754081604196,0.5850754081604196,44.29706954956055,44.29706954956055,0.8809581087450649,0.8809581087450649,0.00040978991833225413,0.0005524174041096089,3.867237262053389e-05,8.409648188765034e-05,-0.0004484622909527447,-0.0006365138859971697,1.2460123565816161e-05,-0.2567413193695707,0.10150529975904377,0.35824661912861444,0.0,-0.2567502432133093,-1.2782075543782412e-05,0.4488105773925781,0.6561689376831055,0.3663125313772255,0.4681457714732886,0.08249804601537392,0.1880231662098737,0.027338693203197324,0.0336279432860719,0.3161503934456457,0.4125525009835205,0.1745443344116211,0.8404803276062012,0.0920462883962685,0.6524571613963843,0.08249804601537392,0.1880231662098737,0.027338693203197324,0.0336279432860719,0.3161503934456457,0.4125525009835205,0.3666604221293941,0.36666606261290013,0.46816572188843786,0.0,0.46816572188843786,0.4681646996741424,0.46817764107338,0.0,0.4569414199091071,0.4569346002690473,0.8151880390377215,0.0,0.8151880390377215,0.8151959406671647,0.8151960999908585,0.0,a_to_b,0.366660422129395,0.46816572188843875,0.4569414199091071,0.8151880390377215,bird,1,-0.09028099777971299,-0.09026853765614717,-0.34702231714928367,0.0,-0.34702231714928367,-0.3470312409930223,-0.3470184589174785,0.0,,,,,,,,,0.900370916760871,0.43536095432421285,0.18953914752301393,True,True,7.320777082908569e-09,0.0,1.2782075543782412e-05,True,0.0,0.0,True,1.2460123565816161e-05,True,5.64048350604196e-06,6.819640059774201e-06,True,True,12,machine,crane-lex-2,0.0,True,1.0,True,3,3,-0.0902809977797121,-0.3470223171492828,-8.881784197001252e-16,-8.881784197001252e-16,True,True,True,1.0,ok,True,True,True,True,True,True,50.282833099365234,False,machine,1,0.8859922477734384,1.0,1.0,1.0,1.0,1.0,True,True,True,True,True,True,True,True,crane,0
5.844213968980952e-07,5.838794345704041e-07,6.416300652325124e-07,0.001079984904215618,0.000963936400553491,0.0009760622400142624,0.9989194306743875,0.9990354797200119,0.9990232961299206,151,0.00921630859375,True,True,True,-7.521835328771861,bird,0.5313041333629573,0.5313040762399485,35.48069763183594,35.4807014465332,0.7405300895096112,0.7405301691274963,-5.419623276911072e-10,5.720866833441714e-08,-0.00011604850366212698,-0.00010392266420135559,0.00011604904562445562,0.00010386545553309201,-1.5229027727770017e-05,0.08181636438752093,0.09431740136922073,0.012501036981699798,0.0,0.08177803167550124,-8.417307729047252e-06,0.1387338638305664,-0.0028400421142578125,0.01013201961602661,0.09772280511304032,0.12860184421450072,-0.1005628472273834,0.0011827679913497435,0.0011346721279045097,0.2564568760624175,0.22951508996058517,0.017080307006835938,-0.1995716094970703,-0.11152153720770386,-0.09900876226977307,0.12860184421450072,-0.1005628472273834,0.0011827679913497435,0.0011346721279045097,0.2564568760624175,0.22951508996058517,-0.000927778791162126,-0.0009590727465962345,0.0933896225780586,0.0,0.0933896225780586,0.0933776100905952,0.09337836750795425,0.0,-0.11367702453788908,-0.11369308946559542,-0.10117598755618928,0.0,-0.10117598755618928,-0.101149667331633,-0.10115732722200299,0.0,b_to_a,-0.000927778791162126,0.0933896225780586,-0.11367702453788997,-0.10117598755619017,machine,1,0.11274924574672696,0.11273401671899919,0.1945656101342479,0.0,0.1945656101342479,0.1945272774222282,0.19453569472995724,0.0,,,,,,,,,0.8373912289386194,0.5507476956497975,0.30332290088928543,True,True,9.795272817205094e-09,0.0,8.417307729047252e-06,True,0.0,0.0,True,1.5229027727770017e-05,True,3.129395543410851e-05,1.6064927706338494e-05,True,True,4,bird,crane-lex-2,1.7763568394002505e-15,True,1.0,True,3,3,0.11274924574672784,0.19456561013424878,-8.881784197001252e-16,-8.881784197001252e-16,True,True,True,1.0,ok,True,True,True,True,True,True,47.912567138671875,False,bird,1,0.7699598532293795,1.0,1.0,1.0,1.0,1.0,True,True,True,True,True,True,True,True,crane,0
5.844213968980952e-07,5.887978829371039e-07,4.757216653418133e-07,0.001079984904215618,0.0009930337639373593,0.001269781462683046,0.9989194306743875,0.9990063774381798,0.9987297428156515,117,0.00714111328125,True,True,True,-7.521835328771861,bird,0.5629841650619096,0.5629841650619096,36.02260971069336,36.02260971069336,0.7947541122129455,0.7947541122129455,4.376486039008675e-09,-1.0869973155628194e-07,-8.695114027825867e-05,0.000189796558467428,8.694676379228383e-05,-0.00018968785873596516,1.7739429626573155e-05,-0.459085447923715,-0.21325002532361914,0.24583542260009672,0.0,-0.45907147887117006,3.1468654437816213e-06,0.024362564086914062,-0.25138282775878906,0.025904858100147976,-0.19595104817942932,-0.0015422940132516771,-0.055431779579372176,0.0014847789574816603,0.0011225427944103732,0.2360054095744304,0.21648018079481476,-0.0831146240234375,0.11005973815917969,-0.0815723300102027,0.16549151773853943,-0.0015422940132516771,-0.055431779579372176,0.0014847789574816603,0.0011225427944103732,0.2360054095744304,0.21648018079481476,0.0074606792002906985,0.007463246561144388,-0.20578934612332844,0.0,-0.20578934612332844,-0.20578384402346295,-0.2057676807772797,0.0,-0.08393767702430921,-0.0839528490930821,0.16189774557578662,0.0,0.16189774557578662,0.1618892786231072,0.16190858873473424,0.0,b_to_a,0.0074606792002906985,-0.20578934612332844,-0.08393767702431099,0.16189774557578573,machine,1,0.09139835622459991,0.09141609565422648,-0.36768709169911507,0.0,-0.36768709169911507,-0.36767312264657015,-0.36767626951201393,0.0,,,,,,,,,0.81956052369483,0.5737293812480109,0.32916531905956553,True,True,1.1997235156182655e-08,0.0,3.1468654437816213e-06,True,0.0,0.0,True,1.7739429626573155e-05,True,2.567360853689138e-06,1.5172068772884018e-05,True,True,8,bird,crane-lex-2,1.7763568394002505e-15,True,1.0,True,3,3,0.09139835622460168,-0.3676870916991142,-1.7763568394002505e-15,-8.881784197001252e-16,True,True,True,1.0,ok,True,True,True,True,True,True,45.325477600097656,False,bird,1,0.7904959395849824,1.0,0.0,1.0,0.0,1.0,True,True,True,True,True,True,True,True,crane,0
5.844213968980952e-07,7.710405997481178e-07,4.5697463254214547e-07,0.001079984904215618,0.001208140737841864,0.0009929378296716427,0.9989194306743875,0.9987910882215585,0.9990066051956957,241,0.01470947265625,True,True,True,-7.521835328771861,bird,0.5850754081604196,0.5850754081604196,44.29706954956055,44.29706954956055,0.8809581087450649,0.8809581087450649,1.8661920285002258e-07,-1.2744676435594977e-07,0.00012815583362624596,-8.70470745439752e-05,-0.00012834245282900003,8.717452130824199e-05,1.5206929528943647e-05,-0.32694332699387463,-0.5231131500417572,-0.19616982304788166,0.0,-0.32693945922487533,-3.884956948141394e-06,0.2811927795410156,-0.14000892639160156,0.30004459226723945,-0.24589557047400667,-0.018851812726257577,0.1058866440823607,0.000671777310238699,0.0006694440567691219,0.17139900985318743,0.18719330486458877,0.09573745727539062,0.023351669311523438,0.11458927000161445,-0.08253497477088167,-0.018851812726257577,0.1058866440823607,0.000671777310238699,0.0006694440567691219,0.17139900985318743,0.18719330486458877,0.27711873808206455,0.277120181179912,-0.24599441195969263,0.0,-0.24599441195969263,-0.2459758128911993,-0.24597581770806443,0.0,0.11213553410213262,0.11212177027045112,-0.08403428894574994,0.0,-0.08403428894574994,-0.0840195576462559,-0.08402344742006917,0.0,b_to_a,0.27711873808206455,-0.24599441195969263,0.11213553410213173,-0.08403428894574994,machine,1,0.16498320397993194,0.16499841090946088,-0.1619601230139427,0.0,-0.1619601230139427,-0.1619562552449434,-0.16195237028799525,0.0,,,,,,,,,0.9014843864248292,0.43284491805832354,0.18735482609561424,True,True,8.112361935059559e-09,0.0,3.884956948141394e-06,True,0.0,0.0,True,1.5206929528943647e-05,True,1.4430978474422318e-06,1.3763831681501415e-05,True,True,12,bird,crane-lex-2,1.7763568394002505e-15,True,1.0,True,3,3,0.16498320397993282,-0.1619601230139427,-8.881784197001252e-16,0.0,True,True,True,1.0,ok,True,True,True,True,True,True,50.282833099365234,False,bird,1,0.8960907716132451,1.0,0.0,1.0,0.0,1.0,True,True,True,True,True,True,True,True,crane,0
5.16046773000851e-05,6.777150567869266e-05,5.5431693738058656e-05,0.00023875992842074088,0.00041753451859301966,0.0003770545604884566,0.9997096353942793,0.9995146939757282,0.9995675137457736,195,0.01190185546875,True,True,True,-1.5318462497745848,machine,0.6073779353754867,0.6073779945055976,40.9019660949707,40.9019660949707,0.8103768119666227,0.8103768119666227,1.6166828378607558e-05,3.827016437973557e-06,0.00017877459017227878,0.0001382946320677157,-0.0001949414185510312,-0.00014212164850568865,-1.0494085795897945e-06,-0.09901299669487251,-0.20099031707502846,-0.10197732038015417,0.0,-0.09900164648480647,2.154882995597518e-05,0.8436012268066406,0.6676244735717773,0.21858166807901114,-0.011276040566585266,0.625019558727665,0.6789005141384159,0.02639167538983417,0.1058871481853981,0.4893915914816587,0.4844751466859194,0.466217041015625,0.4519195556640625,-0.1588025177120045,-0.2269809584743001,0.625019558727665,0.6789005141384159,0.02639167538983417,0.1058871481853981,0.4893915914816587,0.4844751466859194,0.27252952265233255,0.2725118017241748,0.07153920557730586,0.0,0.07153920557730586,0.0715442952108738,0.0715337788426531,0.0,0.5589086566333386,0.5588919851137604,0.4569313362531844,0.0,0.4569313362531844,0.4569250756766863,0.45693610813842156,0.0,a_to_b,0.2725295226523343,0.07153920557730586,0.5589086566333394,0.45693133625318527,bird,1,-0.286379133981006,-0.2863801833895856,-0.3853921306758785,0.0,-0.3853921306758785,-0.3853807804658125,-0.38540232929576845,0.0,,,,,,,,,0.8476295592434454,0.5331166093866425,0.2842134055195115,True,True,1.1160080161105277e-08,0.0,2.154882995597518e-05,True,0.0,0.0,True,1.0494085795897945e-06,True,1.772092815777171e-05,1.6671519578181915e-05,True,True,4,machine,crane-lex-3,0.0,True,1.0,True,3,3,-0.2863791339810051,-0.3853921306758794,-8.881784197001252e-16,8.881784197001252e-16,True,True,True,1.0,ok,True,True,True,True,True,True,50.472774505615234,False,machine,1,0.7957684799834859,1.0,1.0,1.0,1.0,1.0,True,True,True,True,True,True,True,True,crane,0
5.16046773000851e-05,8.974984023220922e-05,0.0001210433706964169,0.00023875992842074088,0.00034101185521269277,0.001301353250031509,0.9997096353942793,0.999569238304555,0.998577603379272,117,0.00714111328125,True,True,True,-1.5318462497745848,machine,0.5001524448060735,0.5001524448060735,40.308231353759766,40.308231353759766,0.7939106544050574,0.7939106544050574,3.814516293212412e-05,6.943869339633179e-05,0.00010225192679195189,0.001062593321610768,-0.00014039708972424236,-0.0011320320150072227,-4.2843452394691894e-06,-1.0401200512313524,0.2991226696573701,1.3392427208887225,0.0,-1.0401163250782002,-4.7036209851469835e-06,0.9973468780517578,0.6648616790771484,0.5627181893610835,0.8449773509377465,0.4346286886906974,-0.180115671860559,0.036717803691659286,0.15699713567906287,0.4337509148251355,0.6845883957178307,-0.17447185516357422,0.2726478576660156,-0.6091005438542485,0.4527635295266137,0.4346286886906974,-0.180115671860559,0.036717803691659286,0.15699713567906287,0.4337509148251355,0.6845883957178307,0.553413933494328,0.5534126304522236,0.8525366031516981,0.0,0.8525366031516981,0.8525420084509978,0.852555738341719,0.0,0.3564586791942723,0.35646166049740735,1.6957014000829949,0.0,1.6957014000829949,1.6957030792291423,1.6957121054988784,0.0,a_to_b,0.5534139334943262,0.8525366031516963,0.3564586791942732,1.6957014000829957,bird,1,0.19695525430005567,0.1969509699548162,-0.8431647969312968,0.0,-0.8431647969312968,-0.8431610707781445,-0.8431563671571594,0.0,,,,,,,,,0.8245221012842218,0.5677942441691443,0.32239014098526625,True,True,1.1495412148466896e-08,0.0,4.7036209851469835e-06,True,0.0,0.0,True,4.2843452394691894e-06,True,1.3030421044391005e-06,2.981303135030089e-06,True,True,8,machine,crane-lex-3,0.0,True,1.0,True,3,3,0.196955254300053,-0.8431647969312994,2.6645352591003757e-15,2.6645352591003757e-15,True,True,True,1.0,ok,True,True,True,True,True,True,50.77174758911133,False,machine,1,0.7773359503906881,1.0,0.0,1.0,0.0,1.0,True,True,True,True,True,True,True,True,crane,0
5.16046773000851e-05,8.998127362017679e-05,0.00013977956702856454,0.00023875992842074088,0.00018599301263355774,0.0004501069876228085,0.9997096353942793,0.9997240257137463,0.9994101134453486,211,0.01287841796875,True,True,True,-1.5318462497745848,machine,0.607967279890943,0.607967279890943,47.66749954223633,47.66749954223633,0.8032195893868752,0.8032195893868752,3.837659632009169e-05,8.817488972847945e-05,-5.2766915787183136e-05,0.0002113470592020676,1.439031946703917e-05,-0.00029952194893068107,1.5066178352896031e-05,-0.44331111552788904,0.44046508272995233,0.8837761982578405,0.0,-0.4433075514927296,-9.783144749420103e-06,1.4426136016845703,1.7296953201293945,0.5980703630270572,1.0171435015471726,0.8445432386575469,0.7125518185822344,0.08790181626902245,0.09844199150009708,0.6919980474191997,0.5835002826721772,0.21030044555664062,1.1477060317993164,-0.6342427931008725,0.43515421321709447,0.8445432386575469,0.7125518185822344,0.08790181626902245,0.09844199150009708,0.6919980474191997,0.5835002826721772,0.5559892640636281,0.5560013240004071,0.9964543467935805,0.0,0.9964543467935805,0.9964538202991875,0.9964656897772421,0.0,-0.24974945698323303,-0.24975246322480693,0.6340267412746083,0.0,0.6340267412746083,0.6340226507450559,0.6340247370783612,0.0,a_to_b,0.5559892640636281,0.9964543467935805,-0.24974945698323125,0.6340267412746092,bird,1,0.8057387210468612,0.8057537872252141,0.36242760551897213,0.0,0.36242760551897213,0.36243116955413157,0.362440952698881,0.0,,,,,,,,,0.8988235253882794,0.43866809407489754,0.19242967374419703,True,True,9.741010454663223e-09,0.0,9.783144749420103e-06,True,0.0,0.0,True,1.5066178352896031e-05,True,1.2059936778996416e-05,3.006241573899615e-06,True,True,12,machine,crane-lex-3,0.0,True,1.0,True,3,3,0.8057387210468594,0.36242760551897124,1.7763568394002505e-15,8.881784197001252e-16,True,True,True,1.0,ok,True,True,True,True,True,True,59.34553909301758,False,machine,1,0.8811235836276294,1.0,1.0,1.0,1.0,1.0,True,True,True,True,True,True,True,True,crane,0
4.5142151582991535e-06,4.734314135904484e-06,3.974000440544039e-06,0.002477272418988465,0.0024068353330996338,0.0024093458705608363,0.9975182133658532,0.9975884303527645,0.9975866801289986,178,0.0108642578125,True,True,True,-6.30768206092327,bird,0.6073779353754867,0.6073779353754867,40.9019660949707,40.9019660949707,0.8103768119666227,0.8103768119666227,2.200989776053302e-07,-5.40214717755114e-07,-7.043708588883122e-05,-6.792654842762867e-05,7.021698691123124e-05,6.846676314542499e-05,3.9035303509571406e-05,-0.17610615416886954,-0.17506361129831305,0.0010425428705573836,0.0,-0.17611080118361677,3.989117274016962e-05,-0.26172542572021484,-0.33646106719970703,0.05322540540463194,-0.11916846744952814,-0.3149508311248219,-0.21729259975019843,0.0013694266685796235,0.0011270836111709603,0.27724084221894923,0.23837684543834417,-0.3429298400878906,-0.24468231201171875,-0.02797900896304384,-0.027389712261540744,-0.3149508311248219,-0.21729259975019843,0.0013694266685796235,0.0011270836111709603,0.27724084221894923,0.23837684543834417,0.04760552435979193,0.047623716875987654,-0.12745808693852112,0.0,-0.12745808693852112,-0.12747065255696732,-0.12748236853275152,0.0,-0.028845379079537103,-0.02886622186685095,-0.027802836208980608,0.0,-0.027802836208980608,-0.027810754812679583,-0.027782579615723613,0.0,b_to_a,0.04760552435979193,-0.12745808693852112,-0.028845379079537103,-0.02780283620897972,machine,1,0.07645090343932903,0.0764899387428386,-0.09965525072954051,0.0,-0.09965525072954051,-0.09965989774428774,-0.09969978891702791,0.0,,,,,,,,,0.855882129887613,0.5187043198420555,0.26905413919002547,True,True,1.2797046184737472e-08,0.0,3.989117274016962e-05,True,0.0,0.0,True,3.9035303509571406e-05,True,1.819251619572526e-05,2.0842787313846145e-05,True,True,4,bird,crane-lex-3,8.881784197001252e-16,True,1.0,True,3,3,0.07645090343932903,-0.0996552507295414,0.0,8.881784197001252e-16,True,True,True,1.0,ok,True,True,True,True,True,True,50.472774505615234,False,bird,1,0.8160290261016864,1.0,0.0,1.0,0.0,1.0,True,True,True,True,True,True,True,True,crane,0
4.5142151582991535e-06,1.2165643626026217e-05,4.651264853851896e-06,0.002477272418988465,0.00376952178277326,0.003029495464490881,0.9975182133658532,0.9962183125736007,0.9969658532706553,137,0.00836181640625,True,True,True,-6.30768206092327,bird,0.5001524448060735,0.5001524448060735,40.308231353759766,40.308231353759766,0.7939106544050574,0.7939106544050574,7.651428467727063e-06,1.3704969555274245e-07,0.001292249363784795,0.0005522230455024162,-0.0012999007922525063,-0.0005523600951978791,7.748638220839155e-06,-0.7429246356047541,-0.9614766886609818,-0.2185520530562277,0.0,-0.7429399991221697,-9.642827555111921e-06,0.7536954879760742,0.09893608093261719,0.9972040846664321,0.03585181659827086,-0.24350859669033653,0.06308426433438896,0.015824279203964876,0.0050119042094530185,0.37071040990104154,0.41694992098545874,0.1766185760498047,0.2643470764160156,0.42012717274016254,0.20126281208167018,-0.24350859669033653,0.06308426433438896,0.015824279203964876,0.0050119042094530185,0.37071040990104154,0.41694992098545874,0.9913845409281397,0.9914104970367017,0.029907852267157864,0.0,0.029907852267157864,0.029905152740960617,0.02990505992906556,0.0,0.41979002147741795,0.41980822894775915,0.20123796842119024,0.0,0.20123796842119024,0.2012506324124086,0.20124089677295842,0.0,b_to_a,0.9913845409281397,0.029907852267157864,0.41979002147741795,0.20123796842119024,machine,1,0.5715945194507217,0.5716022680889425,-0.17133011615403237,0.0,-0.17133011615403237,-0.17134547967144798,-0.17133583684389286,0.0,,,,,,,,,0.8295437326481118,0.5584539447633518,0.3118709054705193,True,True,1.2286292285362472e-08,0.0,9.642827555111921e-06,True,0.0,0.0,True,7.748638220839155e-06,True,2.595610856204189e-05,1.8207470341202736e-05,True,True,8,bird,crane-lex-3,8.881784197001252e-16,True,1.0,True,3,3,0.5715945194507217,-0.17133011615403237,0.0,0.0,True,True,True,1.0,ok,True,True,True,True,True,True,50.77174758911133,False,bird,1,0.8332659135704202,1.0,0.0,1.0,0.0,1.0,True,True,True,True,True,True,True,True,crane,0
4.5142151582991535e-06,9.417073839170714e-06,6.374464914303684e-06,0.002477272418988465,0.003692813034202123,0.002705743685049929,0.9975182133658532,0.9962977698919587,0.9972878818500358,240,0.0146484375,True,True,True,-6.30768206092327,bird,0.607967279890943,0.6079673285448756,47.66749954223633,47.66749572753906,0.8032195893868752,0.8032195251074479,4.902858680871561e-06,1.8602497560045308e-06,0.001215540615213658,0.00022847126606146415,-0.0012204434738944947,-0.00023033151581741684,-9.950239689970886e-07,-0.07921255181611553,-0.3902242550369266,-0.3110117032208093,0.0,-0.07922574162258655,-6.670266014197068e-06,0.7080841064453125,0.3029165267944336,0.7456687270193711,0.3535436563195411,-0.037584620574044436,-0.05062712952508264,0.005370430706486205,0.002060565640827381,0.3172992814842051,0.24236426677613293,0.3629646301269531,0.03920936584472656,0.40054925070101266,0.08983649536983318,-0.037584620574044436,-0.05062712952508264,0.005370430706486205,0.002060565640827381,0.3172992814842051,0.24236426677613293,0.7352930656227716,0.7353144499851627,0.3450688105858468,0.0,0.3450688105858468,0.3450557530185083,0.34506092818000056,0.0,0.3992303836452997,0.3992527630316598,0.08821868042449044,0.0,0.08821868042449044,0.08821881266362297,0.088217317559101,0.0,b_to_a,0.7352930656227716,0.34506881058584504,0.3992303836452997,0.08821868042449044,machine,1,0.3360626819774719,0.3360616869535029,0.2568501301613564,0.0,0.2568501301613564,0.25683694035488536,0.25684361062089955,0.0,,,,,,,,,0.8967073395084989,0.44265708877065685,0.1959453062126209,True,True,1.0120353587992293e-08,0.0,6.670266014197068e-06,True,0.0,0.0,True,9.950239689970886e-07,True,2.1384362391074774e-05,2.2379386360071862e-05,True,True,12,bird,crane-lex-3,8.881784197001252e-16,True,1.0,True,3,3,0.3360626819774719,0.2568501301613546,0.0,1.7763568394002505e-15,True,True,True,1.0,ok,True,True,True,True,True,True,59.34553909301758,False,bird,1,0.8912739660963601,1.0,1.0,1.0,1.0,1.0,True,True,True,True,True,True,True,True,crane,0
0.0004945520477358159,0.00012352108014799254,0.00017134411584942115,0.0008818242171869298,0.00035973600910352,0.0013325348107542368,0.9986236237350772,0.9995167429107484,0.9984961210733964,79,0.00482177734375,True,True,True,-0.5783403371207871,weapon,0.4748516992856531,0.4748516992856531,27.107866287231445,27.107866287231445,0.5604218302987974,0.5604218302987974,-0.0003710309675878234,-0.0003232079318863948,-0.0005220882080834099,0.00045071059356730696,0.0008931191756712531,-0.0001275026616808228,9.995250234595687e-06,-0.9822057488692062,0.3272620768204604,1.3094678256896701,0.0,-0.9822466163438115,-3.1811877420295787e-05,-0.06328010559082031,0.46705007553100586,-0.6032170453420083,0.17691717418128938,0.5399369397511862,0.2901329013497289,0.49212868303066104,0.1967154970575888,0.7916181688270566,0.5006982997791488,0.14295458793640137,0.32468855381011963,-0.3969823518147848,0.03455565246040493,0.5399369397511862,0.2901329013497289,0.49212868303066104,0.1967154970575888,0.7916181688270566,0.5006982997791488,-1.3872405678218236,-1.3872364468743879,-1.0599784910013614,0.0,-1.0599784910013614,-1.0599968337548429,-1.0599891003319701,0.0,-0.8966222814997646,-0.8966281558025635,0.4128455441899037,0.0,0.4128455441899037,0.41286806891102756,0.41284399045648,0.0,a_to_b,-1.3872405678218218,-1.0599784910013614,-0.8966222814997655,0.4128455441899046,group,1,-0.49061828632205895,-0.49060829107182435,-1.4728240351912651,0.0,-1.4728240351912651,-1.4728649026658704,-1.4728330907884501,0.0,,,,,,,,,0.8445681151346706,0.5355980022744278,0.28686509221792206,True,True,1.3333303972896908e-08,0.0,3.1811877420295787e-05,True,0.0,0.0,True,9.995250234595687e-06,True,4.120947435737321e-06,5.874302798858366e-06,True,True,4,weapon,club-lex-0,0.0,True,1.0,True,3,3,-0.4906182863220563,-1.472824035191266,-2.6645352591003757e-15,8.881784197001252e-16,True,True,True,1.0,ok,True,True,True,True,True,True,48.37046813964844,False,weapon,1,0.8319043877092108,1.0,1.0,1.0,1.0,1.0,True,True,True,True,True,True,True,True,club,0
0.0004945520477358159,0.00015293540483085413,8.359713503313168e-05,0.0008818242171869298,0.00021591444212221652,0.0006185068349485443,0.9986236237350772,0.9996311501530469,0.9992978960300183,70,0.0042724609375,True,True,True,-0.5783403371207871,weapon,0.5891551745158063,0.5891551745158063,38.06427764892578,38.06427764892578,0.6963842923441097,0.6963842923441097,-0.0003416166429049618,-0.00041095491270268426,-0.0006659097750647133,-0.0002633173822383855,0.0010075264179697507,0.0006742722949411029,1.893308157896456e-05,-1.6564324067207092,-0.604006392032046,1.0524260146886615,0.0,-1.6564361208711293,1.9877265030388003e-05,-0.08086824417114258,0.05513191223144531,-0.5383277409955358,-0.6841355037904471,0.457459496824395,0.7392674160219066,0.5208694920585889,0.8337373726301575,0.7806165887170708,0.6265779096974009,0.12580716609954834,0.035654425621032715,-0.3316523307248431,-0.7036129904008597,0.457459496824395,0.7392674160219066,0.5208694920585889,0.8337373726301575,0.7806165887170708,0.6265779096974009,-1.1736367571846351,-1.1736501264248957,-1.7776431492166829,0.0,-1.7776431492166829,-1.77765329277306,-1.7776791025335132,0.0,-1.4071105079729875,-1.4071428102948271,-0.35468449328432605,0.0,-0.35468449328432605,-0.354690922690283,-0.35469685518570593,0.0,a_to_b,-1.173636757184637,-1.7776431492166829,-1.4071105079729875,-0.35468449328432605,group,1,0.23347375078835242,0.23349268386993138,-1.4229586559323568,0.0,-1.4229586559323568,-1.422962370082777,-1.4229822473478073,0.0,,,,,,,,,0.8032497755174163,0.5956829941122311,0.3548381895759466,True,True,1.824741107320332e-08,0.0,1.9877265030388003e-05,True,0.0,0.0,True,1.893308157896456e-05,True,1.3369240260630022e-05,3.230232183959458e-05,True,True,8,weapon,club-lex-0,0.0,True,1.0,True,3,3,0.23347375078835064,-1.4229586559323568,1.7763568394002505e-15,0.0,True,True,True,1.0,ok,True,True,True,True,True,True,54.659873962402344,False,weapon,1,0.796280637688476,1.0,0.0,1.0,0.0,1.0,True,True,True,True,True,True,True,True,club,0
0.0004945520477358159,0.00014334986005263306,0.00016176198952760397,0.0008818242171869298,0.00020222305824393945,0.0006590466977542496,0.9986236237350772,0.9996544270817035,0.9991791913127182,136,0.00830078125,True,True,True,-0.5783403371207871,weapon,0.6588992020982916,0.6588992020982916,56.66523361206055,56.66523361206055,0.8038501271434315,0.8038501271434315,-0.0003512021876831829,-0.000332790058208212,-0.0006796011589429903,-0.0002227775194326802,0.0010308033466263078,0.0005555675776409696,-1.2738722759308985e-05,-1.0605852182448228,0.12083783838679629,1.1814230566316173,0.0,-1.0606038014353523,-1.1438957715270703e-05,-0.25492000579833984,0.8697824478149414,-0.2237425311377521,0.3915413661041498,-0.03117747466056997,0.4782410817107987,0.48323314143164736,0.15683013747921076,0.9604897658781568,0.560926097755245,-0.05853438377380371,0.4066481590270996,-0.027356909113212424,-0.071592922683692,-0.03117747466056997,0.4782410817107987,0.48323314143164736,0.15683013747921076,0.9604897658781568,0.560926097755245,-1.2383641827160528,-1.2383578911757311,-1.1175263443292565,0.0,-1.1175263443292565,-1.1175573142515436,-1.1175357774903567,0.0,-1.4726213990028807,-1.4726023687397998,-0.29119834237126163,0.0,-0.29119834237126163,-0.29121072910301926,-0.29120063129954765,0.0,a_to_b,-1.2383641827160528,-1.1175263443292565,-1.472621399002879,-0.29119834237126163,group,1,0.23425721628682794,0.23424447756406863,-0.8263280019579948,0.0,-0.8263280019579948,-0.8263465851485243,-0.8263351461908091,0.0,,,,,,,,,0.8780271261623595,0.478945576554354,0.22938887868960037,True,True,1.3167556819518296e-08,0.0,1.1438957715270703e-05,True,0.0,0.0,True,1.2738722759308985e-05,True,6.291540321612388e-06,1.9030263080921372e-05,True,True,12,weapon,club-lex-0,0.0,True,1.0,True,3,3,0.23425721628682616,-0.8263280019579948,1.7763568394002505e-15,0.0,True,True,True,1.0,ok,True,True,True,True,True,True,70.4922866821289,False,weapon,1,0.8601290311560595,1.0,0.0,1.0,0.0,1.0,True,True,True,True,True,True,True,True,club,0
1.7257543591608295e-05,1.9424511857541496e-05,1.819132003723519e-05,0.004637667979126391,0.0029743309409179584,0.0031677346487537154,0.995345074477282,0.9970062445472245,0.996814074031209,67,0.00408935546875,True,True,True,-5.593717570629919,group,0.4748516992856531,0.4748516992856531,27.107866287231445,27.107866287231445,0.5604218302987974,0.5604218302987974,2.166968265933201e-06,9.337764456268953e-07,-0.0016633370382084325,-0.0014699333303726755,0.0016611700699424858,0.0014689995539269862,1.696584301402737e-05,-0.12858879773528642,-0.06559120705035504,0.06299759068493316,0.0,-0.128595636664544,-8.960103267341424e-06,1.0814402103424072,1.368525505065918,0.21868528757956796,0.24611218597468643,0.8627549227628588,1.1224133190912333,0.025547131891326486,0.014590616144246137,0.7015136342168186,0.6943424121644056,0.6942557096481323,0.8451038599014282,-0.16849921311470695,-0.2773094591898033,0.8627549227628588,1.1224133190912333,0.025547131891326486,0.014590616144246137,0.7015136342168186,0.6943424121644056,0.11828640879524421,0.11827977451631355,0.052695201744889175,0.0,0.052695201744889175,0.052695106008142645,0.052716974369067415,0.0,-0.44419252929550357,-0.44421612941744826,-0.3811949386105722,0.0,-0.3811949386105722,-0.38118819541806115,-0.3811752871604037,0.0,b_to_a,0.11828640879524421,0.052695201744889175,-0.44419252929550357,-0.3811949386105704,weapon,1,0.5624789380907478,0.5624959039337618,0.43389014035546136,0.0,0.43389014035546136,0.4338833014262038,0.43389226152947113,0.0,,,,,,,,,0.8624989222770718,0.5063456013665594,0.2563859309357766,True,True,1.3538795393791684e-08,0.0,8.960103267341424e-06,True,0.0,0.0,True,1.696584301402737e-05,True,6.634278930661708e-06,2.360012194468908e-05,True,True,4,group,club-lex-0,0.0,True,1.0,True,3,3,0.5624789380907478,0.4338901403554596,0.0,1.7763568394002505e-15,True,True,True,1.0,ok,True,True,True,True,True,True,48.37046813964844,False,group,1,0.8454623806196027,1.0,1.0,1.0,1.0,1.0,True,True,True,True,True,True,True,True,club,0
1.7257543591608295e-05,3.0190589560599546e-05,3.810890707412822e-05,0.004637667979126391,0.0065290442168865126,0.013871707230967934,0.995345074477282,0.993440765193553,0.9860901838619579,56,0.00341796875,True,True,True,-5.593717570629919,group,0.5891551745158063,0.5891551745158063,38.06427764892578,38.06427764892578,0.6963842923441097,0.6963842923441097,1.2933045968991251e-05,2.0851363482519925e-05,0.0018913762377601217,0.009234039251841544,-0.0019043092837290887,-0.00925489061532414,1.780028939180056e-05,-0.5206729858025589,0.23291776441464052,0.7535907502171986,0.0,-0.5206749465063769,-1.4836838888143689e-05,1.0060138702392578,-0.20788955688476562,0.16087121707986718,0.6357248886729145,0.8451426531594013,-0.8436144455576873,0.12592795217014224,0.18329962325407032,1.0875005148506365,0.38069491224244134,0.8217322826385498,-0.2993060350418091,-0.02341037052084083,0.5443084105158711,0.8451426531594013,-0.8436144455576873,0.12592795217014224,0.18329962325407032,1.0875005148506365,0.38069491224244134,0.5592809143247468,0.5592644101886215,0.7921986787393855,0.0,0.7921986787393855,0.7921983431543893,0.7921972768262648,0.0,0.3420489153726409,0.3420146109471238,1.0956396655898386,0.0,1.0956396655898386,1.0956412907086603,1.0956253875416477,0.0,b_to_a,0.5592809143247468,0.7921986787393873,0.3420489153726409,1.0956396655898395,weapon,1,0.21723199895210588,0.21724979924149768,-0.30344098685045306,0.0,-0.30344098685045306,-0.30344294755427104,-0.3034281107153829,0.0,,,,,,,,,0.7891445319862963,0.6150394756578319,0.37827367376545873,True,True,1.861791322899542e-08,0.0,1.4836838888143689e-05,True,0.0,0.0,True,1.780028939180056e-05,True,1.650413612530599e-05,3.430442551710655e-05,True,True,8,group,club-lex-0,0.0,True,1.0,True,3,3,0.21723199895210588,-0.3034409868504522,0.0,-8.881784197001252e-16,True,True,True,1.0,ok,True,True,True,True,True,True,54.659873962402344,False,group,1,0.7571620666408714,1.0,0.0,1.0,0.0,1.0,True,True,True,True,True,True,True,True,club,0
1.7257543591608295e-05,3.1644021020980215e-05,2.054371263596542e-05,0.004637667979126391,0.004983042072353819,0.005015491273748514,0.995345074477282,0.9949853139066253,0.9949639650136155,181,0.01104736328125,True,True,True,-5.593717570629919,group,0.6588992020982916,0.6588992020982916,56.66523361206055,56.66523361206055,0.8038501271434315,0.8038501271434315,1.438647742937192e-05,3.2861690443571243e-06,0.00034537409322742824,0.0003778232946221229,-0.00035976057065678635,-0.0003811094636665402,1.3698676637474705e-06,-0.4384850968224159,-0.43199428178045984,0.006490815041956033,0.0,-0.43847788951007516,-1.957866735402547e-06,0.8412294387817383,-2.1780447959899902,-0.09909551555492513,-0.15175835237720392,0.9403249543366954,-2.0262864436127757,0.04296922127112159,0.011564099942377726,1.0308629833519825,1.6027998087479218,0.6605298519134521,-2.505355477333069,-0.27979510242321304,-0.47906903372028253,0.9403249543366954,-2.0262864436127757,0.04296922127112159,0.011564099942377726,1.0308629833519825,1.6027998087479218,0.6062998639110333,0.6063148879173941,0.17430558213057346,0.0,0.17430558213057346,0.17430430619726778,0.17429492432786375,0.0,0.07182891324958884,0.07184256738828587,0.07831972829154488,0.0,0.07831972829154488,0.07831124504589848,0.07829990530975905,0.0,b_to_a,0.6062998639110333,0.17430558213057346,0.07182891324958973,0.07831972829154576,weapon,1,0.5344709506614445,0.5344723205291082,0.09598585383902858,0.0,0.09598585383902858,0.0959930611513693,0.0959950190181047,0.0,,,,,,,,,0.8992663773867667,0.4376529025919579,0.19154009695683563,True,True,1.4912290930422945e-08,0.0,1.957866735402547e-06,True,0.0,0.0,True,1.3698676637474705e-06,True,1.5024006360775388e-05,1.3654138697027918e-05,True,True,12,group,club-lex-0,0.0,True,1.0,True,3,3,0.5344709506614436,0.09598585383902769,8.881784197001252e-16,8.881784197001252e-16,True,True,True,1.0,ok,True,True,True,True,True,True,70.4922866821289,False,group,1,0.8844358655763218,1.0,1.0,1.0,1.0,1.0,True,True,True,True,True,True,True,True,club,0
3.875293862015321e-05,1.2989688311957406e-05,1.3137995075419763e-05,0.006943173023844802,0.004636026818566061,0.0037767957917889906,0.9930180740375351,0.995350983493122,0.9962100662131356,112,0.0068359375,True,True,True,-5.188300934669983,weapon,0.5710524344141089,0.5710525448682527,37.57937240600586,37.579368591308594,0.6072052564588554,0.6072051948212046,-2.5763250308195805e-05,-2.561494354473345e-05,-0.0023071462052787414,-0.003166377232055812,0.002332909455586951,0.003191992175600511,-1.012654449450423e-05,0.21632459206550525,0.011352583701279784,-0.2049817342883662,-1.7756296257331883e-05,0.2163058036193144,-6.863941859336364e-07,-0.06781339645385742,1.1348204612731934,0.39847715700113895,1.7581463744661097,-0.4662905534549857,-0.6233259131929181,0.09321703460393482,0.09726702565004913,0.9003412794427715,0.70580013249535,-1.6002511978149414,-0.6355447769165039,-1.1339606443599486,-0.01221886372358938,-0.4662905534549857,-0.6233259131929181,0.09321703460393482,0.09726702565004913,0.9003412794427715,0.70580013249535,-1.0930497828675154,-1.0930684211535286,-1.0817383168617596,4.4788885595892225e-06,-1.0817172264369752,-1.081728817564926,-1.0817368183628453,9.607407422507208e-06,-0.40388942785492166,-0.4038979395964404,-0.6089025539146711,-2.3446871368904e-06,-0.608899219786144,-0.6088742661716466,-0.6088829533637519,4.989173421066084e-07,a_to_b,-1.0930507523487094,-1.0816981686474296,-0.40390116776667373,-0.6088829020550399,group,1,-0.6891603550125938,-0.6891704815570883,-0.4728357629470885,6.823575696479622e-06,-0.4728180066508312,-0.47285455139327937,-0.47285386499909343,9.1084900804006e-06,,,,,,,,,0.8391941917170486,0.5454207181806658,0.29748380769919835,True,True,1.9052441194911134e-08,1.7756296257331883e-05,6.863941859336364e-07,True,6.823575696479622e-06,9.1084900804006e-06,True,1.012654449450423e-05,True,1.8638286013228367e-05,8.511741518724136e-06,True,True,4,weapon,club-lex-1,6.634107124092736e-06,False,0.0,True,3,3,-0.6891495845820357,-0.4728152665923897,-1.0770430558082467e-05,-2.049635469880684e-05,True,True,True,1.0,ok,True,True,True,True,True,True,61.889076232910156,False,weapon,1,0.7975936936203547,1.0,1.0,1.0,1.0,1.0,True,True,True,True,True,True,True,True,club,0
3.875293862015321e-05,2.0728069840434067e-05,1.144808045759248e-05,0.006943173023844802,0.003476595279738751,0.002631884908220626,0.9930180740375351,0.9965026766504208,0.9973566670113218,62,0.0037841796875,True,True,True,-5.188300934669983,weapon,0.4730143859657282,0.4730143859657282,28.159019470214844,28.159019470214844,0.5180552884784089,0.5180552884784089,-1.8024868779719144e-05,-2.730485816256073e-05,-0.0034665777441060513,-0.004311288115624177,0.0034846026128857455,0.004338592973786692,4.58543261583344e-06,-0.31529486854293065,-0.5936667423094963,-0.2783531623536808,-2.346229936556199e-06,-0.31531976568059505,-2.7635036775386368e-05,0.25793981552124023,0.12993955612182617,0.5947588979259493,-0.027925993828556983,-0.3368190824046593,0.15786554995039737,0.1382554888089271,0.11483655678152126,0.8081820565485938,0.45588798331092506,-1.7128229141235352,-0.8156108856201172,-1.376003831718828,-0.9734764355705021,-0.3368190824046593,0.15786554995039737,0.1382554888089271,0.11483655678152126,0.8081820565485938,0.45588798331092506,-0.6257278384272631,-0.6257403823079901,-1.2193943857822696,4.690508896842971e-06,-1.219407009689501,-1.2194128735751804,-1.21939741950934,-8.857562489694715e-06,-0.691700144007525,-0.6917172733208679,-0.9700718228196008,6.940339930316952e-06,-0.9700867929567689,-0.9700654134748472,-0.9700775944457822,-1.006056192665028e-05,a_to_b,-0.625717775652257,-1.2193845179617533,-0.6917054310968034,-0.9700585934504842,group,1,0.0659723055802619,0.06597689101287774,-0.24932256296266875,-2.2498310334739813e-06,-0.2493202167327322,-0.24934746010033315,-0.24931982506355777,1.2029994369555652e-06,,,,,,,,,0.7763660121234981,0.6331325904972996,0.40085670873188595,True,True,1.4230929821662546e-08,2.346229936556199e-06,2.7635036775386368e-05,True,2.2498310334739813e-06,1.2029994369555652e-06,True,4.58543261583344e-06,True,1.2543880727022838e-05,1.7129313342856278e-05,True,True,8,weapon,club-lex-1,6.634107124092736e-06,False,0.0,True,3,3,0.06598765544454643,-0.24932592451126911,-1.5349864284530668e-05,3.3615486003668593e-06,True,True,True,1.0,ok,True,True,True,True,True,True,54.35523986816406,False,weapon,1,0.7163573315849951,1.0,0.0,1.0,0.0,1.0,True,True,True,True,True,True,True,True,club,0
3.875293862015321e-05,3.033941948588293e-05,3.0153658181430016e-05,0.006943173023844802,0.007123612702860791,0.008834564801624117,0.9930180740375351,0.9928460478776533,0.9911352815401945,154,0.0093994140625,True,True,True,-5.188300934669983,weapon,0.6710682895458453,0.6710682895458453,54.00791549682617,54.00791549682617,0.8024028471942072,0.8024028471942072,-8.413519134270282e-06,-8.599280438723195e-06,0.00018043967901598852,0.001891391777779315,-0.00017202615988176628,-0.0018827924973405796,5.406373010607979e-06,-0.22138766690232448,-0.006141591584103878,0.21525684728563999,4.0995999976978226e-05,-0.22140794415486464,-3.4094441483389915e-06,0.14728307723999023,0.03603649139404297,0.48041152016846667,0.15248992660854555,-0.33312844292847643,-0.11645343521448481,0.044446489211152435,0.07029899459708092,0.6986751870101958,0.46858581428384566,-1.3000211715698242,-1.0212421417236328,-0.9668927286413478,-0.904788706509132,-0.33312844292847643,-0.11645343521448481,0.044446489211152435,0.07029899459708092,0.6986751870101958,0.46858581428384566,-0.24480024496315345,-0.2447995434846959,-0.2509454456225235,1.1826966481720547e-06,-0.2509795652172855,-0.2509462708982184,-0.2509543686999205,-4.780146900529303e-06,0.025664294074918992,0.025659589180365927,0.2409067603178734,-5.00026618421856e-06,0.2409136367230884,0.24092621229471867,0.24091470504886825,-6.52993025429538e-06,a_to_b,-0.2447587481682998,-0.25090033975240367,0.02565612074840118,0.24091296803404116,group,1,-0.27046453903807244,-0.27045913266506183,-0.4918522059403969,6.182962832390615e-06,-0.4918932019403739,-0.4918724831929371,-0.49186907374878874,1.7497833537660767e-06,,,,,,,,,0.8705135257019915,0.49342026460701105,0.24346347835330023,True,True,1.5587373712298396e-08,4.0995999976978226e-05,3.4094441483389915e-06,True,6.182962832390615e-06,1.7497833537660767e-06,True,5.406373010607979e-06,True,7.014784575432031e-07,4.704894553064776e-06,True,True,12,weapon,club-lex-1,6.634107124092736e-06,False,0.0,True,3,3,-0.27041486891670097,-0.49181330778644483,-4.967012137147009e-05,-3.889815395208274e-05,True,True,True,1.0,ok,True,True,True,True,True,True,67.30773162841797,False,weapon,1,0.835055033230843,1.0,1.0,1.0,1.0,1.0,True,True,True,True,True,True,True,True,club,0
0.00035615390474256765,0.00019846768199484094,0.0004237902934850525,0.0017230248751789994,0.0017216027120808425,0.0020466698603269556,0.9979208212200785,0.9980799296059243,0.997529539846188,78,0.0047607421875,True,True,True,-1.5764737194333431,group,0.5710524344141089,0.571052492381878,37.57937240600586,37.579368591308594,0.6072052564588554,0.6072051948212046,-0.0001576862227477267,6.763638874248486e-05,-1.422163098156997e-06,0.00032364498514795615,0.00015910838584576315,-0.00039128137389055073,1.4445534723073195e-05,0.5856541186812585,0.7586124662814608,0.172958347600205,0.0,0.5856837774483266,-1.3599796022667476e-05,1.2207533121109009,0.30271220207214355,0.9956085977586255,0.42889243239205754,0.22514471435225758,-0.12618023031991754,0.08756562699354875,0.03190436590677737,0.6719790495733462,0.5458332725869408,-0.7741079330444336,-0.4829673767089844,-0.9992526473967107,-0.3567871463890704,0.22514471435225758,-0.12618023031991754,0.08756562699354875,0.03190436590677737,0.6719790495733462,0.5458332725869408,-0.5847366783597359,-0.584699579134826,0.17387578792172675,0.0,0.17387578792172675,0.17389304322960975,0.1739084170209022,0.0,-0.0008257282640498076,-0.0008030745738629719,0.1721326193361543,0.0,0.1721326193361543,0.17212021587696924,0.17212198987223903,0.0,b_to_a,-0.584736678359735,0.17387578792172587,-0.0008257282640498076,0.1721326193361552,weapon,1,-0.583910950095686,-0.583896504560963,0.001743168585572441,0.0,0.001743168585572441,0.0017728273526405047,0.0017864271486631722,0.0,,,,,,,,,0.8784224558988635,0.48024404895274464,0.23063429706929892,True,True,1.704413091889298e-08,0.0,1.3599796022667476e-05,True,0.0,0.0,True,1.4445534723073195e-05,True,3.709922490990891e-05,2.2653690186835718e-05,True,True,4,group,club-lex-1,0.0,True,1.0,True,3,3,-0.5839109500956852,0.0017431685855706647,-8.881784197001252e-16,1.7763568394002505e-15,True,True,True,1.0,ok,True,True,True,True,True,True,61.889076232910156,False,group,1,0.8308807013829891,1.0,0.0,1.0,0.0,1.0,True,True,True,True,True,True,True,True,club,0
0.00035615390474256765,0.000353621546519984,0.0003263591661299437,0.0017230248751789994,0.0029534710322177958,0.0018997227111301317,0.9979208212200785,0.9966929074212623,0.9977739181227399,52,0.003173828125,True,True,True,-1.5764737194333431,group,0.4730143859657282,0.4730143859657282,28.159019470214844,28.159019470214844,0.5180552884784089,0.5180552884784089,-2.5323582225836717e-06,-2.979473861262395e-05,0.0012304461570387963,0.00017669783595113228,-0.0012279137988162603,-0.0001469030973386687,-7.3524336166030935e-06,0.36104441361474304,-0.08022875214023717,-0.4412731657549793,0.0,0.36104072626489003,3.8161779336576274e-07,0.920890212059021,0.27698779106140137,0.14779724699222996,-0.34388993573374194,0.7730929650667875,0.6208777267951433,0.08232982868544675,0.05107646859744154,0.8406151175196868,0.5279724137244942,0.13756942749023438,0.6920127868652344,-0.6355235375765567,0.07113506007009285,0.7730929650667875,0.6208777267951433,0.08232982868544675,0.05107646859744154,0.8406151175196868,0.5279724137244942,-0.007135690487194424,-0.007137431194850663,-0.0873644426274307,0.0,-0.0873644426274307,-0.08736492150007003,-0.08735587865791317,0.0,0.5388997051925131,0.5389053169184734,0.09762653943753374,0.0,0.09762653943753374,0.09762974791474743,0.09763917237469766,0.0,b_to_a,-0.007135690487194424,-0.0873644426274316,0.5388997051925131,0.09762653943753374,weapon,1,-0.5460353956797075,-0.5460427481133241,-0.18499098206496445,0.0,-0.18499098206496445,-0.18499466941481746,-0.18499505103261082,0.0,,,,,,,,,0.8067276267739539,0.5956762686238881,0.354830376955855,True,True,1.416560236379145e-08,0.0,3.8161779336576274e-07,True,0.0,0.0,True,7.3524336166030935e-06,True,1.7407076562392376e-06,5.611725960363856e-06,True,True,8,group,club-lex-1,0.0,True,1.0,True,3,3,-0.5460353956797075,-0.18499098206496534,0.0,8.881784197001252e-16,True,True,True,1.0,ok,True,True,True,True,True,True,54.35523986816406,False,group,1,0.7316277317224585,1.0,1.0,1.0,1.0,1.0,True,True,True,True,True,True,True,True,club,0
0.00035615390474256765,0.00016645946890907188,0.00024118825383892545,0.0017230248751789994,0.0010847745735161078,0.0011712787738498937,0.9979208212200785,0.9987487659575749,0.9985875329723112,168,0.01025390625,True,True,True,-1.5764737194333431,group,0.6710682895458453,0.6710682895458453,54.00791549682617,54.00791549682617,0.8024028471942072,0.8024028471942072,-0.00018969443583349578,-0.0001149656509036422,-0.0006382503016628916,-0.0005517461013291058,0.0008279447374963667,0.0006667117522326516,8.262584016094365e-06,0.2941019930176809,0.37082591501254214,0.07672392199486033,0.0,0.29408433112809007,-1.3956443075002767e-05,1.6685384511947632,1.0194560289382935,0.3916730027156703,0.749681863379891,1.2768654484791,0.2697741655583883,0.14848974979768295,0.08775687504083082,0.939100892290329,0.3780259605937475,0.6539669036865234,-0.17641162872314453,-0.6228985447925695,-0.44618579428154526,1.2768654484791,0.2697741655583883,0.14848974979768295,0.08775687504083082,0.939100892290329,0.3780259605937475,-0.7606111043116304,-0.7606351563698475,-0.38978518929908823,0.0,-0.38978518929908823,-0.389799954305321,-0.3898134983090742,0.0,-0.46270919551250067,-0.46274151015473386,-0.38598527351763945,0.0,-0.38598527351763945,-0.38598237663428137,-0.38600987708110956,0.0,b_to_a,-0.7606111043116313,-0.3897851892990891,-0.46270919551250067,-0.38598527351764034,weapon,1,-0.2979019087991297,-0.2978936462151136,-0.0037999157814487816,0.0,-0.0037999157814487816,-0.003817577671039629,-0.0038036212279646264,0.0,,,,,,,,,0.8929762909423793,0.4508251545996585,0.2032432693268725,True,True,1.3762831764503026e-08,0.0,1.3956443075002767e-05,True,0.0,0.0,True,8.262584016094365e-06,True,2.405205821709444e-05,3.2314642233188806e-05,True,True,12,group,club-lex-1,0.0,True,1.0,True,3,3,-0.2979019087991306,-0.0037999157814487816,8.881784197001252e-16,0.0,True,True,True,1.0,ok,True,True,True,True,True,True,67.30773162841797,False,group,1,0.8674847941006099,1.0,1.0,1.0,1.0,1.0,True,True,True,True,True,True,True,True,club,0
2.6907518589042147e-06,7.684970487263116e-06,2.2262566320537205e-06,0.0029388593103541315,0.001655377112550819,0.0014488482250957402,0.997058449937787,0.9983369379169619,0.9985489255182722,98,0.0059814453125,True,True,True,-6.995956139357919,weapon,0.5554466951380322,0.5554466951380322,34.638519287109375,34.638519287109375,0.6398655365448848,0.6398655365448848,4.994218628358901e-06,-4.6449522685049414e-07,-0.0012834821978033126,-0.0014900110852583913,0.0012784879791748471,0.0014904755804852066,1.4456344636926133e-06,-1.1056850698633856,-1.2389450020371129,-0.13325993217372734,0.0,-1.1056904200001627,-1.0635641107370475e-05,-3.016237258911133,-0.02732086181640625,1.6600948337460437,-0.013547580583502139,-4.676332092657194,-0.01377328123294319,0.05335451532890503,0.02557663832463471,2.2527956481887466,0.5790136061168604,-4.68535827472806,-0.45472240447998047,-0.009026182070883237,-0.44094912324707636,-4.676332092657194,-0.01377328123294319,0.05335451532890503,0.02557663832463471,2.2527956481887466,0.5790136061168604,1.0494458806672267,1.0494412520807437,-0.18949912136988623,0.0,-0.18949912136988623,-0.18949702417670267,-0.1894994937730594,0.0,-0.5739926709468923,-0.573998745167839,-0.7072526031206197,0.0,-0.7072526031206197,-0.7072451557906589,-0.7072582610281231,0.0,a_to_b,1.0494458806672267,-0.18949912136988623,-0.5739926709468914,-0.7072526031206188,group,1,1.623438551614119,1.6234399972485827,0.5177534817507334,0.0,0.5177534817507334,0.5177481316139563,0.5177587672550636,0.0,,,,,,,,,0.8591270050377732,0.5123637694119336,0.2625166625438705,True,True,1.5698231541896068e-08,0.0,1.0635641107370475e-05,True,0.0,0.0,True,1.4456344636926133e-06,True,4.628586482979813e-06,6.074220946672426e-06,True,True,4,weapon,club-lex-2,0.0,True,1.0,True,3,3,1.623438551614118,0.5177534817507325,8.881784197001252e-16,8.881784197001252e-16,True,True,True,1.0,ok,True,True,True,True,True,True,54.13405990600586,False,weapon,1,0.8343101722676924,1.0,1.0,1.0,1.0,1.0,True,True,True,True,True,True,True,True,club,0
2.6907518589042147e-06,1.1934467506085857e-05,7.297383470237786e-06,0.0029388593103541315,0.0015722103168901522,0.0025186905648814173,0.997058449937787,0.9984158552156037,0.9974740120516483,74,0.0045166015625,True,True,True,-6.995956139357919,weapon,0.5209723212234239,0.5209723212234239,33.836151123046875,33.836151123046875,0.6442730375188634,0.6442730375188634,9.243715647181643e-06,4.606631611333571e-06,-0.0013666489934639793,-0.0004201687454727142,0.0013574052778166923,0.0004155621138612897,8.997573983648977e-07,-0.9631714623995542,-0.49191478746286776,0.4712566749366873,0.0,-0.9631634446422632,-2.5011431137755835e-05,-6.579502105712891,-2.123323440551758,1.9917306066174856,1.0587136833437576,-8.571232712330408,-3.1820371238955616,0.07157124884146362,0.03890804962073198,4.627200123689822,1.161000348296861,-7.788662910461426,-2.318227529525757,0.7825698018689504,0.8638095943697586,-8.571232712330408,-3.1820371238955616,0.07157124884146362,0.03890804962073198,4.627200123689822,1.161000348296861,1.4896099866198558,1.489602106883046,0.9976951991569898,0.0,0.9976951991569898,0.9976895776139258,0.9977052760462684,0.0,-0.6255390419593168,-0.6255478214535248,-0.15428236702262854,0.0,-0.15428236702262854,-0.15429600632298346,-0.1543053193217787,0.0,a_to_b,1.4896099866198558,0.997695199156988,-0.625539041959315,-0.15428236702262765,group,1,2.1151490285791725,2.115149928336571,1.1519775661796183,0.0,1.1519775661796183,1.1519855839369093,1.152010595368047,0.0,,,,,,,,,0.809161498374104,0.5893413791208891,0.34732329211778934,True,True,1.5798605893763978e-08,0.0,2.5011431137755835e-05,True,0.0,0.0,True,8.997573983648977e-07,True,7.879736809712767e-06,8.779494208077665e-06,True,True,8,weapon,club-lex-2,0.0,True,1.0,True,3,3,2.1151490285791708,1.1519775661796157,1.7763568394002505e-15,2.6645352591003757e-15,True,True,True,1.0,ok,True,True,True,True,True,True,52.518341064453125,False,weapon,1,0.7637141844858222,1.0,1.0,1.0,1.0,1.0,True,True,True,True,True,True,True,True,club,0
2.6907518589042147e-06,7.0581693854259354e-06,6.60390875762542e-06,0.0029388593103541315,0.0011024892953900311,0.0011087876607562622,0.997058449937787,0.9988904525352246,0.9988846084304861,156,0.009521484375,True,True,True,-6.995956139357919,weapon,0.6991293647584979,0.6991293647584979,57.002235412597656,57.002235412597656,0.8222535483456315,0.8222535483456315,4.367417526521721e-06,3.9131568987212056e-06,-0.0018363700149641004,-0.0018300716495978694,0.0018320025974375431,0.0018261584926990704,-3.5513788727570272e-06,-0.07222061633004717,-0.06652401429997212,0.005696602030075049,0.0,-0.07221422018987766,-8.338301675792081e-07,-7.793497323989868,-3.0769858360290527,1.2498399994720781,0.7949580311363338,-9.043337323461994,-3.8719438671654807,0.08551063668548294,0.03326073948848441,5.5258957629020165,1.8922891076518586,-8.716628074645996,-3.9808791875839233,0.3267092488159502,-0.10893532041853682,-9.043337323461994,-3.8719438671654807,0.08551063668548294,0.03326073948848441,5.5258957629020165,1.8922891076518586,0.964365068021797,0.9643579434330771,0.8978410537218249,0.0,0.8978410537218249,0.897861434226396,0.8978514247351495,0.0,-0.9804508974927266,-0.9804544707025737,-0.9747542954626516,0.0,-0.9747542954626516,-0.97474031109825,-0.9747511544196641,0.0,a_to_b,0.964365068021797,0.8978410537218249,-0.9804508974927257,-0.9747542954626507,group,1,1.9448159655145236,1.9448124141356509,1.8725953491844765,0.0,1.8725953491844765,1.872601745324646,1.8726025791548135,0.0,,,,,,,,,0.8887797153769988,0.4592428353673997,0.21090402396134333,True,True,1.3153558551205922e-08,0.0,8.338301675792081e-07,True,0.0,0.0,True,3.5513788727570272e-06,True,7.124588719875646e-06,3.573209847118619e-06,True,True,12,weapon,club-lex-2,0.0,True,1.0,True,3,3,1.9448159655145227,1.8725953491844756,8.881784197001252e-16,8.881784197001252e-16,True,True,True,1.0,ok,True,True,True,True,True,True,69.32440185546875,False,weapon,1,0.8599169076372745,1.0,1.0,1.0,1.0,1.0,True,True,True,True,True,True,True,True,club,0
0.0023148095178515114,0.0012804731537675578,0.0019327010577740364,0.0011757770236364173,0.0011870309779749748,0.001103793647306023,0.9965094134585121,0.9975324958682574,0.99696350529492,74,0.0045166015625,True,True,True,0.6773981766996151,weapon,0.5554466951380322,0.5554466951380322,34.638519287109375,34.638519287109375,0.6398655365448848,0.6398655365448848,-0.0010343363640839536,-0.00038210846007747496,1.125395433855753e-05,-7.198337633039422e-05,0.0010230824097453572,0.0004540918364078772,-4.641987264797365e-06,0.4843910715837172,0.4116888753047352,-0.072702196278982,0.0,0.4844186264627277,-2.702566733070455e-06,1.0286774635314941,0.4593019485473633,0.8972843909986672,0.9490355191177038,0.1313930725328234,-0.4897335705703405,0.18938532562157012,0.05297395226801052,0.6701777645326963,0.5383686225828003,-0.9699792861938477,-0.9539175033569336,-1.1013723587266746,-0.4641839327865931,0.1313930725328234,-0.4897335705703405,0.18938532562157012,0.05297395226801052,0.6701777645326963,0.5383686225828003,-0.5920977414390709,-0.5920957007540659,-0.18040886613433482,0.0,-0.18040886613433482,-0.18042093836895923,-0.18040796968012174,0.0,0.009525987243620193,0.009532669915889969,-0.06317620903536092,0.0,-0.06317620903536092,-0.06321583614899584,-0.06320557002689142,0.0,b_to_a,-0.5920977414390709,-0.1804088661343357,0.009525987243621081,-0.06317620903536092,weapon,1,-0.6016237286826911,-0.6016283706699559,-0.1172326570989739,0.0,-0.1172326570989739,-0.11720510221996339,-0.11720239965323032,0.0,,,,,,,,,0.879423429812394,0.47611201235915795,0.22668267504509393,True,True,1.4177214054553536e-08,0.0,2.702566733070455e-06,True,0.0,0.0,True,4.641987264797365e-06,True,2.0406850049781156e-06,6.68267226977548e-06,True,True,4,group,club-lex-2,0.0,True,1.0,True,3,3,-0.601623728682692,-0.11723265709897479,8.881784197001252e-16,8.881784197001252e-16,True,True,True,1.0,ok,True,True,True,True,True,True,54.13405990600586,False,group,1,0.8711564109638221,1.0,1.0,1.0,1.0,1.0,True,True,True,True,True,True,True,True,club,0
0.0023148095178515114,0.0011559806538128778,0.0023529839617302873,0.0011757770236364173,0.0024531125517348964,0.0020609155681311823,0.9965094134585121,0.9963909067944523,0.9955861004701385,60,0.003662109375,True,True,True,0.6773981766996151,weapon,0.5209723212234239,0.5209723212234239,33.836151123046875,33.836151123046875,0.6442730375188634,0.6442730375188634,-0.0011588288640386336,3.817444387877594e-05,0.0012773355280984791,0.000885138544494765,-0.00011850666405976984,-0.0009233129883735591,-2.6151158436071853e-05,0.884942571885639,0.710735258973612,-0.17420731291202696,0.0,0.884917178481234,-1.7621059869910027e-05,0.8901476860046387,-0.1315302848815918,0.19604298616106597,-0.5183033889755055,0.6941046998435638,0.3867731040939191,0.3082071759276273,0.26306580683385256,0.7577202906878268,0.47731053846720245,0.045937538146972656,0.4414501190185547,-0.6481671616966,0.05467701492464094,0.6941046998435638,0.3867731040939191,0.3082071759276273,0.26306580683385256,0.7577202906878268,0.47731053846720245,-0.694378367793103,-0.6943977469286846,0.016356891180508093,0.0,0.016356891180508093,0.016350579576356772,0.01635894251826997,0.0,0.7354284217760982,0.7354351937989527,0.5612211088640704,0.0,0.5612211088640704,0.5612401906643241,0.5612309325463674,0.0,b_to_a,-0.694378367793103,0.01635689118050898,0.7354284217760982,0.5612211088640713,weapon,1,-1.4298067895692013,-1.4298329407276373,-0.5448642176835623,0.0,-0.5448642176835623,-0.5448896110879673,-0.5448719900280974,0.0,,,,,,,,,0.7911386054788667,0.6120958827618357,0.3746614833281139,True,True,1.492184075046247e-08,0.0,1.7621059869910027e-05,True,0.0,0.0,True,2.6151158436071853e-05,True,1.9379135581587548e-05,6.772022854484305e-06,True,True,8,group,club-lex-2,0.0,True,1.0,True,3,3,-1.4298067895692013,-0.5448642176835623,0.0,0.0,True,True,True,1.0,ok,True,True,True,True,True,True,52.518341064453125,False,group,1,0.767431005388673,1.0,1.0,1.0,1.0,1.0,True,True,True,True,True,True,True,True,club,0
0.0023148095178515114,0.0019310796636041474,0.004440482394535319,0.0011757770236364173,0.0022335819907336827,0.0016125829925352066,0.9965094134585121,0.9958353383456622,0.9939469346129295,148,0.009033203125,True,True,True,0.6773981766996151,weapon,0.6991293647584979,0.6991293647584979,57.002235412597656,57.002235412597656,0.8222535483456315,0.8222535483456315,-0.000383729854247364,0.002125672876683808,0.0010578049670972654,0.0004368059688987893,-0.0006740751128498923,-0.002562478845582583,3.356582479518977e-06,1.1584530943250746,0.8326837602617543,-0.3257693340633203,0.0,1.1584542152751753,1.4368478558068887e-05,1.2835955619812012,1.2061266899108887,0.5585265826846193,0.2622368765796157,0.7250689792965979,0.9438898133312676,0.19277695129333433,0.09048400022461334,0.7748478403608124,0.8920216791806259,0.22461605072021484,1.102625846862793,-0.500452928576367,0.15873603353152,0.7250689792965979,0.9438898133312676,0.19277695129333433,0.09048400022461334,0.7748478403608124,0.8920216791806259,-0.18124814474872064,-0.18123255355256518,0.6514356155130328,0.0,0.6514356155130328,0.6514476675551739,0.6514238863949107,0.0,0.6416773449179081,0.641689579531584,0.31590801085458686,0.0,0.31590801085458686,0.3159189419466273,0.3159095292649221,0.0,b_to_a,-0.18124814474872064,0.6514356155130336,0.6416773449179081,0.31590801085458775,weapon,1,-0.8229254896666287,-0.8229221330841492,0.3355276046584459,0.0,0.3355276046584459,0.33552872560854663,0.33551435712998856,0.0,,,,,,,,,0.9008897501375254,0.4347108313997515,0.18897354867763907,True,True,1.4026035990923398e-08,0.0,1.4368478558068887e-05,True,0.0,0.0,True,3.356582479518977e-06,True,1.5591196155462228e-05,1.2234613675943251e-05,True,True,12,group,club-lex-2,0.0,True,1.0,True,3,3,-0.8229254896666287,0.3355276046584459,0.0,0.0,True,True,True,1.0,ok,True,True,True,True,True,True,69.32440185546875,False,group,1,0.8768926664289806,1.0,0.0,1.0,0.0,1.0,True,True,True,True,True,True,True,True,club,0
0.0001280718418179424,8.787783194892032e-05,8.14506599073489e-05,0.005645568581184038,0.005118751557461933,0.004095072594295849,0.994226359576998,0.9947933706105891,0.9958234767457967,77,0.00469970703125,True,True,True,-3.7860348238123507,weapon,0.5020054546861008,0.5020054546861008,30.377304077148438,30.377304077148438,0.6134398252251128,0.6134398252251128,-4.019400986902208e-05,-4.6621181910593495e-05,-0.0005268170237221047,-0.001550495986888189,0.000567011033591136,0.001597117168798734,-4.3593049568357856e-05,0.147175988574765,-0.07595013961782371,-0.2231261281925887,0.0,0.14715169974958187,-2.425128979854918e-05,0.6675500869750977,0.2656722068786621,0.6510375805833508,0.30435903209116866,0.016512506391737958,-0.03868682521251188,0.06494033586499856,0.017487130194309426,0.7739146695760464,0.4786522048160605,-0.6862039566040039,-0.7343592643737793,-0.7027164629957507,-0.6956724391612727,0.016512506391737958,-0.03868682521251188,0.06494033586499856,0.017487130194309426,0.7739146695760464,0.4786522048160605,-0.37664379404616,-0.3766630079323914,-0.4525939336639837,0.0,-0.4525939336639837,-0.4525839664988798,-0.45260012863068333,0.0,-0.09796034261740072,-0.09793596345406375,-0.3210864708099894,0.0,-0.3210864708099894,-0.32105221481970236,-0.32109262824130447,0.0,a_to_b,-0.37664379404616,-0.4525939336639837,-0.09796034261740072,-0.3210864708099894,group,1,-0.2786834514287593,-0.27872704447832763,-0.13150746285399428,0.0,-0.13150746285399428,-0.1315317516791774,-0.13150750038937886,0.0,,,,,,,,,0.8601294829949655,0.5106835843822394,0.2607976908682218,True,True,1.3567262701418847e-08,0.0,2.425128979854918e-05,True,0.0,0.0,True,4.3593049568357856e-05,True,1.921388623138398e-05,2.4379163336973875e-05,True,True,4,weapon,club-lex-3,8.881784197001252e-16,True,1.0,True,3,3,-0.2786834514287593,-0.13150746285399428,0.0,0.0,True,True,True,1.0,ok,True,True,True,True,True,True,49.519615173339844,False,weapon,1,0.8352281430679157,1.0,1.0,1.0,1.0,1.0,True,True,True,True,True,True,True,True,club,0
0.0001280718418179424,0.00015408105102109306,0.00011074042255808131,0.005645568581184038,0.009496927202558084,0.006375578374896057,0.994226359576998,0.9903489917464208,0.9935136812025458,74,0.0045166015625,True,True,True,-3.7860348238123507,weapon,0.552210195517292,0.5522101350849499,34.85740280151367,34.85740661621094,0.7292897874629146,0.7292898672743616,2.6009209203150667e-05,-1.7331419259861082e-05,0.003851358621374046,0.0007300097937120191,-0.0038773678305772385,-0.0007126783744522136,9.383129630613496e-06,0.06820363937872553,-0.3302898421403899,-0.39849348151911634,0.0,0.06822527598494244,-6.77755964950677e-06,1.2827472686767578,1.2918949127197266,1.3459088656578633,0.9848372662584826,-0.06316159698110724,0.3070576464612209,0.10566751411290055,0.0688465650932393,0.8088448179374461,0.5932224886586612,-0.5113134384155273,-0.04202985763549805,-0.4481518414344219,-0.34908750409674205,-0.06316159698110724,0.3070576464612209,0.10566751411290055,0.0688465650932393,0.8088448179374461,0.5932224886586612,0.18488739862287673,0.18490263371602822,-0.1454024435175132,0.0,-0.1454024435175132,-0.14540085982168804,-0.14539392427467845,0.0,0.5200973784195257,0.5201032303830466,0.12160389690041029,0.0,0.12160389690041029,0.12158384399001854,0.12158400197737862,0.0,a_to_b,0.18488739862287673,-0.1454024435175132,0.5200973784195257,0.1216038969004094,group,1,-0.335209979796649,-0.3352005966670184,-0.2670063404179235,0.0,-0.2670063404179235,-0.2669847038117066,-0.2669779262520571,0.0,,,,,,,,,0.8045821061207712,0.5940424103525643,0.35288623350839204,True,True,1.284132305924402e-08,0.0,6.77755964950677e-06,True,0.0,0.0,True,9.383129630613496e-06,True,1.5235093151488854e-05,5.8519635208753584e-06,True,True,8,weapon,club-lex-3,8.881784197001252e-16,True,1.0,True,3,3,-0.335209979796649,-0.2670063404179226,0.0,-8.881784197001252e-16,True,True,True,1.0,ok,True,True,True,True,True,True,47.79636764526367,False,weapon,1,0.7891316030544364,1.0,1.0,1.0,1.0,1.0,True,True,True,True,True,True,True,True,club,0
0.0001280718418179424,0.00014150612283383076,0.00013507221596740766,0.005645568581184038,0.006093724680038591,0.005517473817341657,0.994226359576998,0.9937647691971276,0.9943474539666909,147,0.00897216796875,True,True,True,-3.7860348238123507,weapon,0.5882063609538367,0.5882063609538367,41.187801361083984,41.187801361083984,0.785162355030023,0.785162355030023,1.3434281015888369e-05,7.000374149465269e-06,0.0004481560988545538,-0.00012809476384238044,-0.0004615903798703691,0.00012109438969287734,2.0872716355313514e-05,0.05280596837872498,-0.04653341855296311,-0.09933938693168809,0.0,0.05281050491369754,1.505891211195376e-05,1.2237915992736816,0.9294891357421875,1.270022915490232,0.6106813803583702,-0.0462313162165664,0.3188077553837978,0.060641145462525775,0.03219927515750253,0.7384825391037005,0.6080855583310121,-0.8793706893920898,0.2603640556335449,-0.8331393731755394,-0.058443699750272415,-0.0462313162165664,0.3188077553837978,0.060641145462525775,0.03219927515750253,0.7384825391037005,0.6080855583310121,0.09975161638514862,0.09976267538210415,0.05321819783218551,0.0,0.05321819783218551,0.053224371363151946,0.05321580167554352,0.0,0.07638858518213354,0.07637877146273375,-0.02295080174955455,0.0,-0.02295080174955455,-0.02294916475356068,-0.022942675529057155,0.0,a_to_b,0.09975161638514862,0.05321819783218551,0.07638858518213354,-0.02295080174955455,group,1,0.023363031203015083,0.023383903919370397,0.07616899958174006,0.0,0.07616899958174006,0.07617353611671263,0.07615847720460067,0.0,,,,,,,,,0.8878980409364305,0.46080351524809393,0.21233991461869128,True,True,9.086376578660711e-09,0.0,1.505891211195376e-05,True,0.0,0.0,True,2.0872716355313514e-05,True,1.1058996955526368e-05,9.813719399787146e-06,True,True,12,weapon,club-lex-3,8.881784197001252e-16,True,1.0,True,3,3,0.023363031203015083,0.07616899958174006,0.0,0.0,True,True,True,1.0,ok,True,True,True,True,True,True,52.45768737792969,False,weapon,1,0.8613938427457853,1.0,1.0,1.0,1.0,1.0,True,True,True,True,True,True,True,True,club,0
5.4226049391799684e-05,4.7529664123743214e-05,6.254218388309485e-05,0.03394274434112021,0.03939073380420351,0.041689506961333354,0.966003029609488,0.9605617365316728,0.9582479508547835,68,0.004150390625,True,True,True,-6.439268985054748,group,0.5020054546861008,0.5020054546861008,30.377304077148438,30.377304077148438,0.6134398252251128,0.6134398252251128,-6.6963852680564694e-06,8.316134491295169e-06,0.005447989463083294,0.007746762620213142,-0.005441293077815268,-0.007755078754704492,-2.8868244543289734e-05,0.21776838770806695,0.2744872472158857,0.056718859507819186,0.0,0.217759715623969,9.830468349569799e-06,0.054001741111278534,0.8483571112155914,-0.20149422308488596,0.1570177712176708,0.2554959641961645,0.6913393399979313,0.19338545373698054,0.11917836269758585,0.6488764652290077,0.5590590632222091,-0.3264017105102539,0.3371105194091797,-0.5818976747064184,-0.3542288205887427,0.2554959641961645,0.6913393399979313,0.19338545373698054,0.11917836269758585,0.6488764652290077,0.5590590632222091,-0.13180738508656198,-0.13181568163154544,0.1426798621293237,0.0,0.1426798621293237,0.14267303872212622,0.14266727640475452,0.0,0.14885549086552707,0.1488760625650869,0.20557435037334582,0.0,0.20557435037334582,0.20557619905024627,0.20558026720122413,0.0,b_to_a,-0.13180738508656198,0.1426798621293237,0.14885549086552752,0.2055743503733467,weapon,1,-0.28066287595208905,-0.28069174419663234,-0.0628944882440221,0.0,-0.0628944882440221,-0.06290316032812004,-0.06291299079646961,0.0,,,,,,,,,0.884242447896829,0.46709794260735726,0.21818049036767762,True,True,1.4027970043102552e-08,0.0,9.830468349569799e-06,True,0.0,0.0,True,2.8868244543289734e-05,True,8.296544983465992e-06,2.0571699559823742e-05,True,True,4,group,club-lex-3,8.881784197001252e-16,True,1.0,True,3,3,-0.2806628759520895,-0.062894488244023,4.440892098500626e-16,8.881784197001252e-16,True,True,True,1.0,ok,True,True,True,True,True,True,49.519615173339844,False,group,1,0.8761777143255112,1.0,1.0,1.0,1.0,1.0,True,True,True,True,True,True,True,True,club,0
5.4226049391799684e-05,4.879053520378987e-05,5.653557454077717e-05,0.03394274434112021,0.040488469432931724,0.0483206451256453,0.966003029609488,0.9594627400318645,0.951622819299814,67,0.00408935546875,True,True,True,-6.439268985054748,group,0.552210195517292,0.5522101350849499,34.85740280151367,34.85740661621094,0.7292897874629146,0.7292898672743616,-5.4355141880098155e-06,2.309525148977487e-06,0.006545725091811512,0.01437790078452509,-0.006540289577623537,-0.014380210309674069,1.8522622951877565e-05,-0.029507941833851525,0.1473337345972734,0.1768416764311258,0.0,-0.029492413997233236,-3.183755031166413e-06,-0.009720578789710999,-0.17821040749549866,-0.6643552305430624,-0.2655693888412962,0.6546346517533408,0.08735898134578335,0.3484775241956144,0.09866318166099042,0.7268367963605965,0.4676828172959723,0.23383522033691406,-0.35222530364990234,-0.42079943141643916,-0.4395842849956981,0.6546346517533408,0.08735898134578335,0.3484775241956144,0.09866318166099042,0.7268367963605965,0.4676828172959723,-0.10562506576533437,-0.10561007369874176,0.04170866883193902,0.0,0.04170866883193902,0.041711605731785895,0.04171925736810422,0.0,0.1763421130723586,0.17633858251599932,0.3531837895034835,0.0,0.3531837895034835,0.3531711985667121,0.35317566644799925,0.0,b_to_a,-0.10562506576533437,0.04170866883193902,0.1763421130723586,0.3531837895034844,weapon,1,-0.28196717883769296,-0.2819486562147411,-0.3114751206715445,0.0,-0.3114751206715445,-0.3114595928349262,-0.311456409079895,0.0,,,,,,,,,0.8049819142450586,0.5940523259738225,0.3528981433924156,True,True,1.3003141808859534e-08,0.0,3.183755031166413e-06,True,0.0,0.0,True,1.8522622951877565e-05,True,1.4992066592611764e-05,3.530556359265802e-06,True,True,8,group,club-lex-3,8.881784197001252e-16,True,1.0,True,3,3,-0.28196717883769296,-0.31147512067154537,0.0,8.881784197001252e-16,True,True,True,1.0,ok,True,True,True,True,True,True,47.79636764526367,False,group,1,0.7750837540221379,1.0,1.0,1.0,1.0,1.0,True,True,True,True,True,True,True,True,club,0
5.4226049391799684e-05,5.146675680483955e-05,7.907968050393938e-05,0.03394274434112021,0.046191871026554705,0.05514716142127834,0.966003029609488,0.9537566622166405,0.9447737588982178,186,0.0113525390625,True,True,True,-6.439268985054748,group,0.5882063609538367,0.5882063609538367,41.187801361083984,41.187801361083984,0.785162355030023,0.785162355030023,-2.7592925869601313e-06,2.4853631112139695e-05,0.012249126685434493,0.021204417080158126,-0.012246367392847568,-0.02122927071127023,1.9472771839446068e-08,0.2523184143956074,0.4295198578212247,0.17720144342561683,0.0,0.2522938698285895,-1.2145439974631245e-05,-0.1066601574420929,-0.5384162366390228,-0.5450006988355085,-0.24679323005088705,0.43834054139341916,-0.2916230065881429,0.27438047156315487,0.16148735595111616,0.6776764089074023,0.6946317381289296,0.15509891510009766,-0.41971254348754883,-0.28324162629331795,-0.12808953689941305,0.43834054139341916,-0.2916230065881429,0.27438047156315487,0.16148735595111616,0.6776764089074023,0.6946317381289296,-0.05222530876114462,-0.05221613920920376,0.3772945490600801,0.0,0.3772945490600801,0.3772753671754323,0.37728394885497885,0.0,0.3081287156560233,0.3081378657351923,0.48533015908164057,0.0,0.48533015908164057,0.48533552176401074,0.48533195800358264,0.0,b_to_a,-0.052225308761146394,0.3772945490600783,0.30812871565602373,0.48533015908164057,weapon,1,-0.3603540244171679,-0.36035400494439607,-0.10803561002156048,0.0,-0.10803561002156048,-0.10806015458857843,-0.1080480091486038,0.0,,,,,,,,,0.8991478604549159,0.4379770008212025,0.19182386349776656,True,True,8.225656189799217e-09,0.0,1.2145439974631245e-05,True,0.0,0.0,True,1.9472771839446068e-08,True,9.169551940857446e-06,9.150079169018e-06,True,True,12,group,club-lex-3,8.881784197001252e-16,True,1.0,True,3,3,-0.3603540244171701,-0.10803561002156226,2.220446049250313e-15,1.7763568394002505e-15,True,True,True,1.0,ok,True,True,True,True,True,True,52.45768737792969,False,group,1,0.8820964777151221,1.0,1.0,1.0,1.0,1.0,True,True,True,True,True,True,True,True,club,0
1.3379373759777068e-05,4.97939184106482e-05,5.0353380239213444e-05,0.0019948288497863005,0.002914997281971384,0.0013536230684185564,0.9979917917764539,0.9970352087996179,0.9985960235513422,70,0.0042724609375,True,True,True,-5.004608077230787,observe,0.6875110429415597,0.6875110429415597,43.14303970336914,43.14303970336914,0.7083541743000035,0.7083541743000035,3.641454465087113e-05,3.6974006479436374e-05,0.0009201684321850836,-0.0006412057813677441,-0.0009565829768359846,0.0006042317748883308,1.62262973413263e-05,0.7782717695570076,0.011172895446302178,-0.7670841353776829,4.706602521231673e-05,0.7782415335901067,-4.3030197893756394e-06,0.9290246963500977,-0.8291263580322266,1.3504874675500442,1.3521904260037143,-0.4214627711999306,-2.1813167840359036,0.042565464170321116,0.09458896685603008,1.1191859575558725,1.343362894113945,0.04426002502441406,-2.5035781860351562,0.46572279622435975,-0.32226140199921627,-0.4214627711999306,-2.1813167840359036,0.042565464170321116,0.09458896685603008,1.1191859575558725,1.343362894113945,1.3142202869942317,1.3142253795688479,1.325384613087742,1.820011865660831e-06,1.3253412829124116,1.3253740208641638,1.3253769453307438,3.5279244414709865e-05,0.3793267115943477,0.3793155778716226,-0.3877807318691495,5.997229806098403e-06,-0.38777699601926763,-0.3877610881258269,-0.38776246667903624,3.03352194501727e-05,a_to_b,1.3141786069024946,1.3253515023487967,0.37931063029279066,-0.3877735050848923,timepiece,1,0.9348935753998839,0.9349098016972253,1.7131653449568915,-4.177217940437572e-06,1.7131182789316792,1.7131351089899907,1.71313941200978,4.944024964537164e-06,,,,,,,,,0.8416055695547999,0.5419711826733967,0.2937328891908926,True,True,1.944499330715626e-08,4.706602521231673e-05,4.3030197893756394e-06,True,4.177217940437572e-06,4.944024964537164e-06,True,1.62262973413263e-05,True,5.092574616227807e-06,1.1133722725098494e-05,True,True,4,observe,watch-lex-0,-8.790570479533244e-06,False,0.0,True,3,3,0.9348679766097039,1.713125007433689,2.559879018004807e-05,4.033752320253825e-05,True,True,True,1.0,ok,True,True,True,True,True,True,60.906028747558594,False,observe,1,0.7965147053063234,1.0,1.0,1.0,1.0,1.0,True,True,True,True,True,True,True,True,watch,0
1.3379373759777068e-05,6.575383692290266e-05,4.817728788854834e-05,0.0019948288497863005,0.0028433968009568063,0.002015833388988025,0.9979917917764539,0.9970908493621203,0.9979359893231234,60,0.003662109375,True,True,True,-5.004608077230787,observe,0.6103493857076872,0.6103493857076872,40.60409164428711,40.60409164428711,0.6260245567796866,0.6260245567796866,5.237446316312559e-05,3.479791412877127e-05,0.0008485679511705058,2.1004539201724317e-05,-0.0009009424143335831,-5.580245333047795e-05,1.5889736478591487e-05,0.03294107808920366,-0.3110303212245622,-0.34396669169937866,1.902564455935618e-05,0.03291001074082889,-2.510403215971735e-06,2.5864009857177734,1.0725183486938477,1.6364052303611807,1.3096069804442827,0.9499957553566354,-0.2370886317504315,0.07583471832154913,0.09996584092144169,1.159254298114287,0.5987280205315303,1.4213666915893555,-0.1281747817993164,0.4713709362327627,0.10891384995111952,0.9499957553566354,-0.2370886317504315,0.07583471832154913,0.09996584092144169,1.159254298114287,0.5987280205315303,1.592224579337298,1.5922322757170306,1.2812504468660428,2.9504403917357536e-05,1.2812255942382382,1.2812242195602312,1.2812299819998483,4.613219100058075e-05,0.3544184379694313,0.35441024461268533,0.010503227408972471,-3.792803534352629e-06,0.010497400425727221,0.010508067451535652,0.01051131948793671,3.053887287229884e-05,a_to_b,1.5922037761943617,1.2811734549697995,0.35444113706120195,0.010474445361823292,timepiece,1,1.2378061413678667,1.2378220311043453,1.2707472194570704,3.3297207451710165e-05,1.270728193812511,1.2707161521086956,1.2707186625119116,1.5593318128281908e-05,,,,,,,,,0.8112785666414425,0.5864571964832354,0.3439321234624455,True,True,1.6129639043803882e-08,1.902564455935618e-05,2.510403215971735e-06,True,3.3297207451710165e-05,1.5593318128281908e-05,True,1.5889736478591487e-05,True,7.696379732635705e-06,8.193356745955782e-06,True,True,8,observe,watch-lex-0,-8.790570479533244e-06,False,0.0,True,3,3,1.2377626391331598,1.2706990096079762,4.350223470694914e-05,4.8209849094149604e-05,True,True,True,1.0,ok,True,True,True,True,True,True,64.86022186279297,False,observe,1,0.765396462336606,1.0,1.0,1.0,1.0,1.0,True,True,True,True,True,True,True,True,watch,0
1.3379373759777068e-05,4.620916515501986e-05,2.3440132341951948e-05,0.0019948288497863005,0.0021087624488505307,0.002292170687515908,0.9979917917764539,0.9978450283859945,0.9976843891801422,136,0.00830078125,True,True,True,-5.004608077230787,observe,0.6859361852197042,0.6859361852197042,55.94453811645508,55.94453811645508,0.724559580874209,0.724559580874209,3.282979139524279e-05,1.006075858217488e-05,0.00011393359906423017,0.0002973418377296075,-0.00014676339045938125,-0.0003074025963116789,3.4354200453279304e-06,-0.7620908216844038,-0.6787285477111862,0.08339800878557746,2.3907758786023692e-05,-0.7621027061382826,-1.4141491497809966e-05,1.3236808776855469,0.40657806396484375,1.2796343295224286,0.5968422985365596,0.044046548163130694,-0.19026423457169628,0.0845367197903259,0.12692677768190938,0.9652976032881154,0.5315355992257603,0.28264522552490234,-0.07435894012451172,0.23859867736178497,0.1159052944472041,0.044046548163130694,-0.19026423457169628,0.0845367197903259,0.12692677768190938,0.9652976032881154,0.5315355992257603,1.2394633073899861,1.2394641537754545,0.5607974307494956,4.945735201644652e-05,0.5607726817758394,0.5607704895888261,0.5607858449335463,3.7633924579338895e-05,0.0555310207985098,0.05552843176393285,0.1389559658424231,1.351234137381141e-05,0.13895512462755288,0.1389409091356324,0.13894212298885478,1.7058221208010593e-05,a_to_b,1.2394639089890536,0.5607353612778674,0.05554300120617928,0.13894100999175674,timepiece,1,1.1839322865914763,1.1839357220115216,0.4218414649070725,3.594501064263511e-05,0.4218175571482865,0.42182958045319374,0.42184372194469155,2.0575703371328302e-05,,,,,,,,,0.8852080892432047,0.4659280889562979,0.21708900857361677,True,True,1.4587620548216165e-08,2.3907758786023692e-05,1.4141491497809966e-05,True,3.594501064263511e-05,2.0575703371328302e-05,True,3.4354200453279304e-06,True,8.463854683782301e-07,2.5890345769497003e-06,True,True,12,observe,watch-lex-0,-8.790570479533244e-06,False,0.0,True,3,3,1.1839209077828743,0.42179435128611065,1.1378808602025003e-05,4.711362096188054e-05,True,True,True,1.0,ok,True,True,True,True,True,True,77.21178436279297,False,observe,1,0.8590910806520049,1.0,1.0,1.0,1.0,1.0,True,True,True,True,True,True,True,True,watch,0
0.0001896993618105799,7.709156671385245e-05,9.364842437176556e-05,0.00021978168449011666,0.0006032142027671007,0.0006091564548383335,0.9995905189536993,0.999319694230519,0.9992971951207898,81,0.00494384765625,True,True,True,-0.14719419769537545,timepiece,0.6875110429415597,0.6875110429415597,43.14303970336914,43.14303970336914,0.7083541743000035,0.7083541743000035,-0.00011260779509672746,-9.605093743881435e-05,0.000383432518276984,0.0003893747703482168,-0.00027082472318029627,-0.0002933238329094756,1.1064567022600613e-05,0.18475093356360972,0.19455371065766158,0.00980277709405275,0.0,0.18474532297073232,1.1442747402057307e-05,-3.472593307495117,-2.0540504455566406,-2.224011192397418,-1.6439140663793914,-1.2485821150977152,-0.41013637917725987,0.21875746241803434,0.16972155615679607,1.7029254581179933,1.2705252889403371,-0.24144554138183594,0.6094083786010742,1.0071365737158642,1.0195447577783225,-1.2485821150977152,-0.41013637917725987,0.21875746241803434,0.16972155615679607,1.7029254581179933,1.2705252889403371,-0.9004466192882834,-0.9004547677046002,-0.70589290863062,0.0,-0.70589290863062,-0.7059068731579128,-0.7058836853715533,0.0,1.009637651690877,1.0096184387075375,1.0194404287849306,0.0,1.0194404287849306,1.0194320748505152,1.0194667053842768,0.0,b_to_a,-0.9004466192882834,-0.7058929086306218,1.009637651690876,1.0194404287849288,observe,1,-1.9100842709791603,-1.9100732064121377,-1.7253333374155506,0.0,-1.7253333374155506,-1.725338948008428,-1.72535039075583,0.0,,,,,,,,,0.8720334588482337,0.4898179908369593,0.2399216781911652,True,True,1.8893515154675195e-08,0.0,1.1442747402057307e-05,True,0.0,0.0,True,1.1064567022600613e-05,True,8.148416316799967e-06,1.921298333940058e-05,True,True,4,timepiece,watch-lex-0,1.7763568394002505e-15,True,1.0,True,3,3,-1.9100842709791594,-1.7253333374155506,-8.881784197001252e-16,0.0,True,True,True,1.0,ok,True,True,True,True,True,True,60.906028747558594,False,timepiece,1,0.8529545647558286,1.0,1.0,1.0,1.0,1.0,True,True,True,True,True,True,True,True,watch,0
0.0001896993618105799,5.0794630092522065e-05,7.734183281217166e-05,0.00021978168449011666,0.0009168714254076655,0.0002504743020453019,0.9995905189536993,0.9990323339444999,0.9996721838651426,77,0.00469970703125,True,True,True,-0.14719419769537545,timepiece,0.6103493857076872,0.6103493857076872,40.60409164428711,40.60409164428711,0.6260245567796866,0.6260245567796866,-0.00013890473171805786,-0.00011235752899840825,0.0006970897409175488,3.0692617555185236e-05,-0.0005581850091994633,8.166491144323551e-05,-4.93858677153014e-06,1.7180552634592328,0.42044434185584834,-1.2976109216033853,0.0,1.7180808769948772,2.9142321110953162e-05,-2.6099042892456055,-0.2687520980834961,-2.253754117990365,-1.3347125530888437,-0.3561501712552477,1.06596045500536,0.15370604612455793,0.4643924695110235,0.9717477499164676,0.8841283820238746,1.0725116729736328,1.1959161758422852,1.4286618442288734,0.12995572083693752,-0.3561501712552477,1.06596045500536,0.15370604612455793,0.4643924695110235,0.9717477499164676,0.8841283820238746,-1.3176498705747672,-1.3176380237772793,-0.8972055287189189,0.0,-0.8972055287189189,-0.8971857536822192,-0.8971931309983052,0.0,1.4283325397933329,1.4283493251775923,0.13072161818994843,0.0,0.13072161818994843,0.13071577969100368,0.1307375446960286,0.0,b_to_a,-1.3176498705747672,-0.8972055287189189,1.428332539793332,0.13072161818994665,observe,1,-2.7459824103681,-2.7459873489548716,-1.0279271469088673,0.0,-1.0279271469088673,-1.0279015333732229,-1.0279306756943338,0.0,,,,,,,,,0.8037630817155434,0.5967278485262034,0.3560841115027228,True,True,1.6874801328496473e-08,0.0,2.9142321110953162e-05,True,0.0,0.0,True,4.93858677153014e-06,True,1.1846797487891081e-05,1.678538425942122e-05,True,True,8,timepiece,watch-lex-0,1.7763568394002505e-15,True,1.0,True,3,3,-2.745982410368099,-1.0279271469088656,-8.881784197001252e-16,-1.7763568394002505e-15,True,True,True,1.0,ok,True,True,True,True,True,True,64.86022186279297,False,timepiece,1,0.7577288439668582,1.0,1.0,1.0,1.0,1.0,True,True,True,True,True,True,True,True,watch,0
0.0001896993618105799,4.1631773638824825e-05,5.3637513690080044e-05,0.00021978168449011666,0.000767900900447897,0.0005483121117199627,0.9995905189536993,0.9991904673259133,0.99939805037459,165,0.01007080078125,True,True,True,-0.14719419769537545,timepiece,0.6859361852197042,0.6859361852197042,55.94453811645508,55.94453811645508,0.724559580874209,0.724559580874209,-0.00014806758817175508,-0.00013606184812049987,0.0005481192159577803,0.00032853042722984606,-0.00040005162778600223,-0.00019246857910937276,1.5359582246077252e-06,0.5902010576223553,0.25338504042761834,-0.33681601719473697,0.0,0.5902006223204186,-1.4786563694357824e-05,-2.344538688659668,-1.803959846496582,-2.5399632072893272,-1.8587526276705066,0.1954245186296646,0.054792781173926386,0.40722798313603087,0.2649371217227408,0.8759951860498542,0.848708662043916,1.4461145401000977,0.9692039489746094,1.2506900214704384,0.9144111678006848,0.1954245186296646,0.054792781173926386,0.40722798313603087,0.2649371217227408,0.8759951860498542,0.848708662043916,-1.5165768476083592,-1.5165895739283997,-1.2631918071807409,0.0,-1.2631918071807409,-1.2632076347155419,-1.2631927078956267,0.0,1.2510259785195927,1.2510117162413277,0.9142099613248558,0.0,0.9142099613248558,0.9141945690919915,0.9141947093482123,0.0,b_to_a,-1.5165768476083592,-1.2631918071807409,1.2510259785195919,0.9142099613248549,observe,1,-2.767602826127952,-2.7676012901697273,-2.1774017685055966,0.0,-2.1774017685055966,-2.1774022038075334,-2.177387417243839,0.0,,,,,,,,,0.8877892586742262,0.46075335100150994,0.2122936183751417,True,True,1.4876537663022613e-08,0.0,1.4786563694357824e-05,True,0.0,0.0,True,1.5359582246077252e-06,True,1.272632004045704e-05,1.4262278265064765e-05,True,True,12,timepiece,watch-lex-0,1.7763568394002505e-15,True,1.0,True,3,3,-2.767602826127951,-2.1774017685055957,-8.881784197001252e-16,-8.881784197001252e-16,True,True,True,1.0,ok,True,True,True,True,True,True,77.21178436279297,False,timepiece,1,0.8662661061563601,1.0,1.0,1.0,1.0,1.0,True,True,True,True,True,True,True,True,watch,0
1.571433760986276e-05,1.9648555672521948e-05,1.3809308418397713e-05,0.0031536886520999825,0.0018681432746005867,0.001872907078965088,0.9968305970102902,0.9981122081697269,0.9981132836126165,52,0.003173828125,True,True,True,-5.30175452822237,observe,0.5696912087107134,0.5696912087107134,35.00595474243164,35.00595474243164,0.60400683846824,0.60400683846824,3.934218062659187e-06,-1.9050291914650474e-06,-0.0012855453774993958,-0.0012807815731348945,0.001281611159436702,0.0012826866023263328,1.38413855044206e-06,-0.3552077201936008,-0.3526609450961615,0.002546775097438392,0.0,-0.3552214599760628,-5.491515760347454e-06,0.9001007080078125,0.21779823303222656,0.22913485780873089,-0.12599414748097004,0.6709658501990674,0.34379238051318595,0.08968033531115455,0.09566902460407364,0.7198262350522041,0.42826610520143354,0.046654701232910156,-0.15668106079101562,-0.6243111489661706,-0.5004734413042122,0.6709658501990674,0.34379238051318595,0.08968033531115455,0.09566902460407364,0.7198262350522041,0.42826610520143354,0.2234303137657161,0.22344368807607395,-0.12923063133044543,0.0,-0.12923063133044543,-0.12924914267248155,-0.1292498010710208,0.0,-0.5236277320873155,-0.5236157419155081,-0.5210809569898762,0.0,-0.5210809569898762,-0.5210857285494503,-0.5210918784637499,0.0,a_to_b,0.2234303137657161,-0.12923063133044543,-0.5236277320873155,-0.5210809569898771,timepiece,1,0.7470580458530316,0.747059429991582,0.3918503256594308,0.0,0.3918503256594308,0.3918365858769688,0.39184207739272914,0.0,,,,,,,,,0.858665404622389,0.51257809382207,0.26273629259281533,True,True,1.875227112730991e-08,0.0,5.491515760347454e-06,True,0.0,0.0,True,1.38413855044206e-06,True,1.3374310357860963e-05,1.1990171807418903e-05,True,True,4,observe,watch-lex-1,8.881784197001252e-16,True,1.0,True,3,3,0.7470580458530316,0.3918503256594317,0.0,-8.881784197001252e-16,True,True,True,1.0,ok,True,True,True,True,True,True,57.95622253417969,False,observe,1,0.8521546650493838,1.0,1.0,1.0,1.0,1.0,True,True,True,True,True,True,True,True,watch,0
1.571433760986276e-05,2.33307389319951e-05,3.507528793866372e-05,0.0031536886520999825,0.0017382851689783743,0.002578015483364697,0.9968305970102902,0.9982383840920896,0.9973869092286967,64,0.00390625,True,True,True,-5.30175452822237,observe,0.6088369144254014,0.6088369144254014,40.626258850097656,40.626258850097656,0.6660562674274142,0.6660562674274142,7.616401322132339e-06,1.936095032880096e-05,-0.0014154034831216082,-0.0005756731687352854,0.0014077870817994498,0.0005563122184064628,-1.1294094155900325e-05,0.013604258350686571,0.40772507661203683,0.39412081826135115,0.0,0.013598924099561316,-2.1687911025303208e-05,1.1094951629638672,0.005827903747558594,0.4020574427837822,0.8079687323000773,0.7074377201800708,-0.8021408285525098,0.11550037809462142,0.06656073100342857,0.7530577390215276,0.4682792721705569,-0.15761470794677734,-0.9494028091430664,-0.8650524281268623,-0.14726198059054774,0.7074377201800708,-0.8021408285525098,0.11550037809462142,0.06656073100342857,0.7530577390215276,0.4682792721705569,0.3951982393930926,0.39518785062503525,0.8029233160051295,0.0,0.8029233160051295,0.8029123066239965,0.8029315632773937,0.0,-0.595673676220156,-0.5956727708940575,-0.20155285795880573,0.0,-0.20155285795880573,-0.20155853308881344,-0.20156096434644155,0.0,a_to_b,0.3951982393930926,0.8029233160051295,-0.5956736762201569,-0.20155285795880573,timepiece,1,0.9908719156132486,0.9908606215190927,1.0044761739639352,0.0,1.0044761739639352,1.00447083971281,1.0044925276238352,0.0,,,,,,,,,0.8242403204879077,0.5662428833492573,0.32063119052559547,True,True,1.778013303776e-08,0.0,2.1687911025303208e-05,True,0.0,0.0,True,1.1294094155900325e-05,True,1.038876805736777e-05,9.053260985325551e-07,True,True,8,observe,watch-lex-1,8.881784197001252e-16,True,1.0,True,3,3,0.9908719156132495,1.0044761739639352,-8.881784197001252e-16,0.0,True,True,True,1.0,ok,True,True,True,True,True,True,60.995235443115234,False,observe,1,0.8222708656849492,1.0,1.0,1.0,1.0,1.0,True,True,True,True,True,True,True,True,watch,0
1.571433760986276e-05,4.5625931382406005e-05,3.9996457129676e-05,0.0031536886520999825,0.0013031672816101398,0.0013775802593680286,0.9968305970102902,0.9986512067870075,0.9985824232835022,158,0.0096435546875,True,True,True,-5.30175452822237,observe,0.6868354323076623,0.6868354323076623,62.308441162109375,62.308441162109375,0.8198440418574717,0.8198440418574717,2.9911593772543244e-05,2.4282119519813238e-05,-0.0018505213704898427,-0.001776108392731954,0.0018206097767172746,0.0017518262732120204,2.672685831228705e-05,-0.1872162001855493,-0.1316853471221222,0.0555308530634262,0.0,-0.18720375836762226,2.6306992557678655e-06,0.9481287002563477,0.38228416442871094,1.07528890215662,0.9446746458849908,-0.12716020190029553,-0.5623904814562799,0.16027543473902703,0.15630749141857342,0.6624874211090209,0.6525344519855946,-1.0595064163208008,-1.2542943954467773,-0.9323462144205275,-0.6919039139904974,-0.12716020190029553,-0.5623904814562799,0.16027543473902703,0.15630749141857342,0.6624874211090209,0.6525344519855946,1.0659027063777877,1.0659225964374812,0.9342173592556655,0.0,0.9342173592556655,0.9342465421811799,0.9342180491554686,0.0,-0.8837750966195044,-0.8837819334181232,-0.8282442435560773,0.0,-0.8282442435560773,-0.82822750244849,-0.8282533647749455,0.0,a_to_b,1.0659027063777877,0.9342173592556655,-0.8837750966195044,-0.8282442435560782,timepiece,1,1.949677802997292,1.9497045298556044,1.7624616028117428,0.0,1.7624616028117428,1.7624740446296698,1.762471413930414,0.0,,,,,,,,,0.8969909769529512,0.44223310666162186,0.19557016894158968,True,True,1.4374612571686816e-08,0.0,2.6306992557678655e-06,True,0.0,0.0,True,2.672685831228705e-05,True,1.9890059693494777e-05,6.8367986187922725e-06,True,True,12,observe,watch-lex-1,8.881784197001252e-16,True,1.0,True,3,3,1.949677802997292,1.7624616028117437,0.0,-8.881784197001252e-16,True,True,True,1.0,ok,True,True,True,True,True,True,76.00035858154297,False,observe,1,0.8842189235647989,1.0,1.0,1.0,1.0,1.0,True,True,True,True,True,True,True,True,watch,0
1.4721570336189748e-05,6.201043367557431e-06,8.65502982955672e-06,0.00010319842473578361,7.257736744873982e-05,7.884589641982946e-05,0.999882080004928,0.9999212215891837,0.9999124990737506,65,0.00396728515625,True,True,True,-1.9473398006843716,timepiece,0.5696912087107134,0.5696912087107134,35.00595474243164,35.00595474243164,0.60400683846824,0.60400683846824,-8.520526968632316e-06,-6.066540506633028e-06,-3.062105728704379e-05,-2.435252831595415e-05,3.9141584255775186e-05,3.0419068822618023e-05,1.760799764305432e-05,0.2505809330631372,0.33342307215109024,0.08284213908795124,0.0,0.2506164875169308,3.42377048454523e-05,-0.48235034942626953,-1.3787264823913574,-0.7092372272389564,-0.5411887312204247,0.22688687781266736,-0.8375377511709452,0.3067277240129325,0.13251241044471754,0.6219089422870758,0.7285318022397482,-0.18013381958007812,-1.153935432434082,-0.40702069739276503,-0.31639768126314927,0.22688687781266736,-0.8375377511709452,0.3067277240129325,0.13251241044471754,0.6219089422870758,0.7285318022397482,-0.8645962250758412,-0.8645861157113544,-0.531173152924751,0.0,-0.531173152924751,-0.531177720757043,-0.531174077740932,0.0,-0.35200045864436724,-0.35200795727752343,-0.2691583195564142,0.0,-0.2691583195564142,-0.26919844184249975,-0.2691605611215433,0.0,b_to_a,-0.864596225075843,-0.5311731529247528,-0.35200045864436547,-0.2691583195564142,observe,1,-0.512595766431474,-0.5125781584338309,-0.26201483336833675,0.0,-0.26201483336833675,-0.2619792789145432,-0.26201351661938865,0.0,,,,,,,,,0.837873743276199,0.545866210958222,0.29796993340347794,True,True,1.7808293564385313e-08,0.0,3.42377048454523e-05,True,0.0,0.0,True,1.760799764305432e-05,True,1.0109364486865502e-05,7.4986331561888164e-06,True,True,4,timepiece,watch-lex-1,-1.7763568394002505e-15,True,1.0,True,3,3,-0.5125957664314775,-0.26201483336833853,3.552713678800501e-15,1.7763568394002505e-15,True,True,True,1.0,ok,True,True,True,True,True,True,57.95622253417969,False,timepiece,1,0.8362954827993417,1.0,1.0,1.0,1.0,1.0,True,True,True,True,True,True,True,True,watch,0
1.4721570336189748e-05,3.376513215848943e-06,5.7998485036522884e-06,0.00010319842473578361,4.3246334395510514e-05,4.61024670719373e-05,0.999882080004928,0.9999533771523886,0.9999480976844244,62,0.0037841796875,True,True,True,-1.9473398006843716,timepiece,0.6088369144254014,0.6088369144254014,40.626258850097656,40.626258850097656,0.6660562674274142,0.6660562674274142,-1.1345057120340805e-05,-8.92172183253746e-06,-5.9952090340273095e-05,-5.709595766384631e-05,7.12971474606805e-05,6.601767949643289e-05,-1.744282565674382e-05,0.4770342247527921,0.5409882130586805,0.06395398830588661,0.0,0.4770151649072645,-3.508762645942909e-05,-1.0533647537231445,-1.077977180480957,-1.1383942970526046,-0.7353736243109754,0.08502954332942281,-0.3426035561699692,0.5755936669550393,0.2696724253352737,0.7733574172496508,0.7106785477628701,-0.8441371917724609,-1.1795644760131836,-0.929166735101921,-0.836960919843202,0.08502954332942281,-0.3426035561699692,0.5755936669550393,0.2696724253352737,0.7733574172496508,0.7106785477628701,-1.472470203965841,-1.472471025406053,-0.9314819909071623,0.0,-0.9314819909071623,-0.9314788243114549,-0.9314756026877742,0.0,-0.8697411128177723,-0.8697244914323274,-0.8057871245118857,0.0,-0.8057871245118857,-0.8057648980706507,-0.8057967640734294,0.0,b_to_a,-1.472470203965841,-0.9314819909071606,-0.8697411128177706,-0.805787124511884,observe,1,-0.6027290911480687,-0.6027465339737255,-0.1256948663952766,0.0,-0.1256948663952766,-0.12571392624080424,-0.1256788386143448,0.0,,,,,,,,,0.7824234221679276,0.6227698681491068,0.38784230081658777,True,True,1.6304509180116658e-08,0.0,3.508762645942909e-05,True,0.0,0.0,True,1.744282565674382e-05,True,8.214402118511543e-07,1.6621385444892667e-05,True,True,8,timepiece,watch-lex-1,-1.7763568394002505e-15,True,1.0,True,3,3,-0.6027290911480705,-0.1256948663952766,1.7763568394002505e-15,0.0,True,True,True,1.0,ok,True,True,True,True,True,True,60.995235443115234,False,timepiece,1,0.7770629465601381,1.0,1.0,1.0,1.0,1.0,True,True,True,True,True,True,True,True,watch,0
1.4721570336189748e-05,1.889630612943332e-06,3.2183133791872118e-06,0.00010319842473578361,3.332029174660963e-05,3.5758681772414286e-05,0.999882080004928,0.9999647900776404,0.9999610230048483,191,0.01165771484375,True,True,True,-1.9473398006843716,timepiece,0.6868354323076623,0.6868354323076623,62.308441162109375,62.308441162109375,0.8198440418574717,0.8198440418574717,-1.2831939723246416e-05,-1.1503256957002535e-05,-6.987813298917398e-05,-6.743974296336932e-05,8.271007271243302e-05,7.8942999920395e-05,3.323172922620188e-06,0.4618495466838244,0.532476059961196,0.07062651327737157,0.0,0.46184260849392444,1.6008069986028772e-05,-1.832746982574463,-1.3503532409667969,-1.9015187154485265,-1.3282250388885704,0.06877173287408311,-0.022128202078238957,0.6922695997135889,0.5378120045483243,0.8450781696356336,0.7584319157357182,-1.2076692581176758,-1.191976547241211,-1.2764409909917394,-1.1698483451629844,0.06877173287408311,-0.022128202078238957,0.6922695997135889,0.5378120045483243,0.8450781696356336,0.7584319157357182,-2.0529324209754733,-2.052931363606664,-1.5204563610142774,0.0,-1.5204563610142774,-1.5204648685897642,-1.5204764153100427,0.0,-1.1304870155818616,-1.1304892813859748,-1.05986050230449,0.0,-1.05986050230449,-1.0598620716900768,-1.0598576103403694,0.0,b_to_a,-2.052932420975475,-1.5204563610142792,-1.1304870155818616,-1.05986050230449,observe,1,-0.9224454053936118,-0.9224420822206891,-0.46059585870978736,0.0,-0.46059585870978736,-0.4606027968996873,-0.46061880496967333,0.0,,,,,,,,,0.8908781745692678,0.4542551763506801,0.20634781247482245,True,True,1.3263995646275894e-08,0.0,1.6008069986028772e-05,True,0.0,0.0,True,3.323172922620188e-06,True,1.0573688093984401e-06,2.2658041132217477e-06,True,True,12,timepiece,watch-lex-1,-1.7763568394002505e-15,True,1.0,True,3,3,-0.9224454053936135,-0.46059585870978914,1.7763568394002505e-15,1.7763568394002505e-15,True,True,True,1.0,ok,True,True,True,True,True,True,76.00035858154297,False,timepiece,1,0.8943061777177782,1.0,1.0,1.0,1.0,1.0,True,True,True,True,True,True,True,True,watch,0
6.957536655417984e-06,6.951033238604542e-06,9.302739215071669e-06,0.0074057781008406475,0.0046555596343017865,0.0037262054679440635,0.9925872643625039,0.9953374893324597,0.9962644917928408,51,0.00311279296875,True,True,True,-6.9701903160658905,observe,0.6113424417692543,0.6113424417692543,36.40205001831055,36.40205001831055,0.6234589812467313,0.6234589812467313,-6.503416813441701e-09,2.3452025596536846e-06,-0.002750218466538861,-0.003679572632896584,0.0027502249699558057,0.003677227430336938,4.6359320222677525e-06,0.5140902907538898,0.29141858009415067,-0.2226717106597409,0.0,0.514093340519663,-1.68520186321075e-05,-0.0895395278930664,0.0917196273803711,0.0069495140121293986,0.27559613986320386,-0.09648904190518337,-0.18387651248285053,0.10880552257806994,0.07497107160788166,0.7657649403865171,0.5193878196684267,-0.1594676971435547,-0.41497802734375,-0.062978655238358,-0.23110151486091723,-0.09648904190518337,-0.18387651248285053,0.10880552257806994,0.07497107160788166,0.7657649403865171,0.5193878196684267,-0.000935166927579445,-0.0009420033531615246,0.29048341316656945,0.0,0.29048341316656945,0.2904870571518128,0.2904975533039629,0.0,-0.46419839426874354,-0.4642098666263479,-0.6868701049284844,0.0,-0.6868701049284844,-0.6868695107090144,-0.6868758665754964,0.0,a_to_b,-0.000935166927579445,0.2904834131665712,-0.46419839426874354,-0.6868701049284844,timepiece,1,0.4632632273411641,0.46326786327318636,0.9773535180950539,0.0,0.9773535180950539,0.9773565678608271,0.9773734198794592,0.0,,,,,,,,,0.8613405957263597,0.5081493338271179,0.25821568875133694,True,True,1.870973379344273e-08,0.0,1.68520186321075e-05,True,0.0,0.0,True,4.6359320222677525e-06,True,6.8364255820796416e-06,1.1472357604347394e-05,True,True,4,observe,watch-lex-2,8.881784197001252e-16,True,1.0,True,3,3,0.4632632273411641,0.9773535180950557,0.0,-1.7763568394002505e-15,True,True,True,1.0,ok,True,True,True,True,True,True,58.38724136352539,False,observe,1,0.8502346991524132,1.0,1.0,1.0,1.0,1.0,True,True,True,True,True,True,True,True,watch,0
6.957536655417984e-06,1.9035032809838647e-05,1.2528897917984684e-05,0.0074057781008406475,0.0027391499873185817,0.004805984978675095,0.9925872643625039,0.9972418149798715,0.9951814861234068,57,0.00347900390625,True,True,True,-6.9701903160658905,observe,0.6186138951522173,0.6186139410993593,41.1751594543457,41.1751594543457,0.6381444928765955,0.6381444928765955,1.2077496154420662e-05,5.5713612625667e-06,-0.004666628113522066,-0.0025997931221655524,0.0046545506173676365,0.0025942217609029594,1.7677567785590043e-05,-0.9804576670291603,-0.4182433039198621,0.5622143631092991,0.0,-0.98049610552986,-2.405710972386288e-05,1.5260906219482422,0.9032211303710938,1.0331370243493083,0.6114055011920065,0.4929535975989445,0.29181562917909076,0.3526306900541458,0.17926458383677835,0.9726820373576172,0.6303806252950473,-0.43822765350341797,-0.057659149169921875,-0.9311812511023518,-0.3494747783490082,0.4929535975989445,0.29181562917909076,0.3526306900541458,0.17926458383677835,0.9726820373576172,0.6303806252950473,1.0064556306119403,1.0064659441855692,0.5882123266920782,0.0,0.5882123266920782,0.5881887771937233,0.5882050712902274,0.0,-0.9946128712989157,-0.9946202352930724,-0.43239850818961756,0.0,-0.43239850818961756,-0.43238361918727275,-0.43239138220049256,0.0,a_to_b,1.0064556306119403,0.5882123266920782,-0.9946128712989166,-0.43239850818961756,timepiece,1,2.001068501910856,2.0010861794786416,1.0206108348816958,0.0,1.0206108348816958,1.020572396380996,1.02059645349072,0.0,,,,,,,,,0.8250940901142068,0.5652100587501426,0.31946240555928773,True,True,1.825521271137045e-08,0.0,2.405710972386288e-05,True,0.0,0.0,True,1.7677567785590043e-05,True,1.031357362890617e-05,7.363994156683873e-06,True,True,8,observe,watch-lex-2,8.881784197001252e-16,True,1.0,True,3,3,2.001068501910857,1.0206108348816958,-8.881784197001252e-16,0.0,True,True,True,1.0,ok,True,True,True,True,True,True,64.52325439453125,False,observe,1,0.8095260957055872,1.0,1.0,1.0,1.0,1.0,True,True,True,True,True,True,True,True,watch,0
6.957536655417984e-06,3.159363623076519e-05,1.5210009479069136e-05,0.0074057781008406475,0.0014487734412536456,0.002458682373064354,0.9925872643625039,0.9985196329225157,0.9975261076174566,160,0.009765625,True,True,True,-6.9701903160658905,observe,0.7248617393009438,0.7248617393009438,66.91387176513672,66.91387176513672,0.8060934928694489,0.8060934928694489,2.4636099575347204e-05,8.252472823651151e-06,-0.0059570046595870015,-0.0049470957277762935,0.00593236856001178,0.004938843254952752,-1.4142021715457531e-05,-1.2599102755972318,-0.731001985725829,0.5289082898714019,0.0,-1.2598960567823987,2.4114852225309846e-05,1.140122413635254,1.1060209274291992,1.550529297487948,0.808195430322872,-0.41040688385270485,0.2978254971063379,0.4735135378566613,0.26184300920390485,1.1590941308282774,0.873125507874084,-1.8013372421264648,-0.6432981491088867,-1.3909303582737707,-0.9411236462152139,-0.41040688385270485,0.2978254971063379,0.4735135378566613,0.26184300920390485,1.1590941308282774,0.873125507874084,1.51313023233031,1.5131226179842763,0.782128246604481,0.0,0.782128246604481,0.7821244352727685,0.7821134176816447,0.0,-1.6315432240919314,-1.6315366964162497,-1.1026349342205286,0.0,-1.1026349342205286,-1.1026529643670742,-1.1026398671059727,0.0,a_to_b,1.51313023233031,0.782128246604481,-1.6315432240919314,-1.1026349342205295,timepiece,1,3.1446734564222414,3.144659314400526,1.8847631808250096,0.0,1.8847631808250096,1.8847773996398427,1.8847532847876174,0.0,,,,,,,,,0.9012208473693649,0.43354502441757037,0.18796133326114425,True,True,1.590479863813196e-08,0.0,2.4114852225309846e-05,True,0.0,0.0,True,1.4142021715457531e-05,True,7.614346033690822e-06,6.527675681766709e-06,True,True,12,observe,watch-lex-2,8.881784197001252e-16,True,1.0,True,3,3,3.1446734564222414,1.8847631808250105,0.0,-8.881784197001252e-16,True,True,True,1.0,ok,True,True,True,True,True,True,83.01006317138672,False,observe,1,0.8885487089107574,1.0,1.0,1.0,1.0,1.0,True,True,True,True,True,True,True,True,watch,0
7.354137625628819e-06,1.2445748930243823e-06,3.935375204284055e-06,5.103284988763185e-05,2.7774997233704277e-05,3.9535091100881464e-05,0.9999416130124867,0.9999709804278732,0.9999565295336948,68,0.004150390625,True,True,True,-1.9372064437201555,timepiece,0.6113424417692543,0.6113424992028832,36.40205001831055,36.40205001831055,0.6234589812467313,0.6234589812467313,-6.109562732604437e-06,-3.4187624213447637e-06,-2.3257852653927574e-05,-1.1497758786750387e-05,2.9367415386505336e-05,1.4916521208108158e-05,1.272341438252056e-05,0.7981597837170877,1.1512122076178741,0.35305242390078995,0.0,0.7981481920219622,-2.4290824383044196e-05,-1.2301750183105469,-1.4474186897277832,-1.752545979307854,-1.4868998890101928,0.5223709609973248,0.03948119928244509,0.7059188485084603,0.4945898019434082,0.9551448022156653,0.9538355877858846,-0.11356163024902344,-0.24060630798339844,-0.6359325912463305,-0.280087507265808,0.5223709609973248,0.03948119928244509,0.7059188485084603,0.4945898019434082,0.9551448022156653,0.9538355877858846,-1.7764690768717806,-1.7764520878666534,-0.6252568692539064,0.0,-0.6252568692539064,-0.625264943756406,-0.6252504299544608,0.0,-0.6083333048856865,-0.6083290392949419,-0.2552808809849001,0.0,-0.2552808809849001,-0.25527736379227406,-0.25528714081471193,0.0,b_to_a,-1.7764690768717806,-0.6252568692539064,-0.6083333048856883,-0.2552808809848983,observe,1,-1.168135771986094,-1.1681230485717116,-0.36997598826900635,0.0,-0.36997598826900635,-0.3699875799641319,-0.36996328913974885,0.0,,,,,,,,,0.8357717963957745,0.5491453029398004,0.3015606271902178,True,True,2.0249927602129583e-08,0.0,2.4290824383044196e-05,True,0.0,0.0,True,1.272341438252056e-05,True,1.698900512714374e-05,4.265590744623182e-06,True,True,4,timepiece,watch-lex-2,0.0,True,1.0,True,3,3,-1.1681357719860923,-0.3699759882690081,-1.7763568394002505e-15,1.7763568394002505e-15,True,True,True,1.0,ok,True,True,True,True,True,True,58.38724136352539,False,timepiece,1,0.8271071257541991,1.0,1.0,1.0,1.0,1.0,True,True,True,True,True,True,True,True,watch,0
7.354137625628819e-06,4.805183156301321e-07,1.4184014228381992e-06,5.103284988763185e-05,1.4761926970123964e-05,2.1024177230285502e-05,0.9999416130124867,0.9999847575547143,0.9999775574213469,76,0.004638671875,True,True,True,-1.9372064437201555,timepiece,0.6186138951522173,0.6186139410993593,41.1751594543457,41.1751594543457,0.6381444928765955,0.6381444928765955,-6.873619309998687e-06,-5.935736202790619e-06,-3.627092291750788e-05,-3.000867265734635e-05,4.314454222753561e-05,3.59444088601224e-05,-1.0618370843928915e-05,0.7287987043604502,1.0824204123479593,0.353621707987509,0.0,0.7287867627837343,-9.10602398640492e-06,-0.3234882354736328,-0.9117393493652344,-1.7556826037841766,-1.4002919170519377,1.4321943683105829,0.48855256768670685,1.4727207139857046,0.6068612454036484,1.0577608336469164,0.7563179077743144,0.1226816177368164,-0.5369653701782227,-1.3095127505737274,-1.025517937864926,1.4321943683105829,0.48855256768670685,1.4727207139857046,0.6068612454036484,1.0577608336469164,0.7563179077743144,-2.7281530305361983,-2.7281331790215138,-1.645732618188239,0.0,-1.645732618188239,-1.6457266509889195,-1.6457327616531607,0.0,-1.2404181766323816,-1.2403877067468532,-0.8867964686448726,0.0,-0.8867964686448726,-0.8867785598688371,-0.8867937765570648,0.0,b_to_a,-2.7281530305361983,-1.645732618188239,-1.2404181766323816,-0.8867964686448726,observe,1,-1.4877348539038167,-1.4877454722746606,-0.7589361495433664,0.0,-0.7589361495433664,-0.7589480911200823,-0.7589389850960959,0.0,,,,,,,,,0.7853849001802665,0.6192168971117268,0.3834296646097041,True,True,1.7413786524804893e-08,0.0,9.10602398640492e-06,True,0.0,0.0,True,1.0618370843928915e-05,True,1.985151468453239e-05,3.0469885528461305e-05,True,True,8,timepiece,watch-lex-2,0.0,True,1.0,True,3,3,-1.4877348539038167,-0.7589361495433664,0.0,0.0,True,True,True,1.0,ok,True,True,True,True,True,True,64.52325439453125,False,timepiece,1,0.8014840174168198,1.0,1.0,1.0,1.0,1.0,True,True,True,True,True,True,True,True,watch,0
7.354137625628819e-06,4.770761298422371e-07,5.832257113213378e-07,5.103284988763185e-05,9.974878105815752e-06,8.726435819953422e-06,0.9999416130124867,0.9999895480457643,0.9999906903384688,159,0.00970458984375,True,True,True,-1.9372064437201555,timepiece,0.7248617393009438,0.7248617393009438,66.91387176513672,66.91387176513672,0.8060934928694489,0.8060934928694489,-6.8770614957865814e-06,-6.770911914307481e-06,-4.10579717818161e-05,-4.230641406767843e-05,4.7935033277601846e-05,4.907732598202763e-05,2.9079289015854215e-05,0.3346109111427271,0.20089818685065985,-0.13371272429206726,0.0,0.33462645760771537,3.825802220802643e-06,-1.414156436920166,-1.398076057434082,-2.6275255756001705,-2.393087260269297,1.2133691386800258,0.9950112028352542,2.14870538543019,1.8342643954026296,1.1408430059348749,1.0222606554473395,-0.6115121841430664,-0.9489145278930664,-1.8248813228230727,-1.9439257307282816,1.2133691386800258,0.9950112028352542,2.14870538543019,1.8342643954026296,1.1408430059348749,1.0222606554473395,-2.735342296576942,-2.7353278544392694,-2.534444109726282,0.0,-2.534444109726282,-2.5344321102414717,-2.534429183537135,0.0,-1.6323997980818543,-1.6324144352331977,-1.7661125223739216,0.0,-1.7661125223739216,-1.7661160693540996,-1.7661093168475421,0.0,b_to_a,-2.735342296576942,-2.534444109726282,-1.6323997980818543,-1.7661125223739216,observe,1,-1.1029424984950875,-1.1029134192060717,-0.7683315873523604,0.0,-0.7683315873523604,-0.7683160408873722,-0.768319866689593,0.0,,,,,,,,,0.8816255809755735,0.4721886038705625,0.22296218897940434,True,True,1.3051646124753571e-08,0.0,3.825802220802643e-06,True,0.0,0.0,True,2.9079289015854215e-05,True,1.4442137672432409e-05,1.4637151343421806e-05,True,True,12,timepiece,watch-lex-2,0.0,True,1.0,True,3,3,-1.1029424984950875,-0.7683315873523604,0.0,0.0,True,True,True,1.0,ok,True,True,True,True,True,True,83.01006317138672,False,timepiece,1,0.8665904655211594,1.0,1.0,1.0,1.0,1.0,True,True,True,True,True,True,True,True,watch,0
5.496132037355513e-05,5.361231746798202e-05,0.00013437141317476062,0.002401883763437962,0.0013318680263442288,0.0015335994085717173,0.9975431549161885,0.9986145196561877,0.9983320291782536,78,0.0047607421875,True,True,True,-3.7773677443040574,observe,0.64410383399383,0.64410383399383,38.62159729003906,38.62159729003906,0.6607529425585167,0.6607529425585167,-1.349002905573111e-06,7.94100928012055e-05,-0.0010700157370937334,-0.0008682843548662449,0.0010713647399992476,0.0007888742620650868,3.886497272453937e-06,0.777778126611512,0.9188288606896258,0.14103503921382732,-1.4771845419758733e-05,0.7778069786519959,1.3182385529830754e-06,0.28801631927490234,0.5472431182861328,-0.01733447206245131,0.8939215854664333,0.30535079133734655,-0.3466784671803005,0.0775770065588817,0.024826195438833642,1.2054279517731719,0.6992380713834897,-0.11403560638427734,-0.8922643661499023,-0.4193863977216301,-0.5455858989696019,0.30535079133734655,-0.3466784671803005,0.0775770065588817,0.024826195438833642,1.2054279517731719,0.6992380713834897,-0.024829285099066567,-0.02483012382548999,0.8939666769587955,-9.84801777903499e-07,0.8939871905391659,0.8939619964415435,0.8939831715730051,-2.3006757977839243e-05,-0.5896413512937357,-0.5896460765174316,-0.4486235158473857,1.8488304229791197e-06,-0.4486177741124351,-0.44865704840512155,-0.44863455503510696,4.924784024140649e-06,a_to_b,-0.02485082670651728,0.8939780339831085,-0.5896708430239777,-0.44863580381015034,timepiece,1,0.5648120661946692,0.5648159526919416,1.3425901928061812,-2.8336322008826187e-06,1.342604964651601,1.342619044846665,1.342617726608112,-2.7931542001979892e-05,,,,,,,,,0.8301482122451869,0.5585973217760293,0.3120307736141089,True,True,1.7211225817323224e-08,1.4771845419758733e-05,1.3182385529830754e-06,True,2.8336322008826187e-06,2.7931542001979892e-05,True,3.886497272453937e-06,True,8.387264234244185e-07,4.7252236958783556e-06,True,True,4,observe,watch-lex-3,1.1193700804490447e-05,False,0.0,True,3,3,0.5648200163174604,1.3426138377932588,-7.950122791200442e-06,-2.3644987077631185e-05,True,True,True,1.0,ok,True,True,True,True,True,True,58.450889587402344,False,observe,1,0.7958426345796977,1.0,1.0,1.0,1.0,1.0,True,True,True,True,True,True,True,True,watch,0
5.496132037355513e-05,7.393699003449958e-05,0.0001830741361011988,0.002401883763437962,0.0012049965299552102,0.0013075370676786672,0.9975431549161885,0.9987210664800102,0.9985093887962201,63,0.00384521484375,True,True,True,-3.7773677443040574,observe,0.5611248698319851,0.5611248102142874,34.91926193237305,34.91926193237305,0.5955184962282555,0.5955184962282555,1.8975669660944448e-05,0.00012811281572764369,-0.001196887233482752,-0.001094346695759295,0.001177911563821743,0.0009662338800315862,-3.679837446579626e-05,0.8249636222735113,0.9066779416477093,0.08166857936287908,-8.01016857021608e-06,0.8249818166235112,1.5960011529259077e-05,2.5911455154418945,2.854203224182129,0.30830174235959795,1.2139204374880297,2.282843773082341,1.6402827866940974,0.18335310279651643,0.05521789893956707,1.7855003279330377,0.7875656913548567,1.5710134506225586,0.6926355361938477,-0.711830322459738,-0.9476472505002516,2.282843773082341,1.6402827866940974,0.18335310279651643,0.05521789893956707,1.7855003279330377,0.7875656913548567,0.29658012248222576,0.29657382749962835,1.2032420101193058,6.953324223957225e-06,1.2032442010566484,1.2032614354330118,1.203250614973129,4.082708102259858e-06,-0.6898019703285208,-0.6897714669366524,-0.608103704964952,1.2601977109838458e-05,-0.6081095241961796,-0.608102474001246,-0.6080973344495995,1.0119243285089397e-05,a_to_b,0.2965835725741375,1.2032615142218468,-0.6897766436790924,-0.6081080643162133,timepiece,1,0.9863820928107465,0.9863452944362807,1.8113457150842578,-5.6486528858812335e-06,1.811353725252828,1.8113639094342577,1.8113479494227285,-6.036535182829539e-06,,,,,,,,,0.8063080490621174,0.5934083659854089,0.3521335733650945,True,True,1.625071138090686e-08,8.01016857021608e-06,1.5960011529259077e-05,True,5.6486528858812335e-06,6.036535182829539e-06,True,3.679837446579626e-05,True,6.294982597410126e-06,3.050339186838613e-05,True,True,8,observe,watch-lex-3,1.1193700804490447e-05,False,0.0,True,3,3,0.9863602162532299,1.8113695785380601,2.187655751662021e-05,-2.3863453802341894e-05,True,True,True,1.0,ok,True,True,True,True,True,True,58.63673782348633,False,observe,1,0.7586998563144826,1.0,1.0,1.0,1.0,1.0,True,True,True,True,True,True,True,True,watch,0
5.496132037355513e-05,6.458973782124697e-05,0.00011154375636589942,0.002401883763437962,0.0012714529997820145,0.0020446261914967906,0.9975431549161885,0.9986639572623968,0.9978438300521373,142,0.0086669921875,True,True,True,-3.7773677443040574,observe,0.6646293927455423,0.6646293927455423,58.00738525390625,58.00738525390625,0.7709738067548113,0.7709738067548113,9.628417447691842e-06,5.658243599234429e-05,-0.0011304307636559477,-0.00035725757194117165,0.0011208023462082606,0.00030067513594878026,4.627567671278143e-06,0.07129236239989734,0.5463614067798961,0.47505464053235613,-2.661528384351186e-07,0.07129770249696321,3.2425352056719703e-06,1.655838966369629,1.383427619934082,0.16887386336110666,0.7122951360730436,1.4869651030085365,0.6711324838610437,0.1223571705709745,0.02884429431899163,1.0043184376516958,0.5675410185129223,0.7913064956665039,0.39589595794677734,-0.6956586073420183,-0.27523652591426107,1.4869651030085365,0.6711324838610437,0.1223571705709745,0.02884429431899163,1.0043184376516958,0.5675410185129223,0.16141989867612416,0.16141620247273636,0.7077835589581607,1.2067741284482736e-05,0.7077803372023066,0.7077792283529387,0.7077569308032867,2.244275086837888e-05,-0.6360816538492529,-0.6360899776203119,-0.16101035596711366,6.583051140651719e-06,-0.1610138438758062,-0.16102002666940152,-0.16103908168384784,1.6136826544332905e-05,a_to_b,0.16142586902354594,0.707787275803442,-0.6360929901024406,-0.16103834957008445,timepiece,1,0.797501552525377,0.7975061800930483,0.8687939149252744,5.484690143831017e-06,0.8687941810781128,0.8687992550223402,0.8687960124871346,6.305924324045975e-06,,,,,,,,,0.8732855827286313,0.488020106478457,0.23816360490624852,True,True,1.4316276915456657e-08,2.661528384351186e-07,3.2425352056719703e-06,True,5.484690143831017e-06,6.305924324045975e-06,True,4.627567671278143e-06,True,3.6962033878040756e-06,8.323771059082219e-06,True,True,12,observe,watch-lex-3,1.1193700804490447e-05,False,0.0,True,3,3,0.7975188591259865,0.8688256253735265,-1.7306600609501288e-05,-3.1710448252120216e-05,True,True,True,1.0,ok,True,True,True,True,True,True,75.2391128540039,False,observe,1,0.8451576580944427,1.0,1.0,1.0,1.0,1.0,True,True,True,True,True,True,True,True,watch,0
3.4570020097475427e-06,2.43589647868433e-06,2.692854516753555e-06,0.00021667075132788196,0.00028771073989381147,0.0002829270536146326,0.9997798722466623,0.9997098533636275,0.9997143800918686,76,0.004638671875,True,True,True,-4.1379771840311275,timepiece,0.64410383399383,0.6441037258457794,38.62159729003906,38.62159729003906,0.6607529425585167,0.6607529425585167,-1.0211055310632125e-06,-7.641474929939876e-07,7.103998856592951e-05,6.625630228675061e-05,-7.001888303481696e-05,-6.54921547936782e-05,-1.0753223076420682e-05,0.11705343382391042,0.10028693711770131,-0.016766496706207334,0.0,0.11702784632031538,-9.193527729323137e-06,-0.14553308486938477,-0.3877525329589844,0.5301405438822684,0.41213764374272444,-0.6756736287516603,-0.7998901767017301,0.09446931331180805,0.052710340233384084,0.8788296178350926,0.9449925860605117,-0.39664173126220703,-0.5343761444091797,0.2790318974894479,0.2655140322925291,-0.6756736287516603,-0.7998901767017301,0.09446931331180805,0.052710340233384084,0.8788296178350926,0.9449925860605117,-0.3500868897856275,-0.35007552441305734,-0.2497999526679262,0.0,-0.2497999526679262,-0.24983314974425674,-0.24984387474228953,0.0,0.28357667371790996,0.28359879231355656,0.26681017701170084,0.0,0.26681017701170084,0.26680256743896535,0.26678264891320325,0.0,b_to_a,-0.3500868897856275,-0.2497999526679262,0.28357667371790996,0.2668101770117026,observe,1,-0.6336635635035375,-0.6336743167266139,-0.516610129679627,0.0,-0.516610129679627,-0.5166357171832221,-0.5166265236554928,0.0,,,,,,,,,0.8798942862782382,0.47534068303605226,0.22594882191360832,True,True,1.7987670063089763e-08,0.0,9.193527729323137e-06,True,0.0,0.0,True,1.0753223076420682e-05,True,1.136537257018233e-05,2.2118595646603012e-05,True,True,4,timepiece,watch-lex-3,0.0,True,1.0,True,3,3,-0.6336635635035375,-0.5166101296796288,0.0,1.7763568394002505e-15,True,True,True,1.0,ok,True,True,True,True,True,True,58.450889587402344,False,timepiece,1,0.8671364235953093,1.0,1.0,1.0,1.0,1.0,True,True,True,True,True,True,True,True,watch,0
3.4570020097475427e-06,1.6222678256386298e-06,2.3826946813552517e-06,0.00021667075132788196,0.00043644345362884977,0.0005635258033496832,0.9997798722466623,0.9995619342785456,0.9994340915019689,59,0.00360107421875,True,True,True,-4.1379771840311275,timepiece,0.5611248698319851,0.5611248698319851,34.91926193237305,34.91926193237305,0.5955184962282555,0.5955184962282555,-1.8347341841089129e-06,-1.074307328392291e-06,0.0002197727023009678,0.0003468550520218012,-0.0002179379681167548,-0.00034578074469338027,-3.929417744075181e-06,0.12885270187601527,0.3844070035856184,0.25555430170960314,0.0,0.12885701512663061,4.296630946143409e-06,-0.6654772758483887,0.12727642059326172,-0.2834114523558888,0.7577247616825442,-0.3820658234925176,-0.6304483410892914,0.05655946250314317,0.030957218409112818,0.8147483549843687,0.7896387776460825,0.3169126510620117,0.3250408172607422,0.6989784745545116,0.9554891583500247,-0.3820658234925176,-0.6304483410892914,0.05655946250314317,0.030957218409112818,0.8147483549843687,0.7896387776460825,-0.7565766796172841,-0.7565599185719307,-0.37216967603166395,0.0,-0.37216967603166395,-0.3721784355771671,-0.372170103937961,0.0,0.7002798956104925,0.70030058607359,0.9558341973200974,0.0,0.9558341973200974,0.9558211245239789,0.9558337527941312,0.0,b_to_a,-0.7565766796172841,-0.37216967603166573,0.7002798956104943,0.9558341973200974,observe,1,-1.4568565752277767,-1.4568605046455207,-1.3280038733517614,0.0,-1.3280038733517614,-1.327999560101146,-1.3280038567320922,0.0,,,,,,,,,0.7916115282989673,0.6112233235630455,0.37359381590003954,True,True,1.6565615428012955e-08,0.0,4.296630946143409e-06,True,0.0,0.0,True,3.929417744075181e-06,True,1.676104535341949e-05,2.069046309749467e-05,True,True,8,timepiece,watch-lex-3,0.0,True,1.0,True,3,3,-1.4568565752277784,-1.3280038733517632,1.7763568394002505e-15,1.7763568394002505e-15,True,True,True,1.0,ok,True,True,True,True,True,True,58.63673782348633,False,timepiece,1,0.7760464137257537,1.0,1.0,1.0,1.0,1.0,True,True,True,True,True,True,True,True,watch,0
3.4570020097475427e-06,3.379628781807739e-06,2.8814987379616257e-06,0.00021667075132788196,0.0004333688219550919,0.00037804732385702367,0.9997798722466623,0.9995632515492631,0.999619071177405,187,0.01141357421875,True,True,True,-4.1379771840311275,timepiece,0.6646293927455423,0.6646293927455423,58.00738525390625,58.00738525390625,0.7709738067548113,0.7709738067548113,-7.737322793980367e-08,-5.755032717859169e-07,0.00021669807062720992,0.0001613765725291417,-0.00021662069739925016,-0.0001608010692573103,1.7715169819965126e-05,-0.022885556605691804,-0.1594553216810386,-0.13656976507534946,0.0,-0.022882448092435226,2.705699602678635e-05,-0.26740598678588867,-0.16200542449951172,0.042806041337634326,-0.10696275719563175,-0.3102120281235443,-0.05504266730387286,0.04854237128355918,0.0302096394087252,0.6834796465378666,0.5696565975757212,0.3798027038574219,0.5003242492675781,0.6900147319809466,0.5553669165714581,-0.3102120281235443,-0.05504266730387286,0.04854237128355918,0.0302096394087252,0.6834796465378666,0.5696565975757212,-0.02263586669940132,-0.022628680205754037,-0.1820911883804417,0.0,-0.1820911883804417,-0.18208098588259958,-0.18209100841034065,0.0,0.6932102219211966,0.693199693245024,0.5566404568458481,0.0,0.5566404568458481,0.5566475508304336,0.5566645852987193,0.0,b_to_a,-0.022635866699403095,-0.1820911883804417,0.6932102219211975,0.5566404568458481,observe,1,-0.715846088620598,-0.715828373450778,-0.7387316452262898,0.0,-0.7387316452262898,-0.7387285367130332,-0.73875559370906,0.0,,,,,,,,,0.8870170769366471,0.4617495039325261,0.2132126393816441,True,True,1.428181929503476e-08,0.0,2.705699602678635e-05,True,0.0,0.0,True,1.7715169819965126e-05,True,7.186493647282077e-06,1.0528676172683049e-05,True,True,12,timepiece,watch-lex-3,0.0,True,1.0,True,3,3,-0.7158460886206006,-0.7387316452262898,2.6645352591003757e-15,0.0,True,True,True,1.0,ok,True,True,True,True,True,True,75.2391128540039,False,timepiece,1,0.8835553323217377,1.0,1.0,1.0,1.0,1.0,True,True,True,True,True,True,True,True,watch,0
3.5440846978964286e-05,2.1628842147269238e-05,2.387175172451947e-05,0.00424422151226445,0.0036843429939751207,0.006055894566679912,0.9957203376407566,0.9962940281638776,0.9939202336815957,70,0.0042724609375,True,True,True,-4.78544866818429,fruit,0.5840385627896054,0.5840385627896054,32.735015869140625,32.735015869140625,0.6506367663323416,0.6506367663323416,-1.3812004831695048e-05,-1.1569095254444815e-05,-0.0005598785182893292,0.0018116730544154623,0.000573690523120951,-0.0018001039591609702,8.580604381691614e-06,-0.39827177340914766,0.09866811510117302,0.49693988851032067,0.0,-0.3982741908285252,-3.689963205477653e-05,0.6958675384521484,0.23003435134887695,0.6335056387023421,-0.0534363624525831,0.06236189974978856,0.28347071380144584,0.024011042914429244,0.04514372480275507,0.4583040782783825,0.5858329706273212,0.4157676696777344,1.1104373931884766,0.35340576992792805,0.8269666793870165,0.06236189974978856,0.28347071380144584,0.024011042914429244,0.04514372480275507,0.4583040782783825,0.5858329706273212,-0.4938373158200342,-0.4938181308933647,-0.3951692007188612,0.0,-0.3951692007188612,-0.3951936989943192,-0.3951693579069122,0.0,-0.14146619586436593,-0.1414555915420781,0.35547369264595474,0.0,0.35547369264595474,0.3554516117898743,0.3554390532452265,0.0,a_to_b,-0.4938373158200342,-0.3951692007188612,-0.14146619586436593,0.35547369264595474,calendar,1,-0.3523711199556683,-0.3523625393512866,-0.7506428933648159,0.0,-0.7506428933648159,-0.7506453107841935,-0.7506084111521387,0.0,,,,,,,,,0.824859344812921,0.5664820966895194,0.3209022452725728,True,True,1.501883211900182e-08,0.0,3.689963205477653e-05,True,0.0,0.0,True,8.580604381691614e-06,True,1.9184926669524316e-05,1.0604322287832701e-05,True,True,4,fruit,date-lex-0,8.881784197001252e-16,True,1.0,True,3,3,-0.3523711199556683,-0.7506428933648159,0.0,0.0,True,True,True,1.0,ok,True,True,True,True,True,True,50.31227493286133,False,fruit,1,0.7888666173563686,1.0,1.0,1.0,1.0,1.0,True,True,True,True,True,True,True,True,date,0
3.5440846978964286e-05,2.944011386769418e-05,3.9375723435480705e-05,0.00424422151226445,0.0044585798703940605,0.004201707739476498,0.9957203376407566,0.9955119800157382,0.995758916537088,61,0.00372314453125,True,True,True,-4.78544866818429,fruit,0.5557083956550102,0.5557084341461389,33.38142013549805,33.38142013549805,0.7027327651877439,0.7027327651877439,-6.000733111270106e-06,3.934876456516419e-06,0.0002143583581296106,-4.2513772787951785e-05,-0.00020835762501847377,3.857889633140932e-05,1.7023707737706673e-05,0.35013056163196055,0.29079130829988387,-0.059339253332074016,0.0,0.35016818329616584,4.380388668323576e-05,0.7038049697875977,1.0225791931152344,0.43893892610477714,0.7365574546897378,0.26486604368282585,0.28602173842550016,0.07356877319241135,0.01912361509735588,0.46512616348743213,0.36494514581620074,0.44927215576171875,0.20692729949951172,0.18440611207889823,-0.07909443892598489,0.26486604368282585,0.28602173842550016,0.07356877319241135,0.01912361509735588,0.46512616348743213,0.36494514581620074,-0.18550686276455863,-0.18551539186726984,0.10528444553532701,0.0,0.10528444553532701,0.10531180619749314,0.10528786847912563,0.0,0.04927188700896057,0.049246334198511654,-0.010067366323114335,0.0,-0.010067366323114335,-0.010077627325153493,-0.010057761156837763,0.0,a_to_b,-0.18550686276455863,0.10528444553532523,0.04927188700896057,-0.010067366323113447,calendar,1,-0.2347787497735192,-0.2347617260657815,0.11535181185844134,0.0,0.11535181185844134,0.11538943352264663,0.1153456296359634,0.0,,,,,,,,,0.7856899260824084,0.6189115933116021,0.3830516364762475,True,True,1.4216629829718017e-08,0.0,4.380388668323576e-05,True,0.0,0.0,True,1.7023707737706673e-05,True,8.52910271120777e-06,2.5552810448914443e-05,True,True,8,fruit,date-lex-0,8.881784197001252e-16,True,1.0,True,3,3,-0.2347787497735192,0.11535181185843868,0.0,2.6645352591003757e-15,True,True,True,1.0,ok,True,True,True,True,True,True,47.502296447753906,False,fruit,1,0.7667047132732893,1.0,0.0,1.0,0.0,1.0,True,True,True,True,True,True,True,True,date,0
3.5440846978964286e-05,5.7953871708959694e-05,4.822784186418572e-05,0.00424422151226445,0.0038373730489090784,0.00410315922266987,0.9957203376407566,0.996104673079382,0.9958486129354659,151,0.00921630859375,True,True,True,-4.78544866818429,fruit,0.6193629488948391,0.6193629488948391,51.45198059082031,51.45198059082031,0.8477577815515045,0.8477577815515045,2.2513024729995408e-05,1.2786994885221436e-05,-0.00040684846335537145,-0.00014106228959458005,0.00038433543862537167,0.00012827529470926802,-3.600576474305228e-06,-0.2506800808852745,-0.18371089242417327,0.06696918846110123,0.0,-0.2506784595516267,1.1000060911925402e-05,0.9777889251708984,0.32884979248046875,0.7956522012098759,0.1422387562281653,0.18213672396100478,0.18661103625227682,0.19432705104816547,0.3192002118068182,0.543234759297218,0.536081504819553,0.13151836395263672,0.23884868621826172,-0.05061836000838582,0.052237649965958255,0.18213672396100478,0.18661103625227682,0.19432705104816547,0.3192002118068182,0.543234759297218,0.536081504819553,0.4917823543463271,0.4917909645332692,0.30807146192215384,0.0,0.30807146192215384,0.3080588610570736,0.30805504880370016,0.0,-0.10077038295983431,-0.10075817219641792,-0.03380119449873309,0.0,-0.03380119449873309,-0.03381541669746113,-0.03380822888992263,0.0,a_to_b,0.4917823543463271,0.30807146192215384,-0.10077038295983343,-0.0338011944987322,calendar,1,0.5925527373061614,0.5925491367296871,0.34187265642088693,0.0,0.34187265642088693,0.3418742777545347,0.3418632776936228,0.0,,,,,,,,,0.8923234554336253,0.4514313413081636,0.2037903070822212,True,True,1.2051409464109786e-08,0.0,1.1000060911925402e-05,True,0.0,0.0,True,3.600576474305228e-06,True,8.610186942092923e-06,1.2210763416398152e-05,True,True,12,fruit,date-lex-0,8.881784197001252e-16,True,1.0,True,3,3,0.5925527373061605,0.34187265642088605,8.881784197001252e-16,8.881784197001252e-16,True,True,True,1.0,ok,True,True,True,True,True,True,60.69184112548828,False,fruit,1,0.8867062147444563,1.0,1.0,1.0,1.0,1.0,True,True,True,True,True,True,True,True,date,0
3.3492338430919536e-06,2.703559463973928e-06,2.78979486397502e-06,0.0007951296869655216,0.0005559244033519002,0.0007587224015157112,0.9992015210791915,0.9994413720371841,0.9992384878036202,61,0.00372314453125,True,True,True,-5.469773613483193,calendar,0.5840385627896054,0.5840385627896054,32.735015869140625,32.735015869140625,0.6506367663323416,0.6506367663323416,-6.456743791180255e-07,-5.594389791169335e-07,-0.00023920528361362134,-3.64072854498104e-05,0.00023985095799261558,3.696672442876636e-05,-2.9616818419953006e-06,-0.27960480538661336,0.03139884289335626,0.31100364827996785,0.0,-0.279617856941341,-1.4897031519467419e-05,-0.07157325744628906,-0.10997200012207031,-0.0862674602721949,-0.03980944095004446,0.014694202825923597,-0.07016255917198855,0.004005194274624839,0.003208831554397069,0.42374639807571907,0.2983891730143178,-0.412752628326416,-0.2086472511291504,-0.42744683115232185,-0.13848469195712543,0.014694202825923597,-0.07016255917198855,0.004005194274624839,0.003208831554397069,0.42374639807571907,0.2983891730143178,-0.2141623913458801,-0.21416627485099404,-0.18276354845252385,0.0,-0.18276354845252385,-0.18277079177555322,-0.1827642827026601,0.0,-0.3578729097968285,-0.35787383162010045,-0.046869261516858884,0.0,-0.046869261516858884,-0.04686345328516062,-0.04687184124378696,0.0,b_to_a,-0.2141623913458819,-0.18276354845252563,-0.3578729097968285,-0.04686926151686066,fruit,1,0.1437105184509484,0.1437075567691064,-0.13589428693566497,0.0,-0.13589428693566497,-0.1359073384903926,-0.13589244145887314,0.0,,,,,,,,,0.8805939374052377,0.4747055117526995,0.22534538657384048,True,True,1.4811276163348818e-08,0.0,1.4897031519467419e-05,True,0.0,0.0,True,2.9616818419953006e-06,True,3.8835051139329835e-06,9.218232719376829e-07,True,True,4,calendar,date-lex-0,8.881784197001252e-16,True,1.0,True,3,3,0.14371051845094662,-0.13589428693566497,1.7763568394002505e-15,0.0,True,True,True,1.0,ok,True,True,True,True,True,True,50.31227493286133,False,calendar,1,0.8524687826552951,1.0,0.0,1.0,0.0,1.0,True,True,True,True,True,True,True,True,date,0
3.3492338430919536e-06,1.3775463215522766e-06,3.6181623731537447e-06,0.0007951296869655216,0.0003561501866314792,0.0007516339422462895,0.9992015210791915,0.9996424722670469,0.9992447478953805,73,0.00445556640625,True,True,True,-5.469773613483193,calendar,0.5557083956550102,0.5557084341461389,33.38142013549805,33.38142013549805,0.7027327651877439,0.7027327651877439,-1.971687521539677e-06,2.689285300617911e-07,-0.00043897950033404236,-4.3495744719232086e-05,0.00044095118785547616,4.3226816189068096e-05,-3.8882934205730635e-06,0.2187654644253083,0.9656623764828591,0.7468969120575517,0.0,0.21876660320872432,-6.370677670730629e-06,-0.18632745742797852,0.49604129791259766,-0.5623497908297992,0.34110303971273837,0.37602233340183133,0.1549382581998966,0.008832225609093759,0.0006598689672404733,0.5042430441512386,0.2880726827770846,-0.552527904510498,0.08023524284362793,-0.9285502379123187,-0.07470301535623225,0.37602233340183133,0.1549382581998966,0.008832225609093759,0.0006598689672404733,0.5042430441512386,0.2880726827770846,-0.8884277273849577,-0.8884380255983562,0.07723464909790323,0.0,0.07723464909790323,0.07723837301600156,0.07724743746770812,0.0,-0.8031527151597242,-0.8031591250797021,-0.0562558031021716,0.0,-0.0562558031021716,-0.05625321796748928,-0.056250524193453444,0.0,b_to_a,-0.8884277273849577,0.07723464909790145,-0.8031527151597251,-0.056255803102173374,fruit,1,-0.08527501222523348,-0.08527890051865405,0.13349045220007483,0.0,0.13349045220007483,0.13349159098349084,0.13349796166116157,0.0,,,,,,,,,0.8359422120968983,0.5488702627350436,0.30125852251727364,True,True,1.286698955624773e-08,0.0,6.370677670730629e-06,True,0.0,0.0,True,3.8882934205730635e-06,True,1.0298213398485245e-05,6.409919977912182e-06,True,True,8,calendar,date-lex-0,8.881784197001252e-16,True,1.0,True,3,3,-0.0852750122252326,0.13349045220007483,-8.881784197001252e-16,0.0,True,True,True,1.0,ok,True,True,True,True,True,True,47.502296447753906,False,calendar,1,0.8283138148958349,1.0,0.0,1.0,0.0,1.0,True,True,True,True,True,True,True,True,date,0
3.3492338430919536e-06,1.919327913745587e-06,4.1353292610449505e-06,0.0007951296869655216,0.00041655708519892475,0.000806807665749591,0.9992015210791915,0.9995815235868873,0.9991890570049894,180,0.010986328125,True,True,True,-5.469773613483193,calendar,0.6193629488948391,0.6193629879859172,51.45198059082031,51.45198059082031,0.8477577815515045,0.8477577815515045,-1.4299059293463665e-06,7.86095417952997e-07,-0.0003785726017665968,1.1677978784069396e-05,0.00038000250769587574,-1.2464074202078734e-05,-2.991275636077262e-06,0.10653007734874897,0.7675918732922735,0.6610617959435263,0.0,0.10653337465961599,7.74067284758928e-06,0.05058002471923828,0.45450401306152344,-0.24624917535514435,0.35469037154978444,0.29682920007440927,0.09981364151176209,0.006793930679260285,0.0030805363283519602,0.20938168367010648,0.3999101163983577,-0.45107555389404297,0.09146976470947266,-0.7479047539684256,-0.008343876802266337,0.29682920007440927,0.09981364151176209,0.006793930679260285,0.0030805363283519602,0.20938168367010648,0.3999101163983577,-0.5567565362901981,-0.5567445867095167,0.21083533700207724,0.0,0.21083533700207724,0.21082994095021945,0.2108213331723494,0.0,-0.6464817180926126,-0.6464667772362951,0.014580077850913753,0.0,0.014580077850913753,0.014571384488188954,0.014570517383166504,0.0,b_to_a,-0.5567565362901963,0.21083533700207724,-0.6464817180926126,0.014580077850913753,fruit,1,0.08972518180241451,0.08972219052677843,0.19625525915116349,0.0,0.19625525915116349,0.1962585564620305,0.1962508157891829,0.0,,,,,,,,,0.8942860869811963,0.4476006082940829,0.20034623825672182,True,True,1.2362375824012536e-08,0.0,7.74067284758928e-06,True,0.0,0.0,True,2.991275636077262e-06,True,1.194958068140295e-05,1.4940856317480211e-05,True,True,12,calendar,date-lex-0,8.881784197001252e-16,True,1.0,True,3,3,0.08972518180241629,0.19625525915116349,-1.7763568394002505e-15,0.0,True,True,True,1.0,ok,True,True,True,True,True,True,60.69184112548828,False,calendar,1,0.8846001131596524,1.0,1.0,1.0,1.0,1.0,True,True,True,True,True,True,True,True,date,0
7.041264659784832e-05,0.0001787650933873385,6.680031863458673e-05,0.0019185197241968217,0.002422580029199953,0.0017163801468253776,0.9980110676292053,0.9973986548774127,0.99821681953454,71,0.00433349609375,True,True,True,-3.30493630448061,fruit,0.5203830199823753,0.5203830199823753,27.993980407714844,27.993980407714844,0.6398474575266273,0.6398474575266273,0.00010835244678949018,-3.6123279632615884e-06,0.0005040603050031312,-0.0002021395773714441,-0.0006124127517925793,0.00020575190533467236,-9.846073798946975e-06,-0.6397491733187843,-0.9843647660298824,-0.34461559271109987,0.0,-0.6397834375755735,-6.138096856567188e-06,1.0224504470825195,-0.017106056213378906,0.8953427924584911,0.06482396998484496,0.12710765462398754,-0.0819300261982221,0.01625607663780836,0.09203382710207263,0.9645588088958441,0.5720809180880506,0.4942455291748047,0.08020591735839844,0.3671378745507763,0.1621359435566223,0.12710765462398754,-0.0819300261982221,0.01625607663780836,0.09203382710207263,0.9645588088958441,0.5720809180880506,0.931699730335156,0.931701335195374,-0.052665035694728246,0.0,-0.052665035694728246,-0.052689470559382556,-0.05269537470205954,0.0,0.23327918832329964,0.23329063925731663,-0.11133640438780024,0.0,-0.11133640438780024,-0.11132657499566534,-0.11133861723519889,0.0,a_to_b,0.931699730335156,-0.05266503569472647,0.23327918832329964,-0.11133640438780024,calendar,1,0.6984205420118563,0.6984106959380574,0.05867136869307199,0.0,0.05867136869307199,0.05863710443628278,0.05864324253313935,0.0,,,,,,,,,0.8697050180566478,0.49451593153036827,0.24454602599066624,True,True,1.1010275097535912e-08,0.0,6.138096856567188e-06,True,0.0,0.0,True,9.846073798946975e-06,True,1.60486021805184e-06,1.1450934016998815e-05,True,True,4,fruit,date-lex-1,2.6645352591003757e-15,True,1.0,True,3,3,0.6984205420118563,0.05867136869307377,0.0,-1.7763568394002505e-15,True,True,True,1.0,ok,True,True,True,True,True,True,43.75102233886719,False,fruit,1,0.8391589218878591,1.0,1.0,1.0,1.0,1.0,True,True,True,True,True,True,True,True,date,0
7.041264659784832e-05,7.973579625616133e-05,9.456965456409215e-05,0.0019185197241968217,0.0024859960435086384,0.001657848312078304,0.9980110676292053,0.9974342681602352,0.9982475820333576,66,0.0040283203125,True,True,True,-3.30493630448061,fruit,0.5922967479535194,0.5922967085623935,32.83285140991211,32.83285140991211,0.6957216794801294,0.6957216794801294,9.32314965831301e-06,2.4157007966243827e-05,0.0005674763193118167,-0.0002606714121185178,-0.0005767994689701572,0.0002365144041522882,-2.7178706635488936e-05,0.5757708634320364,0.17061802588837516,-0.4051528375436648,0.0,0.5758016798606169,1.1521599016184325e-05,-0.2295074462890625,-0.2737092971801758,0.030528095090151197,0.0017054994176106675,-0.26003554137923857,-0.27541479659779,0.04974295871370149,0.018350431904344926,0.5730552425047586,0.4254504470721584,-0.3124399185180664,-0.6714649200439453,-0.05240437713885271,-0.39605012344615886,-0.26003554137923857,-0.27541479659779,0.04974295871370149,0.018350431904344926,0.5730552425047586,0.4254504470721584,0.12434573622685363,0.12433719944541721,0.29496376211522524,0.0,0.29496376211522524,0.29496447978758233,0.294960316661248,0.0,0.2591194898749887,0.25913813180018774,-0.14603334766867615,0.0,-0.14603334766867615,-0.14606344642489955,-0.1460560879522177,0.0,a_to_b,0.12434573622685363,0.2949637621152288,0.2591194898749887,-0.14603334766867615,calendar,1,-0.13477375364813504,-0.13480093235477053,0.4409971097839014,0.0,0.4409971097839014,0.4410279262124819,0.4410164046134657,0.0,,,,,,,,,0.8197962971330756,0.5726663390294793,0.3279467200374351,True,True,9.959768404137839e-09,0.0,1.1521599016184325e-05,True,0.0,0.0,True,2.7178706635488936e-05,True,8.536781436419005e-06,1.864192519906993e-05,True,True,8,fruit,date-lex-1,2.6645352591003757e-15,True,1.0,True,3,3,-0.13477375364813504,0.44099710978390494,0.0,-3.552713678800501e-15,True,True,True,1.0,ok,True,True,True,True,True,True,47.192508697509766,False,fruit,1,0.8162582448404788,1.0,0.0,1.0,0.0,1.0,True,True,True,True,True,True,True,True,date,0
7.041264659784832e-05,6.798662206045916e-05,9.479411515587468e-05,0.0019185197241968217,0.002406880972048159,0.0018145160397927853,0.9980110676292053,0.9975251324058915,0.9980906898450513,166,0.0101318359375,True,True,True,-3.30493630448061,fruit,0.5319936630648571,0.5319936630648571,35.9006233215332,35.9006233215332,0.7736607066889096,0.7736607066889096,-2.426024537389163e-06,2.438146855802636e-05,0.0004883612478513374,-0.00010400368440403635,-0.0004859352233138603,7.962221584600915e-05,-3.6777495854067865e-05,0.6149092989140943,0.33239637950299006,-0.282512919411106,0.0,0.6148848055079688,-3.5669706466734397e-05,-0.11965751647949219,0.05626487731933594,-0.16462239486599373,-0.003063113496624581,0.04496487838650154,0.059327990816040455,0.07325591086651936,0.031913326992315,0.3653188533874942,0.22691098224557302,-0.201568603515625,-0.10922050476074219,-0.24653348190212654,-0.1685484955767027,0.04496487838650154,0.059327990816040455,0.07325591086651936,0.031913326992315,0.3653188533874942,0.22691098224557302,-0.035061934788451765,-0.03506736958615875,0.2973344447145365,0.0,0.2973344447145365,0.29732721257183314,0.2973299258496045,0.0,0.22677779512635343,0.22680913782450052,-0.05573512428475258,0.0,-0.05573512428475258,-0.055717863021330416,-0.0557508194500258,0.0,a_to_b,-0.035061934788451765,0.2973344447145383,0.22677779512635343,-0.05573512428475258,calendar,1,-0.2618397299148052,-0.26187650741065926,0.3530695689992891,0.0,0.3530695689992891,0.35304507559316356,0.3530807452996303,0.0,,,,,,,,,0.8917522355462937,0.452551869127883,0.20480325813673678,True,True,7.93842124482215e-09,0.0,3.5669706466734397e-05,True,0.0,0.0,True,3.6777495854067865e-05,True,5.434797706982408e-06,3.134269814708546e-05,True,True,12,fruit,date-lex-1,2.6645352591003757e-15,True,1.0,True,3,3,-0.2618397299148052,0.3530695689992909,0.0,-1.7763568394002505e-15,True,True,True,1.0,ok,True,True,True,True,True,True,46.4035758972168,False,fruit,1,0.8867235471824017,1.0,0.0,1.0,0.0,1.0,True,True,True,True,True,True,True,True,date,0
2.7422027462236176e-07,3.365305941249267e-07,6.912796330235481e-07,0.001371393313144303,0.0016959032839787374,0.002430296440743476,0.9986283324665811,0.9983037601854271,0.9975690122796236,55,0.00335693359375,True,True,True,-8.51740609249135,calendar,0.5203830199823753,0.5203830199823753,27.993980407714844,27.993980407714844,0.6398474575266273,0.6398474575266273,6.231031950256495e-08,4.1705935840118636e-07,0.0003245099708344343,0.0010589031275991731,-0.00032457228115401193,-0.0010593201869575353,6.015042460560949e-06,0.36005762486850834,0.7198553570683046,0.35979773219979716,0.0,0.36005157082642647,-9.339482122783238e-06,1.268092155456543,1.076392650604248,0.5800204877649051,0.7394738703058685,0.6880716676916272,0.3369187802983973,0.014434407324793196,0.03226614539456684,0.5596769594922719,0.39014904326319455,0.9361343383789062,0.6114740371704102,0.2480626706872684,0.27455525687202886,0.6880716676916272,0.3369187802983973,0.014434407324793196,0.03226614539456684,0.5596769594922719,0.39014904326319455,0.2047573582042581,0.20474374239564241,0.9246127152725645,0.0,0.9246127152725645,0.9246107283769422,0.9246239776260392,0.0,0.21238826986535742,0.21236863901428116,0.5721860020651546,0.0,0.5721860020651546,0.5721900692116151,0.5721939789785901,0.0,b_to_a,0.2047573582042581,0.9246127152725627,0.21238826986535742,0.5721860020651546,fruit,1,-0.007630911661099304,-0.0076248966186387435,0.35242671320740904,0.0,0.35242671320740904,0.35242065916532717,0.35242999864744995,0.0,,,,,,,,,0.871399959610807,0.49193811603795023,0.2420030027849442,True,True,1.265984874414877e-08,0.0,9.339482122783238e-06,True,0.0,0.0,True,6.015042460560949e-06,True,1.3615808615696778e-05,1.9630851076257727e-05,True,True,4,calendar,date-lex-1,-1.7763568394002505e-15,True,1.0,True,3,3,-0.007630911661099304,0.35242671320740815,0.0,8.881784197001252e-16,True,True,True,1.0,ok,True,True,True,True,True,True,43.75102233886719,False,calendar,1,0.834785132040942,1.0,0.0,1.0,0.0,1.0,True,True,True,True,True,True,True,True,date,0
2.7422027462236176e-07,3.0228372956856065e-07,2.76244833619021e-07,0.001371393313144303,0.001490823051548412,0.0012717387478196986,0.9986283324665811,0.9985088746647219,0.9987279850073467,61,0.00372314453125,True,True,True,-8.51740609249135,calendar,0.5922967479535194,0.5922967479535194,32.83285140991211,32.83285140991211,0.6957216794801294,0.6957216794801294,2.806345494619889e-08,2.024558996659231e-09,0.00011942973840410901,-9.965456532460442e-05,-0.00011945780185917965,9.965254076560459e-05,-4.1810223542881886e-05,0.0688647667739346,-0.09007852737637201,-0.15894329415030395,0.0,0.06886724905547936,2.4685739873575585e-05,0.14863824844360352,0.19258856773376465,0.11171093334925075,0.11906766554833581,0.03692731509434921,0.0735209021854466,0.03861983141934689,0.0046852548239051895,0.3512312176909857,0.316827203070197,-0.21865558624267578,0.05621147155761719,-0.2555829013370321,-0.017309430627815203,0.03692731509434921,0.0735209021854466,0.03861983141934689,0.0046852548239051895,0.3512312176909857,0.316827203070197,0.09743437280654987,0.09740833542107197,0.007355845430179642,0.0,0.007355845430179642,0.007362192828864522,0.007331897060733894,0.0,0.08350111111687131,0.08351688395493717,-0.07544218303343175,0.0,-0.07544218303343175,-0.07543831791629163,-0.07544392794455046,0.0,b_to_a,0.09743437280655165,0.007355845430179642,0.08350111111687131,-0.07544218303343264,fruit,1,0.013933261689677678,0.013891451466134797,0.08279802846361228,0.0,0.08279802846361228,0.08280051074515704,0.08277582500528347,0.0,,,,,,,,,0.8220007941746825,0.5700003549423933,0.32490016689251366,True,True,1.0584095805561655e-08,0.0,2.4685739873575585e-05,True,0.0,0.0,True,4.1810223542881886e-05,True,2.6037385477906128e-05,1.5772838065863937e-05,True,True,8,calendar,date-lex-1,-1.7763568394002505e-15,True,1.0,True,3,3,0.013933261689680343,0.08279802846361228,-2.6645352591003757e-15,0.0,True,True,True,1.0,ok,True,True,True,True,True,True,47.192508697509766,False,calendar,1,0.7978087933949458,1.0,1.0,1.0,1.0,1.0,True,True,True,True,True,True,True,True,date,0
2.7422027462236176e-07,2.7345464871740475e-07,2.696194860549306e-07,0.001371393313144303,0.0013235853291152268,0.0012723284626077397,0.9986283324665811,0.998676141216236,0.9987274019179062,171,0.01043701171875,True,True,True,-8.51740609249135,calendar,0.5319936630648571,0.5319936264272903,35.9006233215332,35.9006233215332,0.7736607066889096,0.7736607066889096,-7.656259049570154e-10,-4.600788567431158e-09,-4.780798402907629e-05,-9.906485053656332e-05,4.780874965493176e-05,9.906945132509559e-05,2.6218409665546005e-06,0.02537142020577754,-0.014124135816709682,-0.039495556022485445,0.0,0.025374239594388115,-1.3632365895688281e-05,0.2089087963104248,-0.15235137939453125,0.17062931677800464,-0.1445360894800416,0.03827947953243083,-0.007815289914482548,0.012225776984358169,0.01110352344804667,0.24031136661274072,0.18885892868822754,-0.060957908630371094,0.02110004425048828,-0.09923738816279126,0.02891533416497616,0.03827947953243083,-0.007815289914482548,0.012225776984358169,0.01110352344804667,0.24031136661274072,0.18885892868822754,-0.00279591550052416,-0.0028196367800248368,-0.016920051317232065,0.0,-0.016920051317232065,-0.016901344161428966,-0.016896274433850778,0.0,-0.03548302699583239,-0.03550937011630051,-0.07497858301831783,0.0,-0.07497858301831783,-0.0749626952511262,-0.0749712578894437,0.0,b_to_a,-0.002795915500525936,-0.016920051317235618,-0.03548302699583239,-0.07497858301831783,fruit,1,0.03268711149530823,0.032689733336274784,0.05805853170108577,0.0,0.05805853170108577,0.058061351089696345,0.05807498345559203,0.0,,,,,,,,,0.8985387325920536,0.438894879546615,0.19262865699713402,True,True,7.646235239640234e-09,0.0,1.3632365895688281e-05,True,0.0,0.0,True,2.6218409665546005e-06,True,2.372127950067693e-05,2.6343120468119707e-05,True,True,12,calendar,date-lex-1,-1.7763568394002505e-15,True,1.0,True,3,3,0.03268711149530645,0.05805853170108222,1.7763568394002505e-15,3.552713678800501e-15,True,True,True,1.0,ok,True,True,True,True,True,True,46.4035758972168,False,calendar,1,0.8992575872031658,1.0,1.0,1.0,1.0,1.0,True,True,True,True,True,True,True,True,date,0
0.00018776212478970405,0.0001530263467511867,0.00018363560809140953,0.004020248008484626,0.0032352103237798793,0.006357246846141386,0.9957919898667257,0.996611763329469,0.9934591175457672,78,0.0047607421875,True,True,True,-3.0639230053647317,fruit,0.47371831837250955,0.4737183556101801,24.264301300048828,24.264299392700195,0.5699852251233122,0.5699851803183732,-3.473577803851736e-05,-4.126516698294523e-06,-0.0007850376847047466,0.0023369988376567598,0.0008197734627433118,-0.002332872320958468,-7.50037687957672e-06,-0.49315816120581335,0.18234329567900964,0.675501456884823,0.0,-0.49319201929878353,3.098522623368183e-06,0.10073471069335938,0.3387565612792969,-0.1274446740060835,0.22535879209975818,0.22817938469947308,0.11339776917952804,0.014280893595600757,0.021339142984908615,0.36281452891959787,0.31189439039894723,-0.046700477600097656,0.20713520050048828,-0.27487986229954053,0.09373743132094958,0.22817938469947308,0.11339776917952804,0.014280893595600757,0.021339142984908615,0.36281452891959787,0.31189439039894723,-0.2045657604425557,-0.2045759940164693,-0.022222464763546057,0.0,-0.022222464763546057,-0.022251031272590538,-0.022249799367601852,0.0,-0.2172496534625834,-0.21725238665961744,0.4582518034222396,0.0,0.4582518034222396,0.4582570950061653,0.45826142543377735,0.0,a_to_b,-0.2045657604425557,-0.022222464763546057,-0.2172496534625834,0.4582518034222396,calendar,1,0.012683893020027703,0.012676392643148127,-0.48047426818578565,0.0,-0.48047426818578565,-0.48050812627875583,-0.4805112248013792,0.0,,,,,,,,,0.819139995713426,0.5761241301204675,0.3319190316463782,True,True,1.0815889586212693e-08,0.0,3.098522623368183e-06,True,0.0,0.0,True,7.50037687957672e-06,True,1.0233573913609462e-05,2.7331970340327416e-06,True,True,4,fruit,date-lex-2,8.881784197001252e-16,True,1.0,True,3,3,0.012683893020027703,-0.48047426818578565,0.0,0.0,True,True,True,1.0,ok,True,True,True,True,True,True,42.57005310058594,False,fruit,1,0.7652029794748542,1.0,0.0,1.0,0.0,1.0,True,True,True,True,True,True,True,True,date,0
0.00018776212478970405,0.00023404724399815957,0.00020836246004364895,0.004020248008484626,0.002717195808716256,0.003124349091498053,0.9957919898667257,0.9970487569472857,0.9966672884484583,56,0.00341796875,True,True,True,-3.0639230053647317,fruit,0.5767506176425564,0.5767505601061746,40.259708404541016,40.259708404541016,0.7639654908823681,0.7639654908823681,4.628511920845552e-05,2.0600335253944898e-05,-0.00130305219976837,-0.000895898916986573,0.001256767080559995,0.0008752985817326309,-2.7716094201934993e-05,-0.25586940784104684,-0.11624383290164175,0.13962557493940686,0.0,-0.25588084687233703,-1.1846209958754628e-05,0.3484764099121094,0.6595821380615234,0.34688658713385223,0.5247861233637963,0.001589822778232275,0.13479601469774494,0.022678216579348907,0.008556929542463544,0.6102444160769447,0.34518557061360644,-0.1556549072265625,-0.26346588134765625,-0.15724473000481964,-0.3982618960453834,0.001589822778232275,0.13479601469774494,0.022678216579348907,0.008556929542463544,0.6102444160769447,0.34518557061360644,0.22034712440893856,0.2203376681223972,0.10410329150729858,0.0,0.10410329150729858,0.1041002405447049,0.10411365118542903,0.0,-0.39174319854803663,-0.39172493874037606,-0.25211762360862977,0.0,-0.25211762360862977,-0.25210923553993325,-0.2521076711091679,0.0,a_to_b,0.22034712440894033,0.10410329150729858,-0.39174319854803663,-0.25211762360862977,calendar,1,0.6120903229569752,0.6120626068627733,0.35622091511592835,0.0,0.35622091511592835,0.35620947608463815,0.3562213222945969,0.0,,,,,,,,,0.7823720428886648,0.6239763862914486,0.38934646221000174,True,True,1.579255617766627e-08,0.0,1.1846209958754628e-05,True,0.0,0.0,True,2.7716094201934993e-05,True,9.456286541364989e-06,1.8259807660570004e-05,True,True,8,fruit,date-lex-2,8.881784197001252e-16,True,1.0,True,3,3,0.612090322956977,0.35622091511592835,-1.7763568394002505e-15,0.0,True,True,True,1.0,ok,True,True,True,True,True,True,52.698333740234375,False,fruit,1,0.744258818786451,1.0,1.0,1.0,1.0,1.0,True,True,True,True,True,True,True,True,date,0
0.00018776212478970405,0.0001862693030990249,0.00018115530531275992,0.004020248008484626,0.0030974754077917064,0.002978845469473658,0.9957919898667257,0.9967162552891092,0.9968399992252136,190,0.0115966796875,True,True,True,-3.0639230053647317,fruit,0.6331543263959467,0.6331543263959467,54.284847259521484,54.284847259521484,0.7675337386014303,0.7675337386014303,-1.49282169067914e-06,-6.606819476944132e-06,-0.0009227726006929195,-0.001041402539010968,0.0009242654223835522,0.0010480093584879224,7.461892881366339e-06,0.011212807091412813,-0.027838788927880387,-0.0390515960192932,0.0,0.01123204021265689,-3.199690210564654e-07,0.5922775268554688,0.3407764434814453,0.06669309626376574,-0.07270693622493596,0.525584430591735,0.4134833797063848,0.017332258233207415,0.02361112292782017,0.41050810073935956,0.30203908385307215,0.6536159515380859,0.348480224609375,0.12803152094638293,-0.06500315509700627,0.525584430591735,0.4134833797063848,0.017332258233207415,0.02361112292782017,0.41050810073935956,0.30203908385307215,-0.007982375308785095,-0.007960410604709978,-0.03582116423666548,0.0,-0.03582116423666548,-0.03581215442205554,-0.035803226792356924,0.0,-0.2607561992643408,-0.26074169645314704,-0.299807795283634,0.0,-0.299807795283634,-0.29981801859026813,-0.29980941092959057,0.0,a_to_b,-0.007982375308785095,-0.03582116423666548,-0.2607561992643408,-0.299807795283634,calendar,1,0.2527738239555557,0.25278128584843707,0.2639866310469685,0.0,0.2639866310469685,0.2640058641682126,0.26400618413723365,0.0,,,,,,,,,0.8641376391867679,0.5032966281770851,0.253307553635075,True,True,1.2687149360169951e-08,0.0,3.199690210564654e-07,True,0.0,0.0,True,7.461892881366339e-06,True,2.196470407511697e-05,1.4502811193750631e-05,True,True,12,fruit,date-lex-2,8.881784197001252e-16,True,1.0,True,3,3,0.2527738239555557,0.2639866310469685,0.0,0.0,True,True,True,1.0,ok,True,True,True,True,True,True,70.72633361816406,False,fruit,1,0.8577005497179866,1.0,1.0,1.0,1.0,1.0,True,True,True,True,True,True,True,True,date,0
7.721667224880012e-05,6.499849515649e-05,7.873732010565666e-05,0.019665061303294068,0.018446438938231415,0.015683456500076468,0.9802577220244572,0.9814885625666121,0.9842378061798178,70,0.0042724609375,True,True,True,-5.539983406755517,calendar,0.47371831837250955,0.4737183479171074,24.264301300048828,24.264301300048828,0.5699852251233122,0.5699852251233122,-1.221817709231012e-05,1.5206478568565395e-06,-0.0012186223650626528,-0.0039816048032176,0.0012308405421549429,0.003980084155360664,1.0320016335718663e-05,0.3540180417157748,0.19175313202114452,-0.16226490969463203,0.0,0.35401701296976906,-8.407205714711097e-06,-0.19809913635253906,0.05248737335205078,-0.44806172797499855,-0.042604250888352624,0.24996259162243106,0.09509162424041406,0.05474824273135956,0.02035694173071846,0.7439630523247854,0.6151770551809765,0.011480331420898438,-0.5440521240234375,-0.23848226020156194,-0.6391437482638427,0.24996259162243106,0.09509162424041406,0.05474824273135956,0.02035694173071846,0.7439630523247854,0.6151770551809765,-0.1722512772973417,-0.1722244224438576,0.01950185472380106,0.0,0.01950185472380106,0.019494657928662562,0.019502689436921017,0.0,-0.0639721828802946,-0.06395564804314624,-0.22623709257492663,0.0,-0.22623709257492663,-0.22624326062405942,-0.22624363632151567,0.0,b_to_a,-0.17225127729734346,0.01950185472380106,-0.0639721828802946,-0.22623709257492663,fruit,1,-0.10827909441704708,-0.10826877440071137,0.2457389472987277,0.0,0.2457389472987277,0.24573791855272198,0.2457463257584367,0.0,,,,,,,,,0.8689277818956712,0.4965127314766375,0.24652501077859706,True,True,1.3201207809308112e-08,0.0,8.407205714711097e-06,True,0.0,0.0,True,1.0320016335718663e-05,True,2.6854853484081787e-05,1.6534837148363124e-05,True,True,4,calendar,date-lex-2,8.881784197001252e-16,True,1.0,True,3,3,-0.10827909441704886,0.2457389472987277,1.7763568394002505e-15,0.0,True,True,True,1.0,ok,True,True,True,True,True,True,42.57005310058594,False,calendar,1,0.8294249475984998,1.0,0.0,1.0,0.0,1.0,True,True,True,True,True,True,True,True,date,0
7.721667224880012e-05,5.0937826065444486e-05,9.108894491987083e-05,0.019665061303294068,0.017688226786126048,0.023711406728597232,0.9802577220244572,0.9822608353878085,0.9761975043264829,70,0.0042724609375,True,True,True,-5.539983406755517,calendar,0.5767506176425564,0.5767506176425564,40.259708404541016,40.259708404541016,0.7639654908823681,0.7639654908823681,-2.627884618335564e-05,1.3872272671070705e-05,-0.0019768345171680204,0.004046345425303164,0.00200311336335135,-0.004060217697974267,-2.2475196269411413e-05,0.28817368961328427,0.581230653592657,0.29305696397937364,0.0,0.2881772294283005,2.0423481259967957e-05,-0.8852949142456055,-0.4133567810058594,-0.8204445295354876,-0.15955223318602307,-0.06485038471013738,-0.25380454781986117,0.11107284458009635,0.0895786181401999,0.7554204895955182,0.5854650893346469,-0.37546730041503906,-0.0593414306640625,-0.3106169157049221,0.1944631171557729,-0.06485038471013738,-0.25380454781986117,0.11107284458009635,0.0895786181401999,0.7554204895955182,0.5854650893346469,-0.4160096032209726,-0.41601412182136244,0.16522105037168622,0.0,0.16522105037168622,0.1652384302403309,0.16521969822592908,0.0,-0.10594425831879217,-0.10592630172291262,0.18711270566058236,0.0,0.18711270566058236,0.18712654571421083,0.18712823718106897,0.0,b_to_a,-0.4160096032209726,0.16522105037168444,-0.10594425831879217,0.18711270566058147,fruit,1,-0.3100653449021804,-0.3100878200984498,-0.02189165528889614,0.0,-0.02189165528889614,-0.02188811547387992,-0.02190853895513989,0.0,,,,,,,,,0.8150985736834065,0.5793287246597718,0.33562174096407665,True,True,1.7945574698002047e-08,0.0,2.0423481259967957e-05,True,0.0,0.0,True,2.2475196269411413e-05,True,4.518600389857852e-06,1.795659587955356e-05,True,True,8,calendar,date-lex-2,8.881784197001252e-16,True,1.0,True,3,3,-0.3100653449021804,-0.021891655288897027,0.0,8.881784197001252e-16,True,True,True,1.0,ok,True,True,True,True,True,True,52.698333740234375,False,calendar,1,0.8124005148785519,1.0,1.0,1.0,1.0,1.0,True,True,True,True,True,True,True,True,date,0
7.721667224880012e-05,0.00013809322844727465,0.00016206528360387685,0.019665061303294068,0.024427812494669146,0.026766280203374862,0.9802577220244572,0.9754340942768835,0.9730716545130212,188,0.011474609375,True,True,True,-5.539983406755517,calendar,0.6331543263959467,0.6331543263959467,54.284847259521484,54.284847259521484,0.7675337386014303,0.7675337386014303,6.087655619847453e-05,8.484861135507672e-05,0.004762751191375078,0.007101218900080794,-0.004823627747573611,-0.007186067511435912,-3.6015186948290534e-06,0.06864965928746347,0.16007021374269925,0.09142055445523578,0.0,0.06866217074837966,7.206022032413273e-06,0.2235088348388672,0.2108325958251953,0.508920199023791,0.5498801206123929,-0.2854113641849665,-0.33904752478722244,0.10050632016103514,0.3376302639435717,0.5531263130000004,0.6178648961267388,-0.26339149475097656,-0.2104511260986328,0.022019869433946404,0.12859639868856387,-0.2854113641849665,-0.33904752478722244,0.10050632016103514,0.3376302639435717,0.5531263130000004,0.6178648961267388,0.5813136300357034,0.5813150676717811,0.7413838437784026,0.0,0.7413838437784026,0.7413890859648316,0.7413836626732611,0.0,0.21687881623531258,0.21688385539008515,0.30829937069054836,0.0,0.30829937069054836,0.3082921014160611,0.30829388414652303,0.0,b_to_a,0.5813136300357034,0.7413838437784026,0.21687881623531213,0.3082993706905479,fruit,1,0.3644348138003908,0.36443121228169595,0.43308447308785425,0.0,0.43308447308785425,0.43309698454877044,0.433089778526738,0.0,,,,,,,,,0.8829920784685008,0.4697937412150372,0.22070607660620578,True,True,1.2764000264047322e-08,0.0,7.206022032413273e-06,True,0.0,0.0,True,3.6015186948290534e-06,True,1.4376360777390573e-06,5.039154772568111e-06,True,True,12,calendar,date-lex-2,8.881784197001252e-16,True,1.0,True,3,3,0.3644348138003912,0.4330844730878547,-4.440892098500626e-16,-4.440892098500626e-16,True,True,True,1.0,ok,True,True,True,True,True,True,70.72633361816406,False,calendar,1,0.8634721866806044,1.0,1.0,1.0,1.0,1.0,True,True,True,True,True,True,True,True,date,0
5.44940877569097e-05,0.00013966811504416413,8.626050816001368e-05,0.005302616738046393,0.007814508125414264,0.007799293395466291,0.9946428891741966,0.9920458237595415,0.9921144460963738,67,0.00408935546875,True,True,True,-4.57786348759818,fruit,0.5028670308374235,0.502867066474107,26.914480209350586,26.914478302001953,0.6671971263731952,0.6671970790909323,8.517402728725443e-05,3.176642040310398e-05,0.002511891387367871,0.0024966766574198987,-0.0025970654146550975,-0.0025284430778228506,5.862463421379971e-07,-0.4799482363959857,-0.4818971192152386,-0.0019488828192510965,0.0,-0.47994843260618936,2.4446114755605208e-05,1.8024396896362305,0.8069796562194824,0.9394705356274429,0.5264133298493299,0.8629691540087663,0.2805663263701703,0.09278295983354225,0.011036331096405368,0.7604155094739049,0.3095640472567333,1.3841791152954102,0.8389568328857422,0.5212099612866226,0.5583905065155896,0.8629691540087663,0.2805663263701703,0.09278295983354225,0.011036331096405368,0.7604155094739049,0.3095640472567333,0.9411767871848102,0.9411834978802833,0.4592796679695734,0.0,0.4592796679695734,0.4592641263099164,0.4592717151728589,0.0,0.3877815992103084,0.38778772365943937,0.3858327163910573,0.0,0.3858327163910573,0.38581737094160395,0.38584940591930206,0.0,a_to_b,0.9411767871848102,0.45927966796957165,0.3877815992103093,0.3858327163910582,calendar,1,0.5533951879745018,0.553395774220844,0.0734469515785161,0.0,0.0734469515785161,0.07344675536831247,0.07342230925355686,0.0,,,,,,,,,0.8698269600988353,0.4940066735769468,0.24404260800148536,True,True,1.2725083627993296e-08,0.0,2.4446114755605208e-05,True,0.0,0.0,True,5.862463421379971e-07,True,6.71069547308889e-06,6.124449130950893e-06,True,True,4,fruit,date-lex-3,0.0,True,1.0,True,3,3,0.5533951879745009,0.07344695157851344,8.881784197001252e-16,2.6645352591003757e-15,True,True,True,1.0,ok,True,True,True,True,True,True,40.339622497558594,False,fruit,1,0.8445024337783977,1.0,1.0,1.0,1.0,1.0,True,True,True,True,True,True,True,True,date,0
5.44940877569097e-05,8.97235277437851e-05,8.509117249794751e-05,0.005302616738046393,0.0038080509984387565,0.004809738500931518,0.9946428891741966,0.9961022254738174,0.9951051703265705,72,0.00439453125,True,True,True,-4.57786348759818,fruit,0.5488647562568109,0.5488648156459514,35.25481414794922,35.25481033325195,0.665739379138523,0.6657393071031358,3.5229439986875395e-05,3.0597084741037814e-05,-0.0014945657396076362,-0.000492878237114875,0.001459336299620806,0.0004622811523739001,-1.0832272128169507e-06,-0.2865349367319965,-0.053009729089488644,0.23352520764250428,0.0,-0.28654825276175977,3.321927837696137e-06,1.4473814964294434,1.178758144378662,0.569913975047994,0.34046286104771717,0.8774675213814831,0.8382952833309432,0.3201002896323984,0.118789595045831,0.6233673018253494,0.5872482742250459,0.9417753219604492,0.940312385559082,0.06430780057899987,0.10201710222813709,0.8774675213814831,0.8382952833309432,0.3201002896323984,0.118789595045831,0.6233673018253494,0.5872482742250459,0.4986408140993994,0.4986300183845831,0.4456310850099072,0.0,0.4456310850099072,0.44565403214083155,0.4456487983094348,0.0,-0.33108291358950925,-0.33109262607711276,-0.09755770594700497,0.0,-0.09755770594700497,-0.09752144278631736,-0.09752335468987638,0.0,a_to_b,0.49864081409939764,0.445631085009909,-0.33108291358950837,-0.09755770594700408,calendar,1,0.8297237276889087,0.8297226444616959,0.5431887909569122,0.0,0.5431887909569122,0.5431754749271489,0.5431721529993112,0.0,,,,,,,,,0.839263435950362,0.5441172473478258,0.2960636158905023,True,True,1.2964047767874378e-08,0.0,3.321927837696137e-06,True,0.0,0.0,True,1.0832272128169507e-06,True,1.079571481632513e-05,9.71248760350818e-06,True,True,8,fruit,date-lex-3,0.0,True,1.0,True,3,3,0.829723727688906,0.5431887909569131,2.6645352591003757e-15,-8.881784197001252e-16,True,True,True,1.0,ok,True,True,True,True,True,True,52.95587921142578,False,fruit,1,0.8186011959352786,1.0,1.0,1.0,1.0,1.0,True,True,True,True,True,True,True,True,date,0
5.44940877569097e-05,5.797884872588607e-05,7.560958230265541e-05,0.005302616738046393,0.001588250198455429,0.004155953054113559,0.9946428891741966,0.9983537709528186,0.9957684373635838,154,0.0093994140625,True,True,True,-4.57786348759818,fruit,0.6013399655738759,0.6013399655738759,46.384403228759766,46.384403228759766,0.7399276429042904,0.7399276429042904,3.4847609689763723e-06,2.1115494545745708e-05,-0.0037143665395909637,-0.001146663683932834,0.0037108817786219994,0.0011255481893871488,-2.0859503448988903e-06,-0.6964041128332337,0.2655047582928596,0.961908871126095,0.0,-0.6964140113479269,-1.0799808830341817e-05,1.6435790061950684,1.2879557609558105,0.0398922701772797,0.2399644975170876,1.6036867360178064,1.0479912634387176,0.8627347557546925,0.2646705105144142,0.7664722621167656,0.720534128402894,0.9622478485107422,1.0568180084228516,-0.6414388875070465,0.00882674498412861,1.6036867360178064,1.0479912634387176,0.8627347557546925,0.2646705105144142,0.7664722621167656,0.720534128402894,0.061986052635585764,0.061970649214723394,0.3274908109284471,0.0,0.3274908109284471,0.32749074773900055,0.3274858595231098,0.0,-1.205567516759344,-1.2055808342298615,-0.24365864563324902,0.0,-0.24365864563324902,-0.24364881030800234,-0.2436644983327234,0.0,a_to_b,0.061986052635585764,0.32749081092844534,-1.2055675167593431,-0.24365864563324813,calendar,1,1.2675535693949298,1.267551483444585,0.5711494565616961,0.0,0.5711494565616961,0.5711395580470029,0.5711503578558332,0.0,,,,,,,,,0.8964914513027877,0.44361749579635684,0.19679656635863818,True,True,1.1464682984001331e-08,0.0,1.0799808830341817e-05,True,0.0,0.0,True,2.0859503448988903e-06,True,1.54034208623699e-05,1.3317470517471008e-05,True,True,12,fruit,date-lex-3,0.0,True,1.0,True,3,3,1.267553569394929,0.5711494565616935,8.881784197001252e-16,2.6645352591003757e-15,True,True,True,1.0,ok,True,True,True,True,True,True,62.6877555847168,False,fruit,1,0.8742694583161503,1.0,1.0,1.0,1.0,1.0,True,True,True,True,True,True,True,True,date,0
1.24493696650897e-06,1.4190075437463328e-06,1.5476371778968663e-06,0.00010206563705123127,0.00012529393743959278,0.00010985964220827669,0.9998966894259822,0.9998732870550167,0.9998885927206138,63,0.00384521484375,True,True,True,-4.406531207503971,calendar,0.5028670308374235,0.5028670308374235,26.914480209350586,26.914480209350586,0.6671971263731952,0.6671971263731952,1.7407057723736282e-07,3.027002113878963e-07,2.3228300388361512e-05,7.794005157045418e-06,-2.3402370965541763e-05,-8.096705368387802e-06,1.7412452162801628e-05,0.21823055734591357,0.08677165208736959,-0.13145890525854398,0.0,0.218225651605243,-1.4502536357596796e-05,1.7617065906524658,0.32580065727233887,0.2822587251848425,0.29539619647486504,1.4794478654676162,0.030404460797438304,0.0026118053953304043,0.0007004085375655878,1.1798630875446199,0.12584248362494332,1.3438142836093903,0.20065152645111084,-0.13563358185823304,0.170247065653637,1.4794478654676162,0.030404460797438304,0.0026118053953304043,0.0007004085375655878,1.1798630875446199,0.12584248362494332,0.13087281508012438,0.13089049563899735,0.21764446716749397,0.0,0.21764446716749397,0.21765572488860307,0.21765662052548862,0.0,0.205046369541801,0.20504663764851117,0.07358746428325702,0.0,0.07358746428325702,0.0736036277450367,0.07359002084556465,0.0,b_to_a,0.13087281508012438,0.21764446716749397,0.20504636954179922,0.07358746428325524,fruit,1,-0.07417355446167662,-0.07415614200951381,0.14405700288423695,0.0,0.14405700288423695,0.14405209714356637,0.14406659967992397,0.0,,,,,,,,,0.8490811323637457,0.5301952800369705,0.28110720867852185,True,True,1.2628699309419144e-08,0.0,1.4502536357596796e-05,True,0.0,0.0,True,1.7412452162801628e-05,True,1.7680558872967822e-05,2.681067101661938e-07,True,True,4,calendar,date-lex-3,0.0,True,1.0,True,3,3,-0.07417355446167484,0.14405700288423873,-1.7763568394002505e-15,-1.7763568394002505e-15,True,True,True,1.0,ok,True,True,True,True,True,True,40.339622497558594,False,calendar,1,0.8038470359874026,1.0,0.0,1.0,0.0,1.0,True,True,True,True,True,True,True,True,date,0
1.24493696650897e-06,7.333207320457322e-07,9.66536655644418e-07,0.00010206563705123127,8.837540181419874e-05,8.532572386239505e-05,0.9998966894259822,0.9999108912774538,0.999913707739482,70,0.0042724609375,True,True,True,-4.406531207503971,calendar,0.5488647562568109,0.5488647562568109,35.25481414794922,35.25481414794922,0.665739379138523,0.665739379138523,-5.116162344632378e-07,-2.7840031086455194e-07,-1.369023523703253e-05,-1.6739913188836225e-05,1.4201851471606908e-05,1.701831349976146e-05,8.285071544378297e-06,0.3112537496977179,0.2761360571437006,-0.035117692554015534,0.0,0.3112655923369836,6.889234747120554e-06,-0.5234489440917969,-0.5125746726989746,-0.2854362627038203,-0.11466514807392159,-0.2380126813880441,-0.39790952462506723,0.004615983539856631,0.0018448177282844658,0.4434098245401349,0.4383200522491454,-0.5292624235153198,-0.4293476343154907,-0.2912497421273432,-0.0314381096904377,-0.2380126813880441,-0.39790952462506723,0.004615983539856631,0.0018448177282844658,0.4434098245401349,0.4383200522491454,-0.5292570113503814,-0.5292598569532672,-0.253120954206679,0.0,-0.253120954206679,-0.2531066208221411,-0.25312384745712535,0.0,-0.1440224359271518,-0.14403356660158195,-0.17914012848116734,0.0,-0.17914012848116734,-0.17913763773589508,-0.17914797513613223,0.0,b_to_a,-0.5292570113503796,-0.253120954206679,-0.1440224359271518,-0.17914012848116734,fruit,1,-0.3852345754232296,-0.3852262903516852,-0.07398082572551168,0.0,-0.07398082572551168,-0.073968983086246,-0.07397587232099312,0.0,,,,,,,,,0.8212228421487106,0.572304270038865,0.3275322338396536,True,True,1.4002491702040148e-08,0.0,6.889234747120554e-06,True,0.0,0.0,True,8.285071544378297e-06,True,2.845602885770404e-06,1.1130674430148702e-05,True,True,8,calendar,date-lex-3,0.0,True,1.0,True,3,3,-0.3852345754232278,-0.07398082572551168,-1.7763568394002505e-15,0.0,True,True,True,1.0,ok,True,True,True,True,True,True,52.95587921142578,False,calendar,1,0.777187170496486,1.0,1.0,1.0,1.0,1.0,True,True,True,True,True,True,True,True,date,0
1.24493696650897e-06,1.2678698170127348e-06,1.2706459533275725e-06,0.00010206563705123127,0.00012746127729473098,0.0001324838021142086,0.9998966894259822,0.9998712708528883,0.9998662455519325,171,0.01043701171875,True,True,True,-4.406531207503971,calendar,0.6013399655738759,0.6013399235926262,46.384403228759766,46.384403228759766,0.7399276429042904,0.7399276429042904,2.2932850503764768e-08,2.570898681860251e-08,2.5395640243499706e-05,3.041816506297733e-05,-2.541857309390494e-05,-3.0443874049712605e-05,7.883810649644829e-06,-0.03646056572208067,0.002187213058908455,0.038647778780990905,0.0,-0.03644933286752483,4.539798688085739e-07,0.39979052543640137,-0.2761874198913574,0.13861689254583887,0.12301555486046034,0.26117363289057494,-0.399202974751816,0.004541384974880724,0.001722953441208,0.43588829394997286,0.24085256810297256,0.25301992893218994,-0.3058861494064331,-0.00815370395837256,0.09331682534538466,0.26117363289057494,-0.399202974751816,0.004541384974880724,0.001722953441208,0.43588829394997286,0.24085256810297256,0.018253283448387947,0.018249470315646832,0.020440496507298178,0.0,0.020440496507298178,0.0204404303333785,0.020438367136097924,0.0,0.22219650414884384,0.22218480720545308,0.26084428292983475,0.0,0.26084428292983475,0.2608329839013592,0.26083137468394746,0.0,b_to_a,0.018253283448387947,0.020440496507296402,0.22219650414884384,0.26084428292983475,fruit,1,-0.2039432207004559,-0.20393533688980625,-0.24040378642253657,0.0,-0.24040378642253657,-0.24039255356798073,-0.24039300754784954,0.0,,,,,,,,,0.8993808879552903,0.43739077151501066,0.19131074069147294,True,True,1.2329506939387835e-08,0.0,4.539798688085739e-07,True,0.0,0.0,True,7.883810649644829e-06,True,3.813132741115055e-06,1.1696943390759884e-05,True,True,12,calendar,date-lex-3,0.0,True,1.0,True,3,3,-0.2039432207004559,-0.24040378642253835,0.0,1.7763568394002505e-15,True,True,True,1.0,ok,True,True,True,True,True,True,62.6877555847168,False,calendar,1,0.8853548544847611,1.0,1.0,1.0,1.0,1.0,True,True,True,True,True,True,True,True,date,0
